Sr. No.,sector,line_ministry,implementing_agency,project_code,project_name,original_cost_cr,revised_cost_cr,expenditure_cr,physical_progress_pct,original_end_date,revised_date,sanction_date,schedule_delay_days,is_schedule_delayed,cost_overrun_cr,cost_overrun_pct,expenditure_ratio,expenditure_pct_of_original,original_completion_year,revised_completion_year,sanction_year,source_authority,source_department,source_platform,source_dataset,source_reference_period,is_government_data,is_demo
1,Aviation & Aviation Infrastructure,Ministry of Civil Aviation,Airport Authority of India [AAI],706718,C/o NITB Imphal Airport,499,499.0,201.99,49,2024-07-13,2026-12-31,2021-11-01,901,1,0.0,0.0,0.4048,40.48,2024,2026,2021.0,Ministry of Statistics and Programme Implementation,Infrastructure and Project Monitoring Division,PAIMANA,Projects Report - Public Dashboard,March 2026,True,False
2,Aviation & Aviation Infrastructure,Ministry of Civil Aviation,Airport Authority of India [AAI],701121,Construction of New Domestic Terminal Building at Rajahmundry Airport.,347,,165.11,86,2025-08-13,2026-04-30,2022-12-30,260,1,,,0.4758,47.58,2025,2026,2022.0,Ministry of Statistics and Programme Implementation,Infrastructure and Project Monitoring Division,PAIMANA,Projects Report - Public Dashboard,March 2026,True,False
3,Aviation & Aviation Infrastructure,Ministry of Civil Aviation,Airport Authority of India [AAI],701101,"Construction of New Domestic Terminal Building [Phase-I and II] and other allied structures at JPNI Airport, Patna",1217,1216.9,1196.4,98,2026-05-31,2026-05-31,2018-10-04,0,0,-0.09999999999990905,-0.01,0.9831,98.31,2026,2026,2018.0,Ministry of Statistics and Programme Implementation,Infrastructure and Project Monitoring Division,PAIMANA,Projects Report - Public Dashboard,March 2026,True,False
4,Aviation & Aviation Infrastructure,Ministry of Civil Aviation,Airport Authority of India [AAI],612788,Construction of New Domestic Terminal Building and Miscellaneous Works at Belagavi Airport.,322,,198.0,82,2026-02-01,2026-04-30,2023-06-02,88,1,,,0.6149,61.49,2026,2026,2023.0,Ministry of Statistics and Programme Implementation,Infrastructure and Project Monitoring Division,PAIMANA,Projects Report - Public Dashboard,March 2026,True,False
5,Aviation & Aviation Infrastructure,Ministry of Civil Aviation,Airport Authority of India [AAI],612787,Construction of New Domestic Terminal Building and Miscellaneous works at Hubli Airport,320,,141.4,72,2026-01-21,2026-06-30,2023-06-02,160,1,,,0.4419,44.19,2026,2026,2023.0,Ministry of Statistics and Programme Implementation,Infrastructure and Project Monitoring Division,PAIMANA,Projects Report - Public Dashboard,March 2026,True,False
6,Aviation & Aviation Infrastructure,Ministry of Civil Aviation,Airport Authority of India [AAI],612786,"Construction of New Domestic Terminal Building Building and miscellaneous works including maintenance, operations and AICMC at Kadapa Airport",266,,120.19,60,2026-01-27,2026-05-31,2023-03-10,124,1,,,0.4518,45.18,2026,2026,2023.0,Ministry of Statistics and Programme Implementation,Infrastructure and Project Monitoring Division,PAIMANA,Projects Report - Public Dashboard,March 2026,True,False
7,Aviation & Aviation Infrastructure,Ministry of Civil Aviation,Airport Authority of India [AAI],701128,Construction of New Integrated Passenger Terminal Building at Udaipur Airport,887,887.0,523.61,65,2026-03-10,2026-09-26,2023-06-21,200,1,0.0,0.0,0.5903,59.03,2026,2026,2023.0,Ministry of Statistics and Programme Implementation,Infrastructure and Project Monitoring Division,PAIMANA,Projects Report - Public Dashboard,March 2026,True,False
8,Aviation & Aviation Infrastructure,Ministry of Civil Aviation,Airport Authority of India [AAI],701107,Construction of New Integrated Terminal Building and associated works including apron to park 3 code E type of aircraft or 6 code C type of aircraft at Vijayawada Airport.,612,611.8,523.14,87,2022-09-04,2026-07-31,2020-06-17,1426,1,-0.20000000000004547,-0.03,0.8548,85.48,2022,2026,2020.0,Ministry of Statistics and Programme Implementation,Infrastructure and Project Monitoring Division,PAIMANA,Projects Report - Public Dashboard,March 2026,True,False
9,Aviation & Aviation Infrastructure,Ministry of Civil Aviation,Airport Authority of India [AAI],701127,Construction of New Passenger Terminal Building for Domestic Operations at Jodhpur Airport.,480,480.0,339.22,97,2026-03-31,2026-04-30,2022-06-01,30,1,0.0,0.0,0.7067,70.67,2026,2026,2022.0,Ministry of Statistics and Programme Implementation,Infrastructure and Project Monitoring Division,PAIMANA,Projects Report - Public Dashboard,March 2026,True,False
10,Aviation & Aviation Infrastructure,Ministry of Civil Aviation,Airport Authority of India [AAI],611047,"Construction of NTB complex including apron, taxi track and other associated civil works and electrical & mechanical installations towards Tawi River side at CA Jammu.",861,861.37,316.6,48,2026-06-21,2026-11-30,2023-10-10,162,1,0.37000000000000455,0.04,0.3677,36.77,2026,2026,2023.0,Ministry of Statistics and Programme Implementation,Infrastructure and Project Monitoring Division,PAIMANA,Projects Report - Public Dashboard,March 2026,True,False
11,Aviation & Aviation Infrastructure,Ministry of Civil Aviation,Airport Authority of India [AAI],400010,"Construction of Terminal Building & Associated works at Leh Airport, Ladakh",480,640.0,501.81,79,2021-09-14,2026-07-31,2018-07-27,1781,1,160.0,33.33,1.0454,104.54,2021,2026,2018.0,Ministry of Statistics and Programme Implementation,Infrastructure and Project Monitoring Division,PAIMANA,Projects Report - Public Dashboard,March 2026,True,False
12,Aviation & Aviation Infrastructure,Ministry of Civil Aviation,Airport Authority of India [AAI],612789,"Development of additional RESA on either end on Runway 10-28 at Calicut Airport. Construction of embankment with slope protection, drainage system and associated works for additional RESA on either end on Runway 10-28",485,,204.6,55,2025-09-28,2026-12-31,2023-06-07,459,1,,,0.4219,42.19,2025,2026,2023.0,Ministry of Statistics and Programme Implementation,Infrastructure and Project Monitoring Division,PAIMANA,Projects Report - Public Dashboard,March 2026,True,False
13,Aviation & Aviation Infrastructure,Ministry of Civil Aviation,Airport Authority of India [AAI],701126,"Development of Dholera International Greenfield Airport , Gujarat",1305,1551.0,874.24,81,2026-06-30,2026-06-30,2022-06-14,0,0,246.0,18.85,0.6699,66.99,2026,2026,2022.0,Ministry of Statistics and Programme Implementation,Infrastructure and Project Monitoring Division,PAIMANA,Projects Report - Public Dashboard,March 2026,True,False
15,Aviation & Aviation Infrastructure,Ministry of Civil Aviation,Airport Authority of India [AAI],701113,"Development of Lal Bahadur Shastri International airport, Varanasi including C/o New Terminal Building, Apron Extension, Runway Extension, PTT and allied works.",2870,,544.48,25,2027-07-20,2027-07-20,2024-07-04,0,0,,,0.1897,18.97,2027,2027,2024.0,Ministry of Statistics and Programme Implementation,Infrastructure and Project Monitoring Division,PAIMANA,Projects Report - Public Dashboard,March 2026,True,False
17,Aviation & Aviation Infrastructure,Ministry of Civil Aviation,Airport Authority of India [AAI],611495,Development of New Civil Enclave at Bagdogra Airport,1549,1549.0,437.74,22,2027-03-07,2027-01-03,2024-08-29,0,0,0.0,0.0,0.2826,28.26,2027,2027,2024.0,Ministry of Statistics and Programme Implementation,Infrastructure and Project Monitoring Division,PAIMANA,Projects Report - Public Dashboard,March 2026,True,False
20,Aviation & Aviation Infrastructure,Ministry of Civil Aviation,Airport Authority of India [AAI],701122,Development of New Integrated Civil Enclave at Agra Airport,579,,193.18,38,2026-07-04,2026-11-30,2024-06-18,149,1,,,0.3336,33.36,2026,2026,2024.0,Ministry of Statistics and Programme Implementation,Infrastructure and Project Monitoring Division,PAIMANA,Projects Report - Public Dashboard,March 2026,True,False
21,Aviation & Aviation Infrastructure,Ministry of Civil Aviation,Airport Authority of India [AAI],701105,Goa Airport Terminal Building Extension Project,256,255.69,156.7,100,2021-12-09,2026-04-30,2017-11-09,1603,1,-0.3100000000000023,-0.12,0.6121,61.21,2021,2026,2017.0,Ministry of Statistics and Programme Implementation,Infrastructure and Project Monitoring Division,PAIMANA,Projects Report - Public Dashboard,March 2026,True,False
22,Aviation & Aviation Infrastructure,Ministry of Civil Aviation,Adani Airport Holdings Limited,706724,Guwahati Airport New Integrated Terminal Building Construction Project,1712,2520.0,2602.19,97,2025-03-31,2026-06-30,2016-12-01,456,1,808.0,47.2,1.52,152.0,2025,2026,2016.0,Ministry of Statistics and Programme Implementation,Infrastructure and Project Monitoring Division,PAIMANA,Projects Report - Public Dashboard,March 2026,True,False
23,Aviation & Aviation Infrastructure,Ministry of Civil Aviation,Airport Authority of India [AAI],611602,"Modernization of Chennai Airport, Phase II, Part 2",1207,,268.02,35,2025-07-31,2026-12-31,2018-05-14,518,1,,,0.2221,22.21,2025,2026,2018.0,Ministry of Statistics and Programme Implementation,Infrastructure and Project Monitoring Division,PAIMANA,Projects Report - Public Dashboard,March 2026,True,False
24,Aviation & Aviation Infrastructure,Ministry of Civil Aviation,Airport Authority of India [AAI],612791,"Re-Construction of Rigid portions of Secondary Runway, K and A Taxiway and Strengthening of C Taxiway at NSCBI Airport Kolkata.",328,,130.5,58,2025-10-02,2026-08-31,2023-03-04,333,1,,,0.3979,39.79,2025,2026,2023.0,Ministry of Statistics and Programme Implementation,Infrastructure and Project Monitoring Division,PAIMANA,Projects Report - Public Dashboard,March 2026,True,False
25,Aviation & Aviation Infrastructure,Ministry of Civil Aviation,Airport Authority of India [AAI],611570,"SITC of ATM Automation System and ASMGCS [Including SMR & MLAT] for Mumbai, Navi Mumbai, Jewar [earlier MOPA, without ASMGCS], HIAL & BIAL",500,,380.97,78,2025-09-11,2026-08-31,2020-12-18,354,1,,,0.7619,76.19,2025,2026,2020.0,Ministry of Statistics and Programme Implementation,Infrastructure and Project Monitoring Division,PAIMANA,Projects Report - Public Dashboard,March 2026,True,False
27,Coal,Ministry of Coal,South Eastern Coalfields Limited [SECL],613800,JAGANNATHPUR OC RCE PROJECT,459,,275.97,96,2025-03-31,2027-03-31,2016-07-25,730,1,,,0.6012,60.12,2025,2027,2016.0,Ministry of Statistics and Programme Implementation,Infrastructure and Project Monitoring Division,PAIMANA,Projects Report - Public Dashboard,March 2026,True,False
28,Coal,Ministry of Coal,Ministry of Coal,611016,2.0 MTPA BHOJUDIH NLW WASHERY,385,,360.66,98,2020-09-30,2026-04-30,2015-12-08,2038,1,,,0.9368,93.68,2020,2026,2015.0,Ministry of Statistics and Programme Implementation,Infrastructure and Project Monitoring Division,PAIMANA,Projects Report - Public Dashboard,March 2026,True,False
29,Coal,Ministry of Coal,Ministry of Coal,611017,2.5 MTPA PATHERDIH NLW WASHERY,334,,161.5,51,2018-04-30,2026-12-31,2015-10-31,3167,1,,,0.4835,48.35,2018,2026,2015.0,Ministry of Statistics and Programme Implementation,Infrastructure and Project Monitoring Division,PAIMANA,Projects Report - Public Dashboard,March 2026,True,False
30,Coal,Ministry of Coal,Western Coalfields Limited [WCL],616223,ADASA UG TO OC MINE,316,,209.24,86,2024-03-31,2026-03-31,2018-11-16,730,1,,,0.6622,66.22,2024,2026,2018.0,Ministry of Statistics and Programme Implementation,Infrastructure and Project Monitoring Division,PAIMANA,Projects Report - Public Dashboard,March 2026,True,False
31,Coal,Ministry of Coal,Ministry of Coal,400148,AMADAND OCP[4.0MTY],869,,325.4,75,2021-03-31,2027-03-31,2016-03-05,2191,1,,,0.3745,37.45,2021,2027,2016.0,Ministry of Statistics and Programme Implementation,Infrastructure and Project Monitoring Division,PAIMANA,Projects Report - Public Dashboard,March 2026,True,False
35,Coal,Ministry of Coal,Western Coalfields Limited [WCL],616050,AMALGAMATED INDER-KAMPTEE DEEP,236,,127.21,99,2024-03-31,2026-03-31,2018-09-22,730,1,,,0.539,53.9,2024,2026,2018.0,Ministry of Statistics and Programme Implementation,Infrastructure and Project Monitoring Division,PAIMANA,Projects Report - Public Dashboard,March 2026,True,False
36,Coal,Ministry of Coal,Western Coalfields Limited [WCL],400177,AMALGAMATED YEKONA I & YEKONA,727,,544.08,81,2025-03-31,2026-03-31,2015-08-12,365,1,,,0.7484,74.84,2025,2026,2015.0,Ministry of Statistics and Programme Implementation,Infrastructure and Project Monitoring Division,PAIMANA,Projects Report - Public Dashboard,March 2026,True,False
44,Coal,Ministry of Coal,MCL - CIL,615193,BASUNDHARA WEST EXTENSION OPEN,479,,281.62,67,2019-03-31,2029-03-31,2014-05-07,3653,1,,,0.5879,58.79,2019,2029,2014.0,Ministry of Statistics and Programme Implementation,Infrastructure and Project Monitoring Division,PAIMANA,Projects Report - Public Dashboard,March 2026,True,False
48,Coal,Ministry of Coal,Northern Coalfields Limited [NCL],400369,BINA KAKRI AMALGAMATION EXPANS,836,,835.34,90,2024-03-31,2027-03-31,2020-08-25,1095,1,,,0.9992,99.92,2024,2027,2020.0,Ministry of Statistics and Programme Implementation,Infrastructure and Project Monitoring Division,PAIMANA,Projects Report - Public Dashboard,March 2026,True,False
49,Coal,Ministry of Coal,Northern Coalfields Limited [NCL],400162,BLOCK B EXPANSION [3.5 TO 8.0,999,,517.68,50,2023-03-31,2027-03-31,2019-07-22,1461,1,,,0.5182,51.82,2023,2027,2019.0,Ministry of Statistics and Programme Implementation,Infrastructure and Project Monitoring Division,PAIMANA,Projects Report - Public Dashboard,March 2026,True,False
51,Coal,Ministry of Coal,Eastern Coal Fields Limited [ECL],400180,BONJEMEHARI EXPANSION OCP,570,570.11,88.17,17,2026-03-31,2030-03-31,2021-08-10,1461,1,0.11000000000001364,0.02,0.1547,15.47,2026,2030,2021.0,Ministry of Statistics and Programme Implementation,Infrastructure and Project Monitoring Division,PAIMANA,Projects Report - Public Dashboard,March 2026,True,False
53,Coal,Ministry of Coal,Eastern Coal Fields Limited [ECL],400172,CHITRA EAST OC,514,,234.28,53,2026-03-31,2028-03-31,2018-08-11,731,1,,,0.4558,45.58,2026,2028,2018.0,Ministry of Statistics and Programme Implementation,Infrastructure and Project Monitoring Division,PAIMANA,Projects Report - Public Dashboard,March 2026,True,False
65,Coal,Ministry of Coal,South Eastern Coalfields Limited [SECL],400424,GEVRA OC [70 MTY],11816,,6905.46,78,2023-03-31,2027-03-31,2016-03-05,1461,1,,,0.5844,58.44,2023,2027,2016.0,Ministry of Statistics and Programme Implementation,Infrastructure and Project Monitoring Division,PAIMANA,Projects Report - Public Dashboard,March 2026,True,False
67,Coal,Ministry of Coal,Singareni Collieries Company Limited [SCCL],615860,Godavarikhani Coal Mine - 5,607,,197.43,71,2025-03-31,2026-03-31,2019-07-01,365,1,,,0.3253,32.53,2025,2026,2019.0,Ministry of Statistics and Programme Implementation,Infrastructure and Project Monitoring Division,PAIMANA,Projects Report - Public Dashboard,March 2026,True,False
73,Coal,Ministry of Coal,Singareni Collieries Company Limited [SCCL],615861,Indaram Opencast Project,425,,405.76,81,2025-03-31,2026-03-31,2017-08-01,365,1,,,0.9547,95.47,2025,2026,2017.0,Ministry of Statistics and Programme Implementation,Infrastructure and Project Monitoring Division,PAIMANA,Projects Report - Public Dashboard,March 2026,True,False
78,Coal,Ministry of Coal,Singareni Collieries Company Limited [SCCL],615818,Jawahar Khani Open Cast Mine,298,,47.48,20,2025-03-31,2027-03-31,2021-12-01,730,1,,,0.1593,15.93,2025,2027,2021.0,Ministry of Statistics and Programme Implementation,Infrastructure and Project Monitoring Division,PAIMANA,Projects Report - Public Dashboard,March 2026,True,False
83,Coal,Ministry of Coal,Singareni Collieries Company Limited [SCCL],615865,Kakatiyakhani OC - 2 Project,442,,234.21,63,2025-03-31,2026-03-31,2017-08-19,365,1,,,0.5299,52.99,2025,2026,2017.0,Ministry of Statistics and Programme Implementation,Infrastructure and Project Monitoring Division,PAIMANA,Projects Report - Public Dashboard,March 2026,True,False
85,Coal,Ministry of Coal,South Eastern Coalfields Limited [SECL],613802,KANCHAN OC EXP,371,,148.08,58,2026-03-31,2028-03-31,2014-12-17,731,1,,,0.3991,39.91,2026,2028,2014.0,Ministry of Statistics and Programme Implementation,Infrastructure and Project Monitoring Division,PAIMANA,Projects Report - Public Dashboard,March 2026,True,False
88,Coal,Ministry of Coal,Northern Coalfields Limited [NCL],615183,KHADIA EXPANSION [10 TO 16 MTP,492,,276.75,56,2025-03-31,2027-03-31,2021-06-25,730,1,,,0.5625,56.25,2025,2027,2021.0,Ministry of Statistics and Programme Implementation,Infrastructure and Project Monitoring Division,PAIMANA,Projects Report - Public Dashboard,March 2026,True,False
95,Coal,Ministry of Coal,South Eastern Coalfields Limited [SECL],613801,MAHAMAYA OCP [1.50 MTY],410,,187.54,55,2026-03-31,2028-03-31,2018-05-24,731,1,,,0.4574,45.74,2026,2028,2018.0,Ministry of Statistics and Programme Implementation,Infrastructure and Project Monitoring Division,PAIMANA,Projects Report - Public Dashboard,March 2026,True,False
98,Coal,Ministry of Coal,Bharat Coking Coal Limited [BCCL],400313,Master Plan for Jharia and Raniganj Coalfields,2662,,799.12,44,2019-08-11,2028-12-31,2009-08-12,3430,1,,,0.3002,30.02,2019,2028,2009.0,Ministry of Statistics and Programme Implementation,Infrastructure and Project Monitoring Division,PAIMANA,Projects Report - Public Dashboard,March 2026,True,False
99,Coal,Ministry of Coal,Eastern Coal Fields Limited [ECL],400173,MOHANPUR EXPANSION OC -PHASE I,889,,139.57,32,2026-03-31,2030-03-31,2020-11-11,1461,1,,,0.157,15.7,2026,2030,2020.0,Ministry of Statistics and Programme Implementation,Infrastructure and Project Monitoring Division,PAIMANA,Projects Report - Public Dashboard,March 2026,True,False
100,Coal,Ministry of Coal,Ministry of Coal,400425,MOONIDIH XV SEAM UG,1230,,657.71,82,2019-03-31,2026-08-31,2011-08-12,2710,1,,,0.5347,53.47,2019,2026,2011.0,Ministry of Statistics and Programme Implementation,Infrastructure and Project Monitoring Division,PAIMANA,Projects Report - Public Dashboard,March 2026,True,False
101,Coal,Ministry of Coal,Ministry of Coal,613808,MURAIDIH UG PROJECT,340,,191.0,70,2014-04-30,2026-12-31,2011-02-14,4628,1,,,0.5618,56.18,2014,2026,2011.0,Ministry of Statistics and Programme Implementation,Infrastructure and Project Monitoring Division,PAIMANA,Projects Report - Public Dashboard,March 2026,True,False
106,Coal,Ministry of Coal,Northern Coalfields Limited [NCL],400321,NIGAHI EXPANSION [15 TO 25 MTP,1730,,920.75,49,2025-03-31,2028-03-31,2020-11-11,1096,1,,,0.5322,53.22,2025,2028,2020.0,Ministry of Statistics and Programme Implementation,Infrastructure and Project Monitoring Division,PAIMANA,Projects Report - Public Dashboard,March 2026,True,False
107,Coal,Ministry of Coal,Western Coalfields Limited [WCL],615982,NILJAI EXPANSION DEEP OCP,320,,194.87,80,2022-03-31,2026-03-31,2016-08-27,1461,1,,,0.609,60.9,2022,2026,2016.0,Ministry of Statistics and Programme Implementation,Infrastructure and Project Monitoring Division,PAIMANA,Projects Report - Public Dashboard,March 2026,True,False
114,Coal,Ministry of Coal,Ministry of Coal,400160,RAJRAPPA RCE OCP,511,,488.71,77,2016-03-31,2027-03-31,2009-12-23,4017,1,,,0.9564,95.64,2016,2027,2009.0,Ministry of Statistics and Programme Implementation,Infrastructure and Project Monitoring Division,PAIMANA,Projects Report - Public Dashboard,March 2026,True,False
127,Coal,Ministry of Coal,Eastern Coal Fields Limited [ECL],613793,SHYAMSUNDARPUR UG INCLUDING SA,484,,69.92,17,2026-03-31,2028-03-31,2020-04-16,731,1,,,0.1445,14.45,2026,2028,2020.0,Ministry of Statistics and Programme Implementation,Infrastructure and Project Monitoring Division,PAIMANA,Projects Report - Public Dashboard,March 2026,True,False
129,Coal,Ministry of Coal,ECL - CIL,400182,SIDULI [OC & UG],535,535.17,5.71,15,2027-03-31,2030-03-31,2018-05-22,1096,1,0.16999999999995907,0.03,0.0107,1.07,2027,2030,2018.0,Ministry of Statistics and Programme Implementation,Infrastructure and Project Monitoring Division,PAIMANA,Projects Report - Public Dashboard,March 2026,True,False
136,Coal,Ministry of Coal,Ministry of Coal,615843,TETARIAKHAR OC,244,,50.82,30,2025-03-31,2027-03-31,2019-11-04,730,1,,,0.2083,20.83,2025,2027,2019.0,Ministry of Statistics and Programme Implementation,Infrastructure and Project Monitoring Division,PAIMANA,Projects Report - Public Dashboard,March 2026,True,False
140,Coal,Ministry of Coal,Western Coalfields Limited [WCL],616044,UKNI DEEP OC MINE -COST PLUS,237,,166.09,93,2021-03-31,2026-03-31,2018-11-16,1826,1,,,0.7008,70.08,2021,2026,2018.0,Ministry of Statistics and Programme Implementation,Infrastructure and Project Monitoring Division,PAIMANA,Projects Report - Public Dashboard,March 2026,True,False
144,Coal,Ministry of Power,National Thermal Power Corporation [NTPC],603293,Badam Coal Mining project of NTPC,502,784.0,406.86,60,2056-12-31,2027-04-01,2019-02-01,0,0,282.0,56.18,0.8105,81.05,2056,2027,2019.0,Ministry of Statistics and Programme Implementation,Infrastructure and Project Monitoring Division,PAIMANA,Projects Report - Public Dashboard,March 2026,True,False
145,Coal,Ministry of Power,Damodar Valley Corporation,400192,Tubed Coal Mine,1581,,600.47,36,2026-05-31,2026-05-31,2016-07-10,0,0,,,0.3798,37.98,2026,2026,2016.0,Ministry of Statistics and Programme Implementation,Infrastructure and Project Monitoring Division,PAIMANA,Projects Report - Public Dashboard,March 2026,True,False
149,Education,Department of Higher Education,NIT Patna,606013,Additional Campus of NITPatna,499,,449.39,98,2024-07-31,2026-01-31,2022-07-22,549,1,,,0.9006,90.06,2024,2026,2022.0,Ministry of Statistics and Programme Implementation,Infrastructure and Project Monitoring Division,PAIMANA,Projects Report - Public Dashboard,March 2026,True,False
150,Education,Department of Higher Education,Banaras Hindu University,606479,Banaras Hindu University [ Kayakalp of Institute of Medical Sciences],246,,207.02,99,2022-09-30,2026-03-31,2020-06-22,1278,1,,,0.8415,84.15,2022,2026,2020.0,Ministry of Statistics and Programme Implementation,Infrastructure and Project Monitoring Division,PAIMANA,Projects Report - Public Dashboard,March 2026,True,False
152,Education,Department of Higher Education,"National Institute of Technology, Meghalaya",612885,Construction and Developement of National Institute of Technology Meghalaya Permanent Campus at Sohra,495,429.7,367.48,94,2022-03-31,2026-10-31,2009-09-17,1675,1,-65.30000000000001,-13.19,0.7424,74.24,2022,2026,2009.0,Ministry of Statistics and Programme Implementation,Infrastructure and Project Monitoring Division,PAIMANA,Projects Report - Public Dashboard,March 2026,True,False
154,Education,Department of Higher Education,"Indian Institute of Management, Jammu",602098,"Construction of Permanent Campus for IIM Jammu Phase-1 at Jagti, Nagrota, Jammu, J&K",425,500.91,484.52,96,2023-06-30,2025-11-30,2019-03-01,884,1,75.91000000000003,17.86,1.14,114.0,2023,2025,2019.0,Ministry of Statistics and Programme Implementation,Infrastructure and Project Monitoring Division,PAIMANA,Projects Report - Public Dashboard,March 2026,True,False
155,Education,Department of Higher Education,INDIAN INSTITUTE OF TECHNOLOGY PALAKKAD,606431,CONSTRUCTION OF PERMANENT CAMPUS FOR IIT PALAKKAD UNDER PHASE 1A,1006,1217.4,672.46,85,2022-06-07,2026-06-30,2017-07-01,1484,1,211.4000000000001,21.01,0.6684,66.84,2022,2026,2017.0,Ministry of Statistics and Programme Implementation,Infrastructure and Project Monitoring Division,PAIMANA,Projects Report - Public Dashboard,March 2026,True,False
156,Education,Department of Higher Education,NIT Mizoram,612876,"Construction of Permanent Campus for NIT Mizoram at Lengpui, Aizawl",474,474.23,167.55,4,2029-12-31,2022-03-31,2009-09-17,0,0,0.2300000000000182,0.05,0.3535,35.35,2029,2022,2009.0,Ministry of Statistics and Programme Implementation,Infrastructure and Project Monitoring Division,PAIMANA,Projects Report - Public Dashboard,March 2026,True,False
158,Education,Department of Higher Education,Central University of Gujarat,612916,"Construction of permanent campus of Central University of Gujarat at Village kundhela, Dist. Vadodara, Gujarat.",491,,329.53,84,2025-03-31,2026-03-31,2020-12-28,365,1,,,0.6711,67.11,2025,2026,2020.0,Ministry of Statistics and Programme Implementation,Infrastructure and Project Monitoring Division,PAIMANA,Projects Report - Public Dashboard,March 2026,True,False
159,Education,Department of Higher Education,"Central University, Himachal Pradesh",612894,"Construction of Permanent Campus of Central University of Himachal Pradesh at Dehra, District - Kangra, [H.P.] on Engineering. Procurement and Construction [EPC Mode 1] Basis.",252,300.45,223.21,85,2024-11-18,2026-03-25,2021-03-10,492,1,48.44999999999999,19.23,0.8858,88.58,2024,2026,2021.0,Ministry of Statistics and Programme Implementation,Infrastructure and Project Monitoring Division,PAIMANA,Projects Report - Public Dashboard,March 2026,True,False
160,Education,Department of Higher Education,"Indian intitue of Management, Amritsar",605292,"Construction of Permanent Campus of Indian Institute of Management [IIM] Amritsar, Punjab, Phase-I",348,,292.88,92,2023-06-30,2026-09-30,2019-10-01,1188,1,,,0.8416,84.16,2023,2026,2019.0,Ministry of Statistics and Programme Implementation,Infrastructure and Project Monitoring Division,PAIMANA,Projects Report - Public Dashboard,March 2026,True,False
161,Education,Department of Higher Education,"National Institute of Technology, Arunachal Pradesh",612898,Construction of Permanent Campus of National Institute of Technology Arunachal Pradesh,593,,551.3,80,2026-08-31,2024-08-31,2009-09-17,0,0,,,0.9297,92.97,2026,2024,2009.0,Ministry of Statistics and Programme Implementation,Infrastructure and Project Monitoring Division,PAIMANA,Projects Report - Public Dashboard,March 2026,True,False
162,Education,Department of Higher Education,"Indian Institute of Technology, Hyderabad",609996,Construction of Precast housing and hostels at IIT Hyderabad,262,,210.23,86,2024-10-23,2026-01-01,2022-09-29,435,1,,,0.8024,80.24,2024,2026,2022.0,Ministry of Statistics and Programme Implementation,Infrastructure and Project Monitoring Division,PAIMANA,Projects Report - Public Dashboard,March 2026,True,False
163,Education,Department of Higher Education,Sikkim University,609736,"Construction of Sikkim University Campus Phase-I Package-II at Yangang, South Sikkim",314,,292.0,93,2025-01-04,2026-03-31,2020-08-01,451,1,,,0.9299,92.99,2025,2026,2020.0,Ministry of Statistics and Programme Implementation,Infrastructure and Project Monitoring Division,PAIMANA,Projects Report - Public Dashboard,March 2026,True,False
166,Education,Department of Higher Education,"National Institute of Technology, Puducherry",612877,Establishment of NIT Puducherry Permanent Campus [Phase-I and Phase-II],618,544.34,543.74,98,2024-12-31,2026-05-31,2009-09-17,516,1,-73.65999999999997,-11.92,0.8798,87.98,2024,2026,2009.0,Ministry of Statistics and Programme Implementation,Infrastructure and Project Monitoring Division,PAIMANA,Projects Report - Public Dashboard,March 2026,True,False
167,Education,Department of Higher Education,NIT Sikkim,612883,Establishment of Permanent Campus of NIT SIkkim at Khamdong-Gangtok District,686,610.76,283.56,34,2028-02-12,2026-12-31,2024-02-12,0,0,-75.24000000000001,-10.97,0.4134,41.34,2028,2026,2024.0,Ministry of Statistics and Programme Implementation,Infrastructure and Project Monitoring Division,PAIMANA,Projects Report - Public Dashboard,March 2026,True,False
168,Education,Department of Higher Education,"Indian Institute of Management, Sirmaur",602099,Establishment of Permanent campus Phase 1 of IIM Sirmaur,393,454.78,335.33,97,2023-10-31,2026-04-30,2018-09-17,912,1,61.77999999999997,15.72,0.8533,85.33,2023,2026,2018.0,Ministry of Statistics and Programme Implementation,Infrastructure and Project Monitoring Division,PAIMANA,Projects Report - Public Dashboard,March 2026,True,False
169,Education,Department of Higher Education,"Indian Institute of Technology, Kharagpur",609019,"HEFA projects on development of student hostels, playgrounds, departmental buildings, class room complex and other campus facilities in IIT Kharagpur",500,442.0,411.4,96,2023-03-31,2026-03-31,2018-06-25,1096,1,-58.0,-11.6,0.8228,82.28,2023,2026,2018.0,Ministry of Statistics and Programme Implementation,Infrastructure and Project Monitoring Division,PAIMANA,Projects Report - Public Dashboard,March 2026,True,False
170,Education,Department of Higher Education,"Indian Institute of Technology, Mandi",612128,Hostel blocks & dining hall block,167,,122.26,81,2026-03-26,2026-07-31,2023-03-28,127,1,,,0.7321,73.21,2026,2026,2023.0,Ministry of Statistics and Programme Implementation,Infrastructure and Project Monitoring Division,PAIMANA,Projects Report - Public Dashboard,March 2026,True,False
171,Education,Department of Higher Education,"Indian Institutes of Science Education and Research, Behrampur",610315,IISER BERHAMPUR,1229,843.09,874.09,98,2021-03-31,2026-06-30,2018-10-24,1917,1,-385.90999999999997,-31.4,0.7112,71.12,2021,2026,2018.0,Ministry of Statistics and Programme Implementation,Infrastructure and Project Monitoring Division,PAIMANA,Projects Report - Public Dashboard,March 2026,True,False
172,Education,Department of Higher Education,National Institute of Technology Delhi,612851,"Phase 1B - Construction of Academic Block, Hostel, Residential Tower, Directors Residence and External Development works at National Institute of Technology, Delhi Campus on Engineering, Procurement and Construction basis",333,336.42,321.76,100,2025-09-30,2026-01-31,2009-09-17,123,1,3.420000000000016,1.03,0.9662,96.62,2025,2026,2009.0,Ministry of Statistics and Programme Implementation,Infrastructure and Project Monitoring Division,PAIMANA,Projects Report - Public Dashboard,March 2026,True,False
176,Education,Department of Higher Education,Tezpur University,606112,Tezpur University Projects,154,,137.84,98,2023-11-08,2025-12-31,2019-05-29,784,1,,,0.8951,89.51,2023,2025,2019.0,Ministry of Statistics and Programme Implementation,Infrastructure and Project Monitoring Division,PAIMANA,Projects Report - Public Dashboard,March 2026,True,False
177,Education,Department of Sports,Department of Sports & Youth Affairs,400081,"National Sports University [NSU], Imphal [Manipur]",906,611.74,571.72,96,2024-08-26,2026-08-08,,712,1,-294.26,-32.48,0.631,63.1,2024,2026,,Ministry of Statistics and Programme Implementation,Infrastructure and Project Monitoring Division,PAIMANA,Projects Report - Public Dashboard,March 2026,True,False
180,Electricity Generation,Ministry of Coal,NLC India Limited [NLCIL],612819,300 MW SPP part of 510 MW CPSU scheme,1813,1813.0,1753.07,100,2024-09-27,2025-12-31,2022-07-21,460,1,0.0,0.0,0.9669,96.69,2024,2025,2022.0,Ministry of Statistics and Programme Implementation,Infrastructure and Project Monitoring Division,PAIMANA,Projects Report - Public Dashboard,March 2026,True,False
181,Electricity Generation,Ministry of Coal,NLC India Limited [NLCIL],615327,50 MW Solar PP Minedout Area,218,,169.95,100,2025-03-31,2025-12-31,2023-08-05,275,1,,,0.7796,77.96,2025,2025,2023.0,Ministry of Statistics and Programme Implementation,Infrastructure and Project Monitoring Division,PAIMANA,Projects Report - Public Dashboard,March 2026,True,False
182,Electricity Generation,Ministry of Coal,NLC India Limited [NLCIL],617299,50 MW Wind Power Project,384,,328.56,51,2025-06-30,2026-01-31,2022-07-21,215,1,,,0.8556,85.56,2025,2026,2022.0,Ministry of Statistics and Programme Implementation,Infrastructure and Project Monitoring Division,PAIMANA,Projects Report - Public Dashboard,March 2026,True,False
184,Electricity Generation,Ministry of Coal,NLC India Limited [NLCIL],400259,Ghatampur Thermal Power Plant 3 X 660 MW,17238,21780.9,21129.1,95,2020-11-26,2026-03-25,2016-07-27,1945,1,4542.9000000000015,26.35,1.2257,122.57,2020,2026,2016.0,Ministry of Statistics and Programme Implementation,Infrastructure and Project Monitoring Division,PAIMANA,Projects Report - Public Dashboard,March 2026,True,False
188,Electricity Generation,Ministry of Power,Satluj Jal Vidyut Nigam [SJVN] Thermal Limited,709747,Bagodara Solar Power Project,339,,370.0,52,2025-12-31,2025-12-31,2021-03-26,0,0,,,1.0914,109.14,2025,2025,2021.0,Ministry of Statistics and Programme Implementation,Infrastructure and Project Monitoring Division,PAIMANA,Projects Report - Public Dashboard,March 2026,True,False
189,Electricity Generation,Ministry of Power,Satluj Jal Vidyut Nigam [SJVN] Thermal Limited,602579,Buxar Thermal Power Project [1320 MW],10439,13756.6,13253.0,94,2024-01-08,2026-05-30,2019-03-08,873,1,3317.6000000000004,31.78,1.2696,126.96,2024,2026,2019.0,Ministry of Statistics and Programme Implementation,Infrastructure and Project Monitoring Division,PAIMANA,Projects Report - Public Dashboard,March 2026,True,False
190,Electricity Generation,Ministry of Power,Satluj Jal Vidyut Nigam [SJVN] Thermal Limited,602582,Dhaulasidh Hydro Electric Project [66 MW],688,1561.21,1091.0,76,2025-11-05,2027-03-31,2020-10-01,511,1,873.21,126.92,1.5858,158.58,2025,2027,2020.0,Ministry of Statistics and Programme Implementation,Infrastructure and Project Monitoring Division,PAIMANA,Projects Report - Public Dashboard,March 2026,True,False
191,Electricity Generation,Ministry of Power,National Hydroelectric Power Corporation Limited [NHPC],602182,Dibang Multipurpose Project,31876,,4540.83,17,2032-02-26,2032-02-26,2023-02-27,0,0,,,0.1425,14.25,2032,2032,2023.0,Ministry of Statistics and Programme Implementation,Infrastructure and Project Monitoring Division,PAIMANA,Projects Report - Public Dashboard,March 2026,True,False
193,Electricity Generation,Ministry of Power,Damodar Valley Corporation,602538,Installation of FGD for 4x210 & 2x250 MW MTPS U 1-6,1037,1106.0,1129.14,96,2024-01-22,2026-05-31,2019-06-25,860,1,69.0,6.65,1.0889,108.89,2024,2026,2019.0,Ministry of Statistics and Programme Implementation,Infrastructure and Project Monitoring Division,PAIMANA,Projects Report - Public Dashboard,March 2026,True,False
194,Electricity Generation,Ministry of Power,National Hydroelectric Power Corporation Limited [NHPC],602532,Kiru HE Project,4288,5409.0,3681.19,82,2023-09-07,2026-12-31,2019-03-08,1211,1,1121.0,26.14,0.8585,85.85,2023,2026,2019.0,Ministry of Statistics and Programme Implementation,Infrastructure and Project Monitoring Division,PAIMANA,Projects Report - Public Dashboard,March 2026,True,False
196,Electricity Generation,Ministry of Power,National Hydroelectric Power Corporation Limited [NHPC],605155,Kwar HE Project,4526,,1516.68,33,2026-11-10,2028-03-31,2022-05-10,507,1,,,0.3351,33.51,2026,2028,2022.0,Ministry of Statistics and Programme Implementation,Infrastructure and Project Monitoring Division,PAIMANA,Projects Report - Public Dashboard,March 2026,True,False
197,Electricity Generation,Ministry of Power,National Thermal Power Corporation [NTPC],611930,Lara Super Thermal Power Project Stage-II [2 x 800 MW],15530,16106.0,4606.12,27,2028-06-30,2028-09-30,2023-08-29,92,1,576.0,3.71,0.2966,29.66,2028,2028,2023.0,Ministry of Statistics and Programme Implementation,Infrastructure and Project Monitoring Division,PAIMANA,Projects Report - Public Dashboard,March 2026,True,False
198,Electricity Generation,Ministry of Power,Satluj Jal Vidyut Nigam [SJVN] Thermal Limited,602593,Luhri Stage-I Hydro Electric Project [210 MW],1811,4681.64,1916.37,51,2026-01-19,2030-02-28,2020-11-20,1501,1,2870.6400000000003,158.51,1.0582,105.82,2026,2030,2020.0,Ministry of Statistics and Programme Implementation,Infrastructure and Project Monitoring Division,PAIMANA,Projects Report - Public Dashboard,March 2026,True,False
200,Electricity Generation,Ministry of Power,National Hydroelectric Power Corporation Limited [NHPC],602525,"Pakal Dul [Drangdhuran] Hydroelectric Project, 1000 MW",8112,12728.0,8871.22,80,2020-04-27,2026-12-31,2014-10-28,2439,1,4616.0,56.9,1.0936,109.36,2020,2026,2014.0,Ministry of Statistics and Programme Implementation,Infrastructure and Project Monitoring Division,PAIMANA,Projects Report - Public Dashboard,March 2026,True,False
201,Electricity Generation,Ministry of Power,National Thermal Power Corporation [NTPC],400261,Patratu Thermal Power Station Expansion Project Phase-I [3x800 MW],18668,20302.0,18630.0,89,2023-03-31,2027-02-28,2017-11-07,1430,1,1634.0,8.75,0.998,99.8,2023,2027,2017.0,Ministry of Statistics and Programme Implementation,Infrastructure and Project Monitoring Division,PAIMANA,Projects Report - Public Dashboard,March 2026,True,False
203,Electricity Generation,Ministry of Power,National Thermal Power Corporation [NTPC],602184,Rammam-III HEPP [3x40 MW],1382,2865.56,1550.11,55,2019-09-30,2029-03-31,2014-09-10,3470,1,1483.56,107.35,1.1216,112.16,2019,2029,2014.0,Ministry of Statistics and Programme Implementation,Infrastructure and Project Monitoring Division,PAIMANA,Projects Report - Public Dashboard,March 2026,True,False
204,Electricity Generation,Ministry of Power,National Hydroelectric Power Corporation Limited [NHPC],605156,Rangit-IV HE Project [120 MW] executed by Jal Power Corporation Ltd. [JPCL] - A wholly owned subsidiary of NHPC Ltd. acquired through NCLT,938,1828.11,1620.15,96,2024-05-29,2025-12-28,2021-03-30,578,1,890.1099999999999,94.89,1.7272,172.72,2024,2025,2021.0,Ministry of Statistics and Programme Implementation,Infrastructure and Project Monitoring Division,PAIMANA,Projects Report - Public Dashboard,March 2026,True,False
205,Electricity Generation,Ministry of Power,National Hydroelectric Power Corporation Limited [NHPC],602535,"Ratle HE Project - 850 MW, Ratle Hydroelectric Power Corporation Limited.",5282,,1526.09,29,2026-02-10,2028-11-28,2021-02-11,1022,1,,,0.2889,28.89,2026,2028,2021.0,Ministry of Statistics and Programme Implementation,Infrastructure and Project Monitoring Division,PAIMANA,Projects Report - Public Dashboard,March 2026,True,False
208,Electricity Generation,Ministry of Power,National Hydroelectric Power Corporation Limited [NHPC],602096,Subansiri Lower HE Project [2000 MW],6285,26075.5,26119.3,98,2010-09-08,2026-05-31,2003-09-09,5744,1,19790.5,314.88,4.1558,415.58,2010,2026,2003.0,Ministry of Statistics and Programme Implementation,Infrastructure and Project Monitoring Division,PAIMANA,Projects Report - Public Dashboard,March 2026,True,False
209,Electricity Generation,Ministry of Power,Satluj Jal Vidyut Nigam [SJVN] Thermal Limited,611586,Sunni Dam Hydro Electric Project [382 MW],2615,4925.87,1075.31,34,2028-04-03,2029-12-31,2023-01-12,637,1,2310.87,88.37,0.4112,41.12,2028,2029,2023.0,Ministry of Statistics and Programme Implementation,Infrastructure and Project Monitoring Division,PAIMANA,Projects Report - Public Dashboard,March 2026,True,False
210,Electricity Generation,Ministry of Power,National Thermal Power Corporation [NTPC],602961,Talcher Thermal Power Station Stage III [2 x 660 MW] Expansion,11844,12543.0,6222.91,48,2027-05-31,2028-03-31,2022-08-25,305,1,699.0,5.9,0.5254,52.54,2027,2028,2022.0,Ministry of Statistics and Programme Implementation,Infrastructure and Project Monitoring Division,PAIMANA,Projects Report - Public Dashboard,March 2026,True,False
211,Electricity Generation,Ministry of Power,National Thermal Power Corporation [NTPC],602185,Tapovan-Vishnugad HEP [4x130 MW],2978,10907.3,7608.82,77,2013-03-31,2029-04-30,2006-11-16,5874,1,7929.299999999999,266.26,2.555,255.5,2013,2029,2006.0,Ministry of Statistics and Programme Implementation,Infrastructure and Project Monitoring Division,PAIMANA,Projects Report - Public Dashboard,March 2026,True,False
212,Electricity Generation,Ministry of Power,National Hydroelectric Power Corporation Limited [NHPC],602181,"TEESTA-VI HE PROJECT, SIKKIM [500 MW], executed by LANCO TEESTA HYDRO POWER LIMITED [A wholly owned Subsidiary of NHPC LTD. acquired through NCLT]",5748,5748.04,4298.28,72,2024-03-07,2027-12-31,2019-03-08,1394,1,0.03999999999996362,0.0,0.7478,74.78,2024,2027,2019.0,Ministry of Statistics and Programme Implementation,Infrastructure and Project Monitoring Division,PAIMANA,Projects Report - Public Dashboard,March 2026,True,False
213,Electricity Generation,Ministry of Power,THDC India Limited,602195,Vishnugad Pipalkoti Hydro Electric Project [444 MW],3860,6405.08,5366.01,79,2022-12-15,2027-09-30,2008-08-21,1750,1,2545.08,65.93,1.3902,139.02,2022,2027,2008.0,Ministry of Statistics and Programme Implementation,Infrastructure and Project Monitoring Division,PAIMANA,Projects Report - Public Dashboard,March 2026,True,False
214,Energy Storage,Ministry of Petroleum & Natural Gas,Ministry of Petroleum & Natural Gas,604833,"Andheri Residential Towers, Mumbai",281,389.67,265.21,79,2025-05-31,2026-06-30,2017-06-27,395,1,108.67000000000002,38.67,0.9438,94.38,2025,2026,2017.0,Ministry of Statistics and Programme Implementation,Infrastructure and Project Monitoring Division,PAIMANA,Projects Report - Public Dashboard,March 2026,True,False
215,Energy Storage,Ministry of Petroleum & Natural Gas,Ministry of Petroleum & Natural Gas,617839,Capacity Augmentation of Kandla LPG Import Terminal [KLIT] from 0.6 MMTPA to 2.5 MMTPA,357,304.4,63.42,65,2026-07-31,2026-07-31,2023-05-29,0,0,-52.60000000000002,-14.73,0.1776,17.76,2026,2026,2023.0,Ministry of Statistics and Programme Implementation,Infrastructure and Project Monitoring Division,PAIMANA,Projects Report - Public Dashboard,March 2026,True,False
216,Energy Storage,Ministry of Petroleum & Natural Gas,Hindustan Petroleum Corporation Limited,709754,"Construction of LPG Facilities at Kamardanga, Assam",156,156.36,95.86,71,2027-07-04,2027-07-04,2023-03-30,0,0,0.36000000000001364,0.23,0.6145,61.45,2027,2027,2023.0,Ministry of Statistics and Programme Implementation,Infrastructure and Project Monitoring Division,PAIMANA,Projects Report - Public Dashboard,March 2026,True,False
217,Energy Storage,Ministry of Petroleum & Natural Gas,Indian Oil Corporation Limited [IOCL],400035,"Grass Root Rail-fed Depot at Sekerkote, Agartala as resitement of existing Dharmanagar Depot",656,656.0,537.17,97,2025-09-30,2026-06-30,2022-06-28,273,1,0.0,0.0,0.8189,81.89,2025,2026,2022.0,Ministry of Statistics and Programme Implementation,Infrastructure and Project Monitoring Division,PAIMANA,Projects Report - Public Dashboard,March 2026,True,False
218,Energy Storage,Ministry of Petroleum & Natural Gas,Ministry of Petroleum & Natural Gas,604852,"Grass-root Terminal at Mirzapur, Uttar Pradesh",980,980.45,289.03,75,2026-11-30,2026-11-30,2022-09-29,0,0,0.4500000000000455,0.05,0.2949,29.49,2026,2026,2022.0,Ministry of Statistics and Programme Implementation,Infrastructure and Project Monitoring Division,PAIMANA,Projects Report - Public Dashboard,March 2026,True,False
219,Energy Storage,Ministry of Petroleum & Natural Gas,Ministry of Petroleum & Natural Gas,400012,Kandla Gorakhpur LPG Pipeline,10088,10088.0,8213.84,95,2021-12-30,2026-06-30,2018-12-31,1643,1,0.0,0.0,0.8142,81.42,2021,2026,2018.0,Ministry of Statistics and Programme Implementation,Infrastructure and Project Monitoring Division,PAIMANA,Projects Report - Public Dashboard,March 2026,True,False
220,Energy Storage,Ministry of Petroleum & Natural Gas,Ministry of Petroleum & Natural Gas,400043,Laying of POL Pipelines in Common Corridor for proposed grass root terminal at Vallur [Chennai],829,829.0,350.21,75,2026-05-31,2026-05-31,2022-01-31,0,0,0.0,0.0,0.4224,42.24,2026,2026,2022.0,Ministry of Statistics and Programme Implementation,Infrastructure and Project Monitoring Division,PAIMANA,Projects Report - Public Dashboard,March 2026,True,False
221,Energy Storage,Ministry of Petroleum & Natural Gas,Ministry of Petroleum & Natural Gas,617829,LPG Bottling Plant at Mualkhang,226,225.71,19.82,31,2028-10-10,2027-11-03,2024-07-04,0,0,-0.28999999999999204,-0.13,0.0877,8.77,2028,2027,2024.0,Ministry of Statistics and Programme Implementation,Infrastructure and Project Monitoring Division,PAIMANA,Projects Report - Public Dashboard,March 2026,True,False
222,Energy Storage,Ministry of Petroleum & Natural Gas,"Department of Water Resources, River Development & GR",400301,Multi Product Pipeline from Irugur to Devangonthi,678,1732.0,1087.93,82,2017-02-25,2026-09-30,2012-11-09,3504,1,1054.0,155.46,1.6046,160.46,2017,2026,2012.0,Ministry of Statistics and Programme Implementation,Infrastructure and Project Monitoring Division,PAIMANA,Projects Report - Public Dashboard,March 2026,True,False
223,Energy Storage,Ministry of Petroleum & Natural Gas,Ministry of Petroleum & Natural Gas,400078,New Mundra Panipat Crude Oil Pipeline,9028,9028.0,7132.48,91,2024-12-19,2026-06-30,2021-12-20,558,1,0.0,0.0,0.79,79.0,2024,2026,2021.0,Ministry of Statistics and Programme Implementation,Infrastructure and Project Monitoring Division,PAIMANA,Projects Report - Public Dashboard,March 2026,True,False
224,Energy Storage,Ministry of Petroleum & Natural Gas,Ministry of Petroleum & Natural Gas,701349,Paradip-Numaligarh Crude Oil Pipeline [PNCPL] & Crude Oil Import Terminal [COIT] at Paradip,10228,11407.0,10771.2,92,2024-07-27,2026-10-31,2019-01-28,826,1,1179.0,11.53,1.0531,105.31,2024,2026,2019.0,Ministry of Statistics and Programme Implementation,Infrastructure and Project Monitoring Division,PAIMANA,Projects Report - Public Dashboard,March 2026,True,False
225,Energy Storage,Ministry of Petroleum & Natural Gas,Hindustan Petroleum Corporation Limited [HPCL],709759,"Petrochemical evacuation marketing terminal at Barmer, Rajasthan",461,461.05,216.91,86,2026-12-06,2026-12-06,2023-12-07,0,0,0.05000000000001137,0.01,0.4705,47.05,2026,2026,2023.0,Ministry of Statistics and Programme Implementation,Infrastructure and Project Monitoring Division,PAIMANA,Projects Report - Public Dashboard,March 2026,True,False
226,Energy Storage,Ministry of Petroleum & Natural Gas,MinistryofPetroleumNaturalGas,701263,Rajasthan Refinery Project,43129,79459.0,68837.7,92,2022-10-31,2026-06-30,2017-10-09,1338,1,36330.0,84.24,1.5961,159.61,2022,2026,2017.0,Ministry of Statistics and Programme Implementation,Infrastructure and Project Monitoring Division,PAIMANA,Projects Report - Public Dashboard,March 2026,True,False
227,Energy Storage,Ministry of Petroleum & Natural Gas,Hindustan Petroleum Corporation Limited [HPCL],709755,"Setting up of new rail fed POL facility at Kamardanga, Assam",384,384.04,212.07,80,2027-07-04,2027-07-04,2023-03-29,0,0,0.040000000000020464,0.01,0.5523,55.23,2027,2027,2023.0,Ministry of Statistics and Programme Implementation,Infrastructure and Project Monitoring Division,PAIMANA,Projects Report - Public Dashboard,March 2026,True,False
228,Energy Storage,Ministry of Petroleum & Natural Gas,Ministry of Petroleum & Natural Gas,701343,Srikakulam Angul Gas Pipeline Project,2658,2810.0,2310.2,97,2022-07-22,2026-06-30,2019-09-12,1439,1,152.0,5.72,0.8691,86.91,2022,2026,2019.0,Ministry of Statistics and Programme Implementation,Infrastructure and Project Monitoring Division,PAIMANA,Projects Report - Public Dashboard,March 2026,True,False
229,Healthcare,Ministry of Health & Family Welfare,PMSSY AND Institute of NATIONAL Importance,701171,AIIMS Bibinagar,1028,1365.95,989.98,87,2026-06-30,2026-06-30,2018-12-17,0,0,337.95000000000005,32.87,0.963,96.3,2026,2026,2018.0,Ministry of Statistics and Programme Implementation,Infrastructure and Project Monitoring Division,PAIMANA,Projects Report - Public Dashboard,March 2026,True,False
231,Healthcare,Ministry of Health & Family Welfare,PMSSY AND Institute of NATIONAL Importance,701167,AIIMS Kashmir at Awantipora Jammu & Kashmir,1828,2160.84,1545.05,75,2025-12-02,2026-12-31,2019-01-10,394,1,332.84000000000015,18.21,0.8452,84.52,2025,2026,2019.0,Ministry of Statistics and Programme Implementation,Infrastructure and Project Monitoring Division,PAIMANA,Projects Report - Public Dashboard,March 2026,True,False
232,Healthcare,Ministry of Health & Family Welfare,PMSSY AND Institute of NATIONAL Importance,701173,AIIMS Majra Rewari Haryana,1299,1646.43,651.42,57,2026-12-31,2026-12-31,2019-02-28,0,0,347.43000000000006,26.75,0.5015,50.15,2026,2026,2019.0,Ministry of Statistics and Programme Implementation,Infrastructure and Project Monitoring Division,PAIMANA,Projects Report - Public Dashboard,March 2026,True,False
233,Healthcare,Ministry of Health & Family Welfare,PMSSY AND Institute of NATIONAL Importance,701170,AIIMS Rajkot,1195,,775.6,94,2026-03-31,2026-03-31,2019-01-10,0,0,,,0.649,64.9,2026,2026,2019.0,Ministry of Statistics and Programme Implementation,Infrastructure and Project Monitoring Division,PAIMANA,Projects Report - Public Dashboard,March 2026,True,False
234,Healthcare,Ministry of Health & Family Welfare,PMSSY AND Institute of NATIONAL Importance,701168,ALL India Institute of Medical Sciences-AIIMS Madurai,1264,2021.51,485.02,48,2022-08-31,2026-10-31,2018-12-17,1522,1,757.51,59.93,0.3837,38.37,2022,2026,2018.0,Ministry of Statistics and Programme Implementation,Infrastructure and Project Monitoring Division,PAIMANA,Projects Report - Public Dashboard,March 2026,True,False
252,Healthcare,Ministry of Labour and Employment,Employee's State Insurance Company [ESIC],612186,350 Bedded [Upgradable to 500 beds] ESI Hospital at Sanand,558,,55.81,20,2026-03-04,2027-05-08,2022-06-18,430,1,,,0.1,10.0,2026,2027,2022.0,Ministry of Statistics and Programme Implementation,Infrastructure and Project Monitoring Division,PAIMANA,Projects Report - Public Dashboard,March 2026,True,False
255,Healthcare,Ministry of Labour and Employment,Employee's State Insurance Company [ESIC],612178,"Construction of 100 Bedded ESIC Hospital building and 32 Nos Residential Quarters at Vallam Vadangal, SIPCOT, Sriperumbudur",153,177.01,127.22,100,2025-06-12,2026-03-31,2015-02-18,292,1,24.00999999999999,15.69,0.8315,83.15,2025,2026,2015.0,Ministry of Statistics and Programme Implementation,Infrastructure and Project Monitoring Division,PAIMANA,Projects Report - Public Dashboard,March 2026,True,False
256,Healthcare,Ministry of Labour and Employment,Employee's State Insurance Company [ESIC],612745,"Construction of 200 bed ESI Hospital at Bommasandra, Karnataka",278,,68.23,23,2027-01-12,2027-05-28,2015-02-18,136,1,,,0.2454,24.54,2027,2027,2015.0,Ministry of Statistics and Programme Implementation,Infrastructure and Project Monitoring Division,PAIMANA,Projects Report - Public Dashboard,March 2026,True,False
257,Healthcare,Ministry of Labour and Employment,Employee's State Insurance Company [ESIC],612188,"Construction of 200 Bedded [Upgradable to 500 Bedded including 50 beds of SST] ESIC Hospital at Bibewadi, Pune",429,,323.98,74,2025-09-19,2026-08-31,2018-05-24,346,1,,,0.7552,75.52,2025,2026,2018.0,Ministry of Statistics and Programme Implementation,Infrastructure and Project Monitoring Division,PAIMANA,Projects Report - Public Dashboard,March 2026,True,False
258,Healthcare,Ministry of Labour and Employment,Employee's State Insurance Company [ESIC],612213,"Construction of 200 Bedded ESIC Hospital at Butibori, Nagpur, Maharashtra.",195,196.7,114.39,66,2025-08-31,2026-09-30,2013-10-28,395,1,1.6999999999999886,0.87,0.5866,58.66,2025,2026,2013.0,Ministry of Statistics and Programme Implementation,Infrastructure and Project Monitoring Division,PAIMANA,Projects Report - Public Dashboard,March 2026,True,False
259,Healthcare,Ministry of Labour and Employment,Employee's State Insurance Company [ESIC],612201,"Construction of 200 bedded ESIC Hospital with 62 Nos Staff quarters , Beltola",143,154.75,130.08,98,2025-04-12,2026-04-30,2017-12-06,383,1,11.75,8.22,0.9097,90.97,2025,2026,2017.0,Ministry of Statistics and Programme Implementation,Infrastructure and Project Monitoring Division,PAIMANA,Projects Report - Public Dashboard,March 2026,True,False
260,Healthcare,Ministry of Labour and Employment,Employee's State Insurance Company [ESIC],612259,CONSTRUCTION OF 300 BEDDED HOSPITAL AT HARIDWAR,102,297.63,334.82,84,2024-10-30,2026-03-31,2021-02-22,517,1,195.63,191.79,3.2825,328.25,2024,2026,2021.0,Ministry of Statistics and Programme Implementation,Infrastructure and Project Monitoring Division,PAIMANA,Projects Report - Public Dashboard,March 2026,True,False
261,Healthcare,Ministry of Labour and Employment,Employee's State Insurance Company [ESIC],612167,"Construction of 350 beds + 50 Super Specialty beds ESIC Hospital Sheelanagar, Visakhapatnam, Andhra Pradesh",384,,253.37,80,2025-10-09,2026-03-31,2021-02-22,173,1,,,0.6598,65.98,2025,2026,2021.0,Ministry of Statistics and Programme Implementation,Infrastructure and Project Monitoring Division,PAIMANA,Projects Report - Public Dashboard,March 2026,True,False
262,Healthcare,Ministry of Labour and Employment,Employee's State Insurance Company [ESIC],612211,"Demolition, Construction and upgradation of ESI Hospital, Kalol, Gujarat from 50 beds to 150 beds.",206,,51.73,30,2025-10-05,2026-06-30,2022-08-26,268,1,,,0.2511,25.11,2025,2026,2022.0,Ministry of Statistics and Programme Implementation,Infrastructure and Project Monitoring Division,PAIMANA,Projects Report - Public Dashboard,March 2026,True,False
263,Healthcare,Ministry of Labour and Employment,Employee's State Insurance Company [ESIC],616691,"Upgradation & Extension of ESIC Hospital and Construction of PG Hostel / Staff Housing for ESIC Hospital at Andheri, Mumbai",260,,210.12,89,2025-08-15,2026-09-30,2008-12-26,411,1,,,0.8082,80.82,2025,2026,2008.0,Ministry of Statistics and Programme Implementation,Infrastructure and Project Monitoring Division,PAIMANA,Projects Report - Public Dashboard,March 2026,True,False
264,Healthcare,"Ministry of Ports, Shipping and Waterways",Mumbai Port Trust [MPT],708662,Establishment of 600 bed super specialty hospital with optional development of Medical college and further expansion on PPP basis.,693,693.0,58.0,11,2026-06-30,2027-12-31,2019-08-13,549,1,0.0,0.0,0.0837,8.37,2026,2027,2019.0,Ministry of Statistics and Programme Implementation,Infrastructure and Project Monitoring Division,PAIMANA,Projects Report - Public Dashboard,March 2026,True,False
265,Inland Waterways,"Ministry of Ports, Shipping and Waterways",Inland Waterways Authority of India [IWAI],611142,Fairway Development in West Bengal Farakka - Kahelgaon,177,197.0,383.41,100,2023-07-31,2024-04-21,2018-01-01,265,1,20.0,11.3,2.1662,216.62,2023,2024,2018.0,Ministry of Statistics and Programme Implementation,Infrastructure and Project Monitoring Division,PAIMANA,Projects Report - Public Dashboard,March 2026,True,False
266,Inland Waterways,"Ministry of Ports, Shipping and Waterways",Inland Waterways Authority of India [IWAI],701565,Jal Marg Vikas Project,5369,5061.15,3956.59,81,2023-12-31,2025-12-31,2018-01-03,731,1,-307.85000000000036,-5.73,0.7369,73.69,2023,2025,2018.0,Ministry of Statistics and Programme Implementation,Infrastructure and Project Monitoring Division,PAIMANA,Projects Report - Public Dashboard,March 2026,True,False
267,Logistics Infrastructure,Department for Promotion of Industry & Internal Trade,National Highways & Infrastructure Development Corporation Ltd. [NHIDCL],707410,Integrated Multi Modal Logistics Hub at Nangal Chaudhary in Haryana - Other Trunk Infrastructure Development Phase 1,763,,430.0,60,2023-12-31,2028-05-15,2018-05-16,1597,1,,,0.5636,56.36,2023,2028,2018.0,Ministry of Statistics and Programme Implementation,Infrastructure and Project Monitoring Division,PAIMANA,Projects Report - Public Dashboard,March 2026,True,False
268,Metals & Mining,Ministry of Mines,National Aluminium Company Limited [NALCO],709832,25.5 MW WIND POWER PROJECT AT KAYATHAR IN TAMILNADU,166,,135.0,67,2025-03-31,2026-03-31,2017-09-27,365,1,,,0.8133,81.33,2025,2026,2017.0,Ministry of Statistics and Programme Implementation,Infrastructure and Project Monitoring Division,PAIMANA,Projects Report - Public Dashboard,March 2026,True,False
269,Metals & Mining,Ministry of Mines,National Aluminium Company Limited [NALCO],400141,Expansion of Alumina Refinery Plant with addition of 5th Stream having capacity enhancement of 1.0 Million Tonee Per Annum,4103,5677.4,4840.66,92,2022-12-31,2026-06-30,2017-04-21,1277,1,1574.3999999999996,38.37,1.1798,117.98,2022,2026,2017.0,Ministry of Statistics and Programme Implementation,Infrastructure and Project Monitoring Division,PAIMANA,Projects Report - Public Dashboard,March 2026,True,False
270,Metals & Mining,Ministry of Mines,Hindustan Copper Limited [HCL],400426,Expansion of Malanjkhand Copper Project,1856,,962.65,84,2020-04-30,2026-04-30,2011-09-30,2191,1,,,0.5187,51.87,2020,2026,2011.0,Ministry of Statistics and Programme Implementation,Infrastructure and Project Monitoring Division,PAIMANA,Projects Report - Public Dashboard,March 2026,True,False
271,Metals & Mining,Ministry of Mines,National Aluminium Company Limited [NALCO],400299,Pottangi Bauxite Mines Project,1381,1960.77,770.08,52,2025-03-31,2026-05-31,2018-05-14,426,1,579.77,41.98,0.5576,55.76,2025,2026,2018.0,Ministry of Statistics and Programme Implementation,Infrastructure and Project Monitoring Division,PAIMANA,Projects Report - Public Dashboard,March 2026,True,False
272,Metals & Mining,Ministry of Mines,National Aluminium Company Limited [NALCO],709831,SOURCING OF BAUXITE ARRANGEMENT FOR 5TH STREAM ALUMINA REFINERY FROM SOUTH BLOCK MINING LEASE OF PANCHPATMAILI MINES,483,,446.12,92,2025-05-31,2026-06-30,2017-11-11,395,1,,,0.9236,92.36,2025,2026,2017.0,Ministry of Statistics and Programme Implementation,Infrastructure and Project Monitoring Division,PAIMANA,Projects Report - Public Dashboard,March 2026,True,False
273,Metals & Mining,Ministry of Steel,National Mineral Development Corporation Limited [NMDC],615202,Capacity expansion of Deposit-14 and 14 NMZ at Kirandul,1700,1756.2,253.33,16,2028-12-31,2028-03-27,2021-08-12,0,0,56.200000000000045,3.31,0.149,14.9,2028,2028,2021.0,Ministry of Statistics and Programme Implementation,Infrastructure and Project Monitoring Division,PAIMANA,Projects Report - Public Dashboard,March 2026,True,False
274,Oil & Gas,Ministry of Petroleum & Natural Gas,Hindustan Petroleum Corporation Limited [HPCL],400171,2G Ethanol Biorefinery at Bathinda,1421,1421.46,1249.81,96,2023-02-18,2026-12-31,2020-05-19,1412,1,0.4600000000000364,0.03,0.8795,87.95,2023,2026,2020.0,Ministry of Statistics and Programme Implementation,Infrastructure and Project Monitoring Division,PAIMANA,Projects Report - Public Dashboard,March 2026,True,False
275,Oil & Gas,Ministry of Petroleum & Natural Gas,Ministry of Petroleum & Natural Gas,400168,"500 KTA PDHPP Project, Usar",8797,11256.0,7920.66,90,2025-04-08,2027-04-30,2021-04-08,752,1,2459.0,27.95,0.9004,90.04,2025,2027,2021.0,Ministry of Statistics and Programme Implementation,Infrastructure and Project Monitoring Division,PAIMANA,Projects Report - Public Dashboard,March 2026,True,False
277,Oil & Gas,Ministry of Petroleum & Natural Gas,Indian Oil Corporation Limited [IOCL],709782,ATF Pipeline from Jawaharlal Nehru Port Trust to Navi Mumbai International Airport,165,165.0,99.04,95,2025-08-21,2026-06-30,2022-08-22,313,1,0.0,0.0,0.6002,60.02,2025,2026,2022.0,Ministry of Statistics and Programme Implementation,Infrastructure and Project Monitoring Division,PAIMANA,Projects Report - Public Dashboard,March 2026,True,False
278,Oil & Gas,Ministry of Petroleum & Natural Gas,Ministry of Petroleum & Natural Gas,617838,Augmentation of CCKPL and IDPL Pipelines capacity along with setting up of Palakkad TOP,1130,1130.0,250.7,34,2028-08-31,2028-08-31,2024-09-12,0,0,0.0,0.0,0.2219,22.19,2028,2028,2024.0,Ministry of Statistics and Programme Implementation,Infrastructure and Project Monitoring Division,PAIMANA,Projects Report - Public Dashboard,March 2026,True,False
280,Oil & Gas,Ministry of Petroleum & Natural Gas,MinistryofPetroleumNaturalGas,709786,"Augmentation/ Revamping of Dimapur Depot, Dimapur",228,227.62,25.76,40,2027-11-30,2027-11-30,2023-08-18,0,0,-0.37999999999999545,-0.17,0.113,11.3,2027,2027,2023.0,Ministry of Statistics and Programme Implementation,Infrastructure and Project Monitoring Division,PAIMANA,Projects Report - Public Dashboard,March 2026,True,False
281,Oil & Gas,Ministry of Petroleum & Natural Gas,MinistryofPetroleumNaturalGas,709776,Augmentation/Revamping of Facilities at existing Guwahati Terminal at Betkuchi,277,323.09,226.36,81,2026-09-30,2026-09-30,2022-04-06,0,0,46.089999999999975,16.64,0.8172,81.72,2026,2026,2022.0,Ministry of Statistics and Programme Implementation,Infrastructure and Project Monitoring Division,PAIMANA,Projects Report - Public Dashboard,March 2026,True,False
282,Oil & Gas,Ministry of Petroleum & Natural Gas,Ministry of Petroleum & Natural Gas,701324,Barauni Refinery Capacity Expansion from 6.0 to 9.0 MMTPA,14810,16724.0,12666.9,90,2023-04-30,2026-08-31,2020-01-30,1219,1,1914.0,12.92,0.8553,85.53,2023,2026,2020.0,Ministry of Statistics and Programme Implementation,Infrastructure and Project Monitoring Division,PAIMANA,Projects Report - Public Dashboard,March 2026,True,False
283,Oil & Gas,Ministry of Petroleum & Natural Gas,Ministry of Petroleum & Natural Gas,709850,Borholla GGS Life Extension Project [BLEP],199,198.7,90.21,55,2026-05-16,2026-09-30,2023-09-18,137,1,-0.30000000000001137,-0.15,0.4533,45.33,2026,2026,2023.0,Ministry of Statistics and Programme Implementation,Infrastructure and Project Monitoring Division,PAIMANA,Projects Report - Public Dashboard,March 2026,True,False
284,Oil & Gas,Ministry of Petroleum & Natural Gas,Ministry of Petroleum & Natural Gas,617830,C2/C3 Vijaipur Pata Pipeline,1792,1792.0,468.1,61,2027-01-15,2027-01-15,2024-05-16,0,0,0.0,0.0,0.2612,26.12,2027,2027,2024.0,Ministry of Statistics and Programme Implementation,Infrastructure and Project Monitoring Division,PAIMANA,Projects Report - Public Dashboard,March 2026,True,False
285,Oil & Gas,Ministry of Petroleum & Natural Gas,MinistryofPetroleumNaturalGas,709779,Capacity Expansion of Digboi Refinery from 0.65 to 1.0 MMTPA,768,740.0,180.91,54,2026-03-08,2027-07-31,2022-06-28,510,1,-28.0,-3.65,0.2356,23.56,2026,2027,2022.0,Ministry of Statistics and Programme Implementation,Infrastructure and Project Monitoring Division,PAIMANA,Projects Report - Public Dashboard,March 2026,True,False
286,Oil & Gas,Ministry of Petroleum & Natural Gas,Ministry of Petroleum & Natural Gas,701289,Capacity Expansion of Panipat Refinery from 15 to 25 MMTPA,34627,36225.0,26553.1,93,2024-09-30,2026-12-31,2021-02-26,822,1,1598.0,4.61,0.7668,76.68,2024,2026,2021.0,Ministry of Statistics and Programme Implementation,Infrastructure and Project Monitoring Division,PAIMANA,Projects Report - Public Dashboard,March 2026,True,False
287,Oil & Gas,Ministry of Petroleum & Natural Gas,Chennai Petroleum Corporation Limited [CPCL],604795,CBR 9 MMTPA Project,31580,36354.0,1544.96,10,2025-06-02,2028-10-31,2021-09-03,1247,1,4774.0,15.12,0.0489,4.89,2025,2028,2021.0,Ministry of Statistics and Programme Implementation,Infrastructure and Project Monitoring Division,PAIMANA,Projects Report - Public Dashboard,March 2026,True,False
288,Oil & Gas,Ministry of Petroleum & Natural Gas,Hindustan Petroleum Corporation Limited,709757,"CGD Project in Banka, Dumka, Godda, Jamtara, Pakur, Sahibganj GA ID 11A.02",1377,1377.0,365.39,36,2030-06-30,2030-06-30,2022-06-14,0,0,0.0,0.0,0.2654,26.54,2030,2030,2022.0,Ministry of Statistics and Programme Implementation,Infrastructure and Project Monitoring Division,PAIMANA,Projects Report - Public Dashboard,March 2026,True,False
289,Oil & Gas,Ministry of Petroleum & Natural Gas,Hindustan Petroleum Corporation Limited,709758,"CGD Project in Malda, Birbhum, Murshidabad, Dakshin Dinajpur GA ID 11A.03",2628,2628.0,567.65,35,2030-06-30,2030-06-30,2022-06-17,0,0,0.0,0.0,0.216,21.6,2030,2030,2022.0,Ministry of Statistics and Programme Implementation,Infrastructure and Project Monitoring Division,PAIMANA,Projects Report - Public Dashboard,March 2026,True,False
291,Oil & Gas,Ministry of Petroleum & Natural Gas,Ministry of Petroleum & Natural Gas,617818,"City Gas Distribution [CGD] Project in Gajapati, Kandhamal, Boudh, & Sonepur GA",515,514.91,22.08,6,2030-02-27,2031-12-31,2022-02-28,672,1,-0.09000000000003183,-0.02,0.0429,4.29,2030,2031,2022.0,Ministry of Statistics and Programme Implementation,Infrastructure and Project Monitoring Division,PAIMANA,Projects Report - Public Dashboard,March 2026,True,False
292,Oil & Gas,Ministry of Petroleum & Natural Gas,Ministry of Petroleum & Natural Gas,617819,"City Gas Distribution [CGD] Project in Kondagaon, Bastar, Sukma, Narayanpur, Bijapur & Dantewada GA",557,557.04,7.8,2,2030-06-12,2030-06-12,2022-06-13,0,0,0.03999999999996362,0.01,0.014,1.4,2030,2030,2022.0,Ministry of Statistics and Programme Implementation,Infrastructure and Project Monitoring Division,PAIMANA,Projects Report - Public Dashboard,March 2026,True,False
293,Oil & Gas,Ministry of Petroleum & Natural Gas,Ministry of Petroleum & Natural Gas,701338,City Gas Distribution Maharashtra Natural Gas Limited,5535,5535.0,4224.31,47,2031-06-08,2031-06-08,2006-01-13,0,0,0.0,0.0,0.7632,76.32,2031,2031,2006.0,Ministry of Statistics and Programme Implementation,Infrastructure and Project Monitoring Division,PAIMANA,Projects Report - Public Dashboard,March 2026,True,False
294,Oil & Gas,Ministry of Petroleum & Natural Gas,MinistryofPetroleumNaturalGas,709771,"City Gas Distribution Project at Beed, Jalgaon and Jalna Districts",865,865.0,78.67,3,2031-09-30,2031-09-30,2022-03-15,0,0,0.0,0.0,0.0909,9.09,2031,2031,2022.0,Ministry of Statistics and Programme Implementation,Infrastructure and Project Monitoring Division,PAIMANA,Projects Report - Public Dashboard,March 2026,True,False
295,Oil & Gas,Ministry of Petroleum & Natural Gas,MinistryofPetroleumNaturalGas,709772,"City Gas Distribution Project at East Mednipore, West Mednipore & Jhargram Districts",609,609.0,62.42,3,2031-06-30,2031-06-30,2022-03-23,0,0,0.0,0.0,0.1025,10.25,2031,2031,2022.0,Ministry of Statistics and Programme Implementation,Infrastructure and Project Monitoring Division,PAIMANA,Projects Report - Public Dashboard,March 2026,True,False
296,Oil & Gas,Ministry of Petroleum & Natural Gas,MinistryofPetroleumNaturalGas,709773,"City Gas Distribution Project at Jammu, Udhampur, Reasi, Samba and Kathua Districts",538,538.0,4.32,1,2032-03-31,2034-09-30,2022-03-15,913,1,0.0,0.0,0.008,0.8,2032,2034,2022.0,Ministry of Statistics and Programme Implementation,Infrastructure and Project Monitoring Division,PAIMANA,Projects Report - Public Dashboard,March 2026,True,False
297,Oil & Gas,Ministry of Petroleum & Natural Gas,MinistryofPetroleumNaturalGas,709770,City Gas Distribution Project at Pathankot District,151,151.0,8.89,2,2033-09-30,2033-09-30,2022-03-29,0,0,0.0,0.0,0.0589,5.89,2033,2033,2022.0,Ministry of Statistics and Programme Implementation,Infrastructure and Project Monitoring Division,PAIMANA,Projects Report - Public Dashboard,March 2026,True,False
298,Oil & Gas,Ministry of Petroleum & Natural Gas,Bharat Petroleum Corporation Limited [BPCL],709791,City Gas Distribution Projects at Alipurduar and Cooch Behar,1017,1017.0,224.72,44,2030-03-31,2030-03-31,2022-12-21,0,0,0.0,0.0,0.221,22.1,2030,2030,2022.0,Ministry of Statistics and Programme Implementation,Infrastructure and Project Monitoring Division,PAIMANA,Projects Report - Public Dashboard,March 2026,True,False
299,Oil & Gas,Ministry of Petroleum & Natural Gas,Bharat Petroleum Corporation Limited [BPCL],709792,"City Gas Distribution Projects at Darbhanga, Madhubani, Supaul, Sitamarhi and Sheohar districts",3638,3638.0,465.62,33,2030-03-31,2030-03-31,2022-12-21,0,0,0.0,0.0,0.128,12.8,2030,2030,2022.0,Ministry of Statistics and Programme Implementation,Infrastructure and Project Monitoring Division,PAIMANA,Projects Report - Public Dashboard,March 2026,True,False
300,Oil & Gas,Ministry of Petroleum & Natural Gas,Bharat Petroleum Corporation Limited [BPCL],709794,"City Gas Distribution Projects at Fazilka [except area already authorized], Ganganagar and Hanumangarh districts",3207,3207.0,409.92,30,2030-06-30,2030-06-30,2022-12-21,0,0,0.0,0.0,0.1278,12.78,2030,2030,2022.0,Ministry of Statistics and Programme Implementation,Infrastructure and Project Monitoring Division,PAIMANA,Projects Report - Public Dashboard,March 2026,True,False
301,Oil & Gas,Ministry of Petroleum & Natural Gas,Bharat Petroleum Corporation Limited [BPCL],709793,"City Gas Distribution Projects at Gopalganj, Siwan, West Champaran, East Champaran and Deoria districts",3919,3919.0,503.73,30,2030-06-30,2030-06-30,2022-12-21,0,0,0.0,0.0,0.1285,12.85,2030,2030,2022.0,Ministry of Statistics and Programme Implementation,Infrastructure and Project Monitoring Division,PAIMANA,Projects Report - Public Dashboard,March 2026,True,False
302,Oil & Gas,Ministry of Petroleum & Natural Gas,Bharat Petroleum Corporation Limited [BPCL],709795,"City Gas Distribution Projects at Lakhimpur Kheri , Sitapur, Bahraich, Shravasti,Balrampur, Siddharth Nagar & Maharajganj districts",16654,16654.0,697.88,18,2030-06-30,2030-06-30,2022-12-21,0,0,0.0,0.0,0.0419,4.19,2030,2030,2022.0,Ministry of Statistics and Programme Implementation,Infrastructure and Project Monitoring Division,PAIMANA,Projects Report - Public Dashboard,March 2026,True,False
303,Oil & Gas,Ministry of Petroleum & Natural Gas,Bharat Petroleum Corporation Limited [BPCL],709796,City Gas Distribution Projects at the Nilgiris and Erode districts,3685,3685.0,280.64,25,2030-03-31,2030-03-31,2022-12-21,0,0,0.0,0.0,0.0762,7.62,2030,2030,2022.0,Ministry of Statistics and Programme Implementation,Infrastructure and Project Monitoring Division,PAIMANA,Projects Report - Public Dashboard,March 2026,True,False
304,Oil & Gas,Ministry of Petroleum & Natural Gas,Ministry of Petroleum & Natural Gas,617836,Coke Drum Structure Package,635,635.28,412.7,56,2025-12-31,2026-09-30,2022-12-20,273,1,0.2799999999999727,0.04,0.6499,64.99,2025,2026,2022.0,Ministry of Statistics and Programme Implementation,Infrastructure and Project Monitoring Division,PAIMANA,Projects Report - Public Dashboard,March 2026,True,False
305,Oil & Gas,Ministry of Petroleum & Natural Gas,Oil and Natural Gas Corporation Limited [ONGC],709838,Commercial Polymer Flooding Project in Bechraji field,621,739.02,191.64,36,2024-11-30,2027-05-31,2022-01-21,912,1,118.01999999999998,19.0,0.3086,30.86,2024,2027,2022.0,Ministry of Statistics and Programme Implementation,Infrastructure and Project Monitoring Division,PAIMANA,Projects Report - Public Dashboard,March 2026,True,False
306,Oil & Gas,Ministry of Petroleum & Natural Gas,MinistryofPetroleumNaturalGas,709780,Construction of Additional Tankages and Allied Facilities at JNPT Terminal,341,436.14,301.94,70,2026-08-31,2026-08-31,2022-04-19,0,0,95.13999999999999,27.9,0.8855,88.55,2026,2026,2022.0,Ministry of Statistics and Programme Implementation,Infrastructure and Project Monitoring Division,PAIMANA,Projects Report - Public Dashboard,March 2026,True,False
307,Oil & Gas,Ministry of Petroleum & Natural Gas,Ministry of Petroleum & Natural Gas,616858,"Construction of Field Gas Gathering Station at Baghjan area for collection, processing & transportation of natural Gas to be produced from Baghjan Field",431,430.76,346.88,92,2024-03-31,2026-06-30,2020-12-29,821,1,-0.2400000000000091,-0.06,0.8048,80.48,2024,2026,2020.0,Ministry of Statistics and Programme Implementation,Infrastructure and Project Monitoring Division,PAIMANA,Projects Report - Public Dashboard,March 2026,True,False
308,Oil & Gas,Ministry of Petroleum & Natural Gas,Oil and Natural Gas Corporation Limited [ONGC],709837,"Creation of Gas Dehydration Facilities, Tripura Asset",209,131.51,78.98,68,2024-05-31,2026-08-31,2022-03-08,822,1,-77.49000000000001,-37.08,0.3779,37.79,2024,2026,2022.0,Ministry of Statistics and Programme Implementation,Infrastructure and Project Monitoring Division,PAIMANA,Projects Report - Public Dashboard,March 2026,True,False
309,Oil & Gas,Ministry of Petroleum & Natural Gas,MinistryofPetroleumNaturalGas,709800,"CUF POL Depot at Sadashibpur [Meramundali], Odisha",394,393.54,214.0,77,2026-03-31,2026-06-30,2021-04-21,91,1,-0.45999999999997954,-0.12,0.5431,54.31,2026,2026,2021.0,Ministry of Statistics and Programme Implementation,Infrastructure and Project Monitoring Division,PAIMANA,Projects Report - Public Dashboard,March 2026,True,False
310,Oil & Gas,Ministry of Petroleum & Natural Gas,Oil and Natural Gas Corporation Limited [ONGC],709839,Daman Upside Development Project,4144,6406.9,5632.94,99,2025-10-31,2026-05-31,2022-06-29,212,1,2262.8999999999996,54.61,1.3593,135.93,2025,2026,2022.0,Ministry of Statistics and Programme Implementation,Infrastructure and Project Monitoring Division,PAIMANA,Projects Report - Public Dashboard,March 2026,True,False
311,Oil & Gas,Ministry of Petroleum & Natural Gas,NRL,709864,DCU Revamp Project,370,370.0,280.44,73,2024-07-17,2026-10-31,2021-08-05,836,1,0.0,0.0,0.7579,75.79,2024,2026,2021.0,Ministry of Statistics and Programme Implementation,Infrastructure and Project Monitoring Division,PAIMANA,Projects Report - Public Dashboard,March 2026,True,False
312,Oil & Gas,Ministry of Petroleum & Natural Gas,Ministry of Petroleum & Natural Gas,616879,Demo Bio-ATF Project,364,364.0,65.73,43,2027-01-16,2027-01-16,2024-03-22,0,0,0.0,0.0,0.1806,18.06,2027,2027,2024.0,Ministry of Statistics and Programme Implementation,Infrastructure and Project Monitoring Division,PAIMANA,Projects Report - Public Dashboard,March 2026,True,False
313,Oil & Gas,Ministry of Petroleum & Natural Gas,Oil and Natural Gas Corporation Limited [ONGC],610984,Development of Jharia CBM Block [Phase-1],431,431.0,258.33,64,2024-01-21,2026-05-31,2019-11-21,861,1,0.0,0.0,0.5994,59.94,2024,2026,2019.0,Ministry of Statistics and Programme Implementation,Infrastructure and Project Monitoring Division,PAIMANA,Projects Report - Public Dashboard,March 2026,True,False
314,Oil & Gas,Ministry of Petroleum & Natural Gas,Ministry of Petroleum & Natural Gas,604863,Development of Surface Facilities for production and evacuation of Crude Oil and Natural Gas from Nadua and East Khagorija,683,726.93,597.74,94,2020-02-29,2026-06-30,2018-01-10,2313,1,43.92999999999995,6.43,0.8752,87.52,2020,2026,2018.0,Ministry of Statistics and Programme Implementation,Infrastructure and Project Monitoring Division,PAIMANA,Projects Report - Public Dashboard,March 2026,True,False
315,Oil & Gas,Ministry of Petroleum & Natural Gas,Ministry of Petroleum & Natural Gas,701344,Dhamra Haldia Pipeline Project,1031,1125.0,915.3,94,2022-11-07,2026-09-30,2020-03-03,1423,1,94.0,9.12,0.8878,88.78,2022,2026,2020.0,Ministry of Statistics and Programme Implementation,Infrastructure and Project Monitoring Division,PAIMANA,Projects Report - Public Dashboard,March 2026,True,False
316,Oil & Gas,Ministry of Petroleum & Natural Gas,Ministry of Petroleum & Natural Gas,617302,Durgapur - Haldia Pipeline [Section-3B of JHBDPL Project],1740,2493.15,2351.6,94,2020-12-31,2026-09-30,2017-03-01,2099,1,753.1500000000001,43.28,1.3515,135.15,2020,2026,2017.0,Ministry of Statistics and Programme Implementation,Infrastructure and Project Monitoring Division,PAIMANA,Projects Report - Public Dashboard,March 2026,True,False
317,Oil & Gas,Ministry of Petroleum & Natural Gas,MinistryofPetroleumNaturalGas,709798,Ethylene Cracker Project at Bina Refinery including downstream Petrochemical Plants and expansion of Refinery,43367,43367.0,4552.5,23,2028-05-31,2028-05-31,2023-05-15,0,0,0.0,0.0,0.105,10.5,2028,2028,2023.0,Ministry of Statistics and Programme Implementation,Infrastructure and Project Monitoring Division,PAIMANA,Projects Report - Public Dashboard,March 2026,True,False
318,Oil & Gas,Ministry of Petroleum & Natural Gas,Gas Authority of India Limited [GAIL],612853,Gurdaspur Jammu Pipeline,522,521.9,288.9,46,2026-07-11,2026-07-11,2023-07-12,0,0,-0.10000000000002274,-0.02,0.5534,55.34,2026,2026,2023.0,Ministry of Statistics and Programme Implementation,Infrastructure and Project Monitoring Division,PAIMANA,Projects Report - Public Dashboard,March 2026,True,False
319,Oil & Gas,Ministry of Petroleum & Natural Gas,Ministry of Petroleum & Natural Gas,607701,"Guwahati Refinery Expansion [1.0 to 1.2 MMTPA] along with installation of CRU, Guwahati Refinery",412,577.0,462.41,95,2023-10-31,2026-05-31,2021-05-19,943,1,165.0,40.05,1.1224,112.24,2023,2026,2021.0,Ministry of Statistics and Programme Implementation,Infrastructure and Project Monitoring Division,PAIMANA,Projects Report - Public Dashboard,March 2026,True,False
320,Oil & Gas,Ministry of Petroleum & Natural Gas,Hindustan Petroleum Corporation Limited,709753,Haldia Panagarh Pipeline Project,1010,1107.0,808.43,94,2025-11-08,2026-05-31,2022-11-09,204,1,97.0,9.6,0.8004,80.04,2025,2026,2022.0,Ministry of Statistics and Programme Implementation,Infrastructure and Project Monitoring Division,PAIMANA,Projects Report - Public Dashboard,March 2026,True,False
321,Oil & Gas,Ministry of Petroleum & Natural Gas,Hindustan Petroleum Corporation Limited,709760,HP TDAE Unit in Mumbai Refinery,240,240.0,139.9,80,2026-04-19,2026-06-17,2024-06-19,59,1,0.0,0.0,0.5829,58.29,2026,2026,2024.0,Ministry of Statistics and Programme Implementation,Infrastructure and Project Monitoring Division,PAIMANA,Projects Report - Public Dashboard,March 2026,True,False
322,Oil & Gas,Ministry of Petroleum & Natural Gas,Hindustan Petroleum Corporation Limited,709752,HP-COAT [Crude to Olefins and Aromatics Technology] demo unit at Visakh Refinery,160,220.0,132.39,91,2024-06-30,2027-02-28,2021-09-23,973,1,60.0,37.5,0.8274,82.74,2024,2027,2021.0,Ministry of Statistics and Programme Implementation,Infrastructure and Project Monitoring Division,PAIMANA,Projects Report - Public Dashboard,March 2026,True,False
323,Oil & Gas,Ministry of Petroleum & Natural Gas,Ministry of Petroleum & Natural Gas,604853,"Indian Oil Technology Development and Deployment Centre at R&D Campus-II, Faridabad",2282,3200.0,1879.93,65,2022-12-31,2026-10-31,2019-06-27,1400,1,918.0,40.23,0.8238,82.38,2022,2026,2019.0,Ministry of Statistics and Programme Implementation,Infrastructure and Project Monitoring Division,PAIMANA,Projects Report - Public Dashboard,March 2026,True,False
324,Oil & Gas,Ministry of Petroleum & Natural Gas,MinistryofPetroleumNaturalGas,709777,Installation of Bitumen Manufacturing Unit along with allied facilities at Barauni Refinery,389,340.0,111.81,58,2025-04-30,2026-10-31,2022-01-31,549,1,-49.0,-12.6,0.2874,28.74,2025,2026,2022.0,Ministry of Statistics and Programme Implementation,Infrastructure and Project Monitoring Division,PAIMANA,Projects Report - Public Dashboard,March 2026,True,False
326,Oil & Gas,Ministry of Petroleum & Natural Gas,MinistryofPetroleumNaturalGas,709783,"Installation of Multiple Effect Evaporator [MEE] for ETP-1, 2 & 4 of Panipat Refinery and Petrochemical Complex.",165,247.69,174.74,85,2023-06-30,2026-06-30,2020-12-22,1096,1,82.69,50.12,1.059,105.9,2023,2026,2020.0,Ministry of Statistics and Programme Implementation,Infrastructure and Project Monitoring Division,PAIMANA,Projects Report - Public Dashboard,March 2026,True,False
327,Oil & Gas,Ministry of Petroleum & Natural Gas,MinistryofPetroleumNaturalGas,709778,Installation of new Biturox Unit along with allied facilities at Gujarat Refinery,328,344.36,188.4,82,2025-08-08,2026-12-31,2022-01-31,510,1,16.360000000000014,4.99,0.5744,57.44,2025,2026,2022.0,Ministry of Statistics and Programme Implementation,Infrastructure and Project Monitoring Division,PAIMANA,Projects Report - Public Dashboard,March 2026,True,False
328,Oil & Gas,Ministry of Petroleum & Natural Gas,Ministry of Petroleum & Natural Gas,709851,Integrated Development of 4 Contract Areas under DSF-II,6184,6183.79,1555.0,36,2027-04-30,2027-04-30,2023-05-26,0,0,-0.21000000000003638,-0.0,0.2515,25.15,2027,2027,2023.0,Ministry of Statistics and Programme Implementation,Infrastructure and Project Monitoring Division,PAIMANA,Projects Report - Public Dashboard,March 2026,True,False
329,Oil & Gas,Ministry of Petroleum & Natural Gas,Ministry of Petroleum & Natural Gas,604859,Integrated Para Xylene [PX] and Purified Terephthalic Acid [PTA] Project at Paradip Refinery,13805,11783.0,8386.06,94,2024-01-31,2026-08-31,2020-07-31,943,1,-2022.0,-14.65,0.6075,60.75,2024,2026,2020.0,Ministry of Statistics and Programme Implementation,Infrastructure and Project Monitoring Division,PAIMANA,Projects Report - Public Dashboard,March 2026,True,False
330,Oil & Gas,Ministry of Petroleum & Natural Gas,Oil and Natural Gas Corporation Limited [ONGC],709842,"Kalol Redevelopment Project, Ahmedabad Asset",1487,1487.41,940.5,63,2027-03-31,2027-03-31,2022-08-30,0,0,0.41000000000008185,0.03,0.6325,63.25,2027,2027,2022.0,Ministry of Statistics and Programme Implementation,Infrastructure and Project Monitoring Division,PAIMANA,Projects Report - Public Dashboard,March 2026,True,False
332,Oil & Gas,Ministry of Petroleum & Natural Gas,Oil and Natural Gas Corporation Limited [ONGC],400120,KG-DWN-98/2 Cluster - II Development Project - NELP Block,34012,34012.0,32994.9,96,2020-06-30,2026-06-30,2016-03-28,2191,1,0.0,0.0,0.9701,97.01,2020,2026,2016.0,Ministry of Statistics and Programme Implementation,Infrastructure and Project Monitoring Division,PAIMANA,Projects Report - Public Dashboard,March 2026,True,False
333,Oil & Gas,Ministry of Petroleum & Natural Gas,Ministry of Petroleum & Natural Gas,701228,Kochi - Koottanad - Bangalore - Mangalore Pipeline Phase-II,2915,5909.0,4623.3,96,2012-12-31,2026-09-30,2009-06-22,5021,1,2994.0,102.71,1.586,158.6,2012,2026,2009.0,Ministry of Statistics and Programme Implementation,Infrastructure and Project Monitoring Division,PAIMANA,Projects Report - Public Dashboard,March 2026,True,False
334,Oil & Gas,Ministry of Petroleum & Natural Gas,MinistryofPetroleumNaturalGas,709785,Laying of Natural Gas Pipeline from Hazaribagh to Ranchi [HRPL],202,202.07,64.35,51,2026-02-08,2027-03-31,2023-02-09,416,1,0.06999999999999318,0.03,0.3186,31.86,2026,2027,2023.0,Ministry of Statistics and Programme Implementation,Infrastructure and Project Monitoring Division,PAIMANA,Projects Report - Public Dashboard,March 2026,True,False
335,Oil & Gas,Ministry of Petroleum & Natural Gas,Chennai Petroleum Corporation Limited [CPCL],709750,Laying of new 28 inch Desal Water Pipeline and 10 inch Reject Water Pipeline between CPCL Manali Refinery and CPCL Desalination plant at Ennore,205,205.0,87.72,66,2025-09-21,2026-12-31,2024-01-22,466,1,0.0,0.0,0.4279,42.79,2025,2026,2024.0,Ministry of Statistics and Programme Implementation,Infrastructure and Project Monitoring Division,PAIMANA,Projects Report - Public Dashboard,March 2026,True,False
336,Oil & Gas,Ministry of Petroleum & Natural Gas,Oil and Natural Gas Corporation Limited [ONGC],400119,Life Extension of 48 well platforms of Mumbai High & Heera Fields,3191,3375.9,3123.2,90,2018-04-30,2026-08-31,2015-12-22,3045,1,184.9000000000001,5.79,0.9788,97.88,2018,2026,2015.0,Ministry of Statistics and Programme Implementation,Infrastructure and Project Monitoring Division,PAIMANA,Projects Report - Public Dashboard,March 2026,True,False
337,Oil & Gas,Ministry of Petroleum & Natural Gas,Ministry of Petroleum and Natural Gas,616933,Lube Modernization & Bottom Upgradation Project at Mumbai Refinery,4679,4679.0,252.41,10,2028-03-16,2028-03-16,2024-12-16,0,0,0.0,0.0,0.0539,5.39,2028,2028,2024.0,Ministry of Statistics and Programme Implementation,Infrastructure and Project Monitoring Division,PAIMANA,Projects Report - Public Dashboard,March 2026,True,False
338,Oil & Gas,Ministry of Petroleum & Natural Gas,Ministry of Petroleum & Natural Gas,701330,Mehsana-Bhatinda & Bhatinda-Jammu Natural Gas Pipeline,7392,7392.0,6349.0,90,2024-06-30,2026-04-30,2011-07-07,669,1,0.0,0.0,0.8589,85.89,2024,2026,2011.0,Ministry of Statistics and Programme Implementation,Infrastructure and Project Monitoring Division,PAIMANA,Projects Report - Public Dashboard,March 2026,True,False
339,Oil & Gas,Ministry of Petroleum & Natural Gas,Ministry of Petroleum & Natural Gas,709848,MHN TCPP PGC BGC Project [MTPBP],2329,2354.23,1613.16,86,2026-05-19,2026-05-19,2022-06-29,0,0,25.230000000000018,1.08,0.6926,69.26,2026,2026,2022.0,Ministry of Statistics and Programme Implementation,Infrastructure and Project Monitoring Division,PAIMANA,Projects Report - Public Dashboard,March 2026,True,False
340,Oil & Gas,Ministry of Petroleum & Natural Gas,Ministry of Petroleum & Natural Gas,701354,Mumbai Nagpur Jharsuguda Pipeline Project,7844,8255.0,6969.7,99,2023-05-14,2026-06-30,2020-06-15,1143,1,411.0,5.24,0.8885,88.85,2023,2026,2020.0,Ministry of Statistics and Programme Implementation,Infrastructure and Project Monitoring Division,PAIMANA,Projects Report - Public Dashboard,March 2026,True,False
341,Oil & Gas,Ministry of Petroleum & Natural Gas,Ministry of Petroleum & Natural Gas,701346,North East Gas Grid,9265,9265.0,6739.27,87,2024-03-31,2026-07-31,2020-04-01,852,1,0.0,0.0,0.7274,72.74,2024,2026,2020.0,Ministry of Statistics and Programme Implementation,Infrastructure and Project Monitoring Division,PAIMANA,Projects Report - Public Dashboard,March 2026,True,False
342,Oil & Gas,Ministry of Petroleum & Natural Gas,Ministry of Petroleum & Natural Gas,604791,Numaligarh Refinery Expansion Project,12366,22494.0,19418.0,84,2024-07-27,2027-03-31,2020-07-27,977,1,10128.0,81.9,1.5703,157.03,2024,2027,2020.0,Ministry of Statistics and Programme Implementation,Infrastructure and Project Monitoring Division,PAIMANA,Projects Report - Public Dashboard,March 2026,True,False
343,Oil & Gas,Ministry of Petroleum & Natural Gas,Oil and Natural Gas Corporation Limited [ONGC],709841,Old Pipe Line Replacement [OPRP] Group-A,173,169.84,160.52,93,2025-07-18,2026-07-16,2021-07-01,363,1,-3.1599999999999966,-1.83,0.9279,92.79,2025,2026,2021.0,Ministry of Statistics and Programme Implementation,Infrastructure and Project Monitoring Division,PAIMANA,Projects Report - Public Dashboard,March 2026,True,False
345,Oil & Gas,Ministry of Petroleum & Natural Gas,Ministry of Petroleum & Natural Gas,701329,Petrochemical and Lube Integration Project at Gujarat Refinery,18936,17825.0,13474.6,88,2024-08-31,2026-06-30,2020-09-21,668,1,-1111.0,-5.87,0.7116,71.16,2024,2026,2020.0,Ministry of Statistics and Programme Implementation,Infrastructure and Project Monitoring Division,PAIMANA,Projects Report - Public Dashboard,March 2026,True,False
346,Oil & Gas,Ministry of Petroleum & Natural Gas,Ministry of Petroleum & Natural Gas,709847,Pipeline Network Project Rudrasagar,481,481.03,230.22,52,2026-04-27,2027-04-30,2023-01-27,368,1,0.029999999999972715,0.01,0.4786,47.86,2026,2027,2023.0,Ministry of Statistics and Programme Implementation,Infrastructure and Project Monitoring Division,PAIMANA,Projects Report - Public Dashboard,March 2026,True,False
347,Oil & Gas,Ministry of Petroleum & Natural Gas,Ministry of Petroleum & Natural Gas,617827,"Pipeline Rehabilitation Project, Phase-II",680,680.0,7.64,23,2029-12-17,2029-12-17,2024-12-18,0,0,0.0,0.0,0.0112,1.12,2029,2029,2024.0,Ministry of Statistics and Programme Implementation,Infrastructure and Project Monitoring Division,PAIMANA,Projects Report - Public Dashboard,March 2026,True,False
348,Oil & Gas,Ministry of Petroleum & Natural Gas,Bharat Petroleum Corporation Limited [BPCL],709797,POL & LOBS Installations with Receipt Pipelines at Rasayani,2585,2585.0,1205.5,79,2026-05-31,2026-05-31,2023-05-15,0,0,0.0,0.0,0.4663,46.63,2026,2026,2023.0,Ministry of Statistics and Programme Implementation,Infrastructure and Project Monitoring Division,PAIMANA,Projects Report - Public Dashboard,March 2026,True,False
349,Oil & Gas,Ministry of Petroleum & Natural Gas,Indian Oil Corporation Limited [IOCL],611917,Poly Butadiene Rubber plant at Panipat,1459,2531.44,1517.82,84,2025-03-31,2026-06-30,2022-03-16,456,1,1072.44,73.51,1.0403,104.03,2025,2026,2022.0,Ministry of Statistics and Programme Implementation,Infrastructure and Project Monitoring Division,PAIMANA,Projects Report - Public Dashboard,March 2026,True,False
350,Oil & Gas,Ministry of Petroleum & Natural Gas,NRL,709865,Power Recovery Turbine [PRT] in PFCCU unit as an Energy Conservation Scheme,294,293.5,97.24,99,2024-12-31,2026-09-30,2023-04-12,638,1,-0.5,-0.17,0.3307,33.07,2024,2026,2023.0,Ministry of Statistics and Programme Implementation,Infrastructure and Project Monitoring Division,PAIMANA,Projects Report - Public Dashboard,March 2026,True,False
351,Oil & Gas,Ministry of Petroleum & Natural Gas,Mangalore Refinary and Petrochemicals Limited,612790,Power System Upgradation Project,385,385.0,260.92,80,2025-11-17,2026-05-12,2023-10-30,176,1,0.0,0.0,0.6777,67.77,2025,2026,2023.0,Ministry of Statistics and Programme Implementation,Infrastructure and Project Monitoring Division,PAIMANA,Projects Report - Public Dashboard,March 2026,True,False
353,Oil & Gas,Ministry of Petroleum & Natural Gas,Ministry of Petroleum & Natural Gas,616950,PRP-VIII [Group-A],1486,1486.4,394.85,51,2026-02-28,2026-12-31,2024-09-05,306,1,0.40000000000009095,0.03,0.2657,26.57,2026,2026,2024.0,Ministry of Statistics and Programme Implementation,Infrastructure and Project Monitoring Division,PAIMANA,Projects Report - Public Dashboard,March 2026,True,False
354,Oil & Gas,Ministry of Petroleum & Natural Gas,Ministry of Petroleum & Natural Gas,709849,PRP-VIII Group B [NH & BS Asset],2380,3165.53,2653.0,95,2026-02-28,2026-05-15,2024-06-20,76,1,785.5300000000002,33.01,1.1147,111.47,2026,2026,2024.0,Ministry of Statistics and Programme Implementation,Infrastructure and Project Monitoring Division,PAIMANA,Projects Report - Public Dashboard,March 2026,True,False
355,Oil & Gas,Ministry of Petroleum & Natural Gas,Oil and Natural Gas Corporation Limited [ONGC],400169,Redevelopment of Linch Field,631,860.04,603.43,90,2025-03-31,2026-07-25,2021-04-23,481,1,229.03999999999996,36.3,0.9563,95.63,2025,2026,2021.0,Ministry of Statistics and Programme Implementation,Infrastructure and Project Monitoring Division,PAIMANA,Projects Report - Public Dashboard,March 2026,True,False
356,Oil & Gas,Ministry of Petroleum & Natural Gas,Oil and Natural Gas Corporation Limited [ONGC],400167,Redevelopment of Santhal Field [Onshore-Mehsana Asset],1163,1162.56,1152.0,96,2026-03-31,2026-04-30,2017-02-23,30,1,-0.44000000000005457,-0.04,0.9905,99.05,2026,2026,2017.0,Ministry of Statistics and Programme Implementation,Infrastructure and Project Monitoring Division,PAIMANA,Projects Report - Public Dashboard,March 2026,True,False
357,Oil & Gas,Ministry of Petroleum & Natural Gas,Oil and Natural Gas Corporation Limited [ONGC],400087,Redevelopment of Sobhasan Complex,886,1347.61,944.4,87,2027-03-31,2027-03-27,2021-08-13,0,0,461.6099999999999,52.1,1.0659,106.59,2027,2027,2021.0,Ministry of Statistics and Programme Implementation,Infrastructure and Project Monitoring Division,PAIMANA,Projects Report - Public Dashboard,March 2026,True,False
358,Oil & Gas,Ministry of Petroleum & Natural Gas,Oil and Natural Gas Corporation Limited [ONGC],709840,"Restoration of Gas Terminal, Phase-I [Part-A], Hazira",249,249.43,210.5,97,2025-02-10,2026-04-30,2022-05-27,444,1,0.4300000000000068,0.17,0.8454,84.54,2025,2026,2022.0,Ministry of Statistics and Programme Implementation,Infrastructure and Project Monitoring Division,PAIMANA,Projects Report - Public Dashboard,March 2026,True,False
359,Oil & Gas,Ministry of Petroleum & Natural Gas,MinistryofPetroleumNaturalGas,709781,Revamping / Augmentation of Facilities at Mathura Bitumen Plant,260,260.12,19.19,52,2027-06-30,2026-12-31,2022-04-19,0,0,0.12000000000000455,0.05,0.0738,7.38,2027,2026,2022.0,Ministry of Statistics and Programme Implementation,Infrastructure and Project Monitoring Division,PAIMANA,Projects Report - Public Dashboard,March 2026,True,False
360,Oil & Gas,Ministry of Petroleum & Natural Gas,Oil and Natural Gas Corporation Limited [ONGC],709845,"Revamping of SV Stations, Gas Terminal & Kribhco Terminal",837,837.34,415.09,64,2026-08-31,2026-08-31,2022-11-30,0,0,0.34000000000003183,0.04,0.4959,49.59,2026,2026,2022.0,Ministry of Statistics and Programme Implementation,Infrastructure and Project Monitoring Division,PAIMANA,Projects Report - Public Dashboard,March 2026,True,False
361,Oil & Gas,Ministry of Petroleum & Natural Gas,Ministry of Petroleum & Natural Gas,709774,Revamping/ Augmentation of facilities at existing port terminal at Mangalore,463,500.62,299.46,83,2025-12-31,2027-06-30,2022-01-31,546,1,37.620000000000005,8.13,0.6468,64.68,2025,2027,2022.0,Ministry of Statistics and Programme Implementation,Infrastructure and Project Monitoring Division,PAIMANA,Projects Report - Public Dashboard,March 2026,True,False
362,Oil & Gas,Ministry of Petroleum & Natural Gas,MinistryofPetroleumNaturalGas,617304,"Setting up of LPG Plant with Rail Unloading Facility at Hathua, Dist. Gopalganj, Bihar",340,340.15,162.23,48,2027-03-01,2027-03-01,2023-10-27,0,0,0.14999999999997726,0.04,0.4771,47.71,2027,2027,2023.0,Ministry of Statistics and Programme Implementation,Infrastructure and Project Monitoring Division,PAIMANA,Projects Report - Public Dashboard,March 2026,True,False
363,Oil & Gas,Ministry of Petroleum & Natural Gas,MinistryofPetroleumNaturalGas,709799,Setting up Polypropylene Unit at Kochi Refinery,4460,4460.0,802.13,28,2027-10-31,2027-10-31,2023-12-19,0,0,0.0,0.0,0.1798,17.98,2027,2027,2023.0,Ministry of Statistics and Programme Implementation,Infrastructure and Project Monitoring Division,PAIMANA,Projects Report - Public Dashboard,March 2026,True,False
364,Oil & Gas,Ministry of Petroleum & Natural Gas,Ministry of Petroleum & Natural Gas,617837,Siliguri Marketing Terminal [SMT] Capacity Augmentation Project,484,484.0,307.82,86,2025-12-31,2026-09-30,2021-11-08,273,1,0.0,0.0,0.636,63.6,2025,2026,2021.0,Ministry of Statistics and Programme Implementation,Infrastructure and Project Monitoring Division,PAIMANA,Projects Report - Public Dashboard,March 2026,True,False
365,Oil & Gas,Ministry of Petroleum & Natural Gas,Indian Oil Corporation Limited [IOCL],617828,Siliguri-Jhapa Pipeline Project,267,267.0,1.77,10,2029-03-29,2029-03-29,2024-09-30,0,0,0.0,0.0,0.0066,0.66,2029,2029,2024.0,Ministry of Statistics and Programme Implementation,Infrastructure and Project Monitoring Division,PAIMANA,Projects Report - Public Dashboard,March 2026,True,False
366,Oil & Gas,Ministry of Petroleum & Natural Gas,Ministry of Petroleum and Natural Gas,616254,Visakh Raipur Pipeline Project,2212,2212.0,481.17,31,2027-09-10,2027-09-10,2024-09-11,0,0,0.0,0.0,0.2175,21.75,2027,2027,2024.0,Ministry of Statistics and Programme Implementation,Infrastructure and Project Monitoring Division,PAIMANA,Projects Report - Public Dashboard,March 2026,True,False
367,Railways,Ministry of Coal,Railway,400203,Dharamjaigarh-Korba,1686,2438.53,618.64,43,2026-12-31,2026-08-31,2018-05-22,0,0,752.5300000000002,44.63,0.3669,36.69,2026,2026,2018.0,Ministry of Statistics and Programme Implementation,Infrastructure and Project Monitoring Division,PAIMANA,Projects Report - Public Dashboard,March 2026,True,False
368,Railways,Ministry of Coal,Ministry of Coal,400416,Shivpur-Kathautia New Rail [BG] Line [49 km] [Package II of Tori-Shivpur-Kathautia line],1800,2564.34,1663.13,66,2025-06-30,2026-06-30,2018-02-27,365,1,764.3400000000001,42.46,0.924,92.4,2025,2026,2018.0,Ministry of Statistics and Programme Implementation,Infrastructure and Project Monitoring Division,PAIMANA,Projects Report - Public Dashboard,March 2026,True,False
371,Railways,Ministry of Railways,East Coast Railway [ECoR] - II,705515,3rd & 4th Railway Line Project from Salegaon to Budhapank via Rajathgarh.,1173,2092.0,2098.98,87,2026-03-31,2026-03-31,2013-07-11,0,0,919.0,78.35,1.7894,178.94,2026,2026,2013.0,Ministry of Statistics and Programme Implementation,Infrastructure and Project Monitoring Division,PAIMANA,Projects Report - Public Dashboard,March 2026,True,False
372,Railways,Ministry of Railways,SECR,709819,3RD AND 4TH LINE - SARAGBUNDIA AND MADWARANI,168,,3.77,8,2026-12-31,2026-12-31,2022-09-12,0,0,,,0.0224,2.24,2026,2026,2022.0,Ministry of Statistics and Programme Implementation,Infrastructure and Project Monitoring Division,PAIMANA,Projects Report - Public Dashboard,March 2026,True,False
374,Railways,Ministry of Railways,Central Railway,705498,3rd Line Kalyan - Kasara [67.35 Kilometres],793,1395.79,1033.38,71,2026-12-31,2026-12-31,2015-09-14,0,0,602.79,76.01,1.3031,130.31,2026,2026,2015.0,Ministry of Statistics and Programme Implementation,Infrastructure and Project Monitoring Division,PAIMANA,Projects Report - Public Dashboard,March 2026,True,False
375,Railways,Ministry of Railways,Central Railway [CR] - II,705506,3rd Line Manmad - Jalgaon [160 Kilometres],1035,1870.0,1817.02,100,2024-12-31,2025-08-31,2017-05-30,243,1,835.0,80.68,1.7556,175.56,2024,2025,2017.0,Ministry of Statistics and Programme Implementation,Infrastructure and Project Monitoring Division,PAIMANA,Projects Report - Public Dashboard,March 2026,True,False
376,Railways,Ministry of Railways,Central Railway [CR] - II,705502,3rd Line Wardha - Ballarshah [132 Kilometres],1385,2033.59,1776.89,98,2025-12-31,2026-02-28,2016-03-07,59,1,648.5899999999999,46.83,1.283,128.3,2025,2026,2016.0,Ministry of Statistics and Programme Implementation,Infrastructure and Project Monitoring Division,PAIMANA,Projects Report - Public Dashboard,March 2026,True,False
377,Railways,Ministry of Railways,Central Railway [CR] - II,705500,3rd Line Wardha - Sewagram - Nagpur,540,916.53,811.58,88,2025-12-31,2026-10-31,2015-09-04,304,1,376.53,69.73,1.5029,150.29,2025,2026,2015.0,Ministry of Statistics and Programme Implementation,Infrastructure and Project Monitoring Division,PAIMANA,Projects Report - Public Dashboard,March 2026,True,False
378,Railways,Ministry of Railways,SECR,709815,4TH LINE - BHATAPARA-HATHBAND [8.8 KM] [PB-72/NR/2022-23],177,177.03,4.68,15,2027-01-31,2027-12-31,2022-09-30,334,1,0.030000000000001137,0.02,0.0264,2.64,2027,2027,2022.0,Ministry of Statistics and Programme Implementation,Infrastructure and Project Monitoring Division,PAIMANA,Projects Report - Public Dashboard,March 2026,True,False
379,Railways,Ministry of Railways,SECR,709816,4TH LINE - BHILAI-BHILAI NAGAR [8.8 KM] [PB-72/NR/2022-23],177,177.34,1.91,7,2027-02-28,2027-02-28,2022-09-30,0,0,0.3400000000000034,0.19,0.0108,1.08,2027,2027,2022.0,Ministry of Statistics and Programme Implementation,Infrastructure and Project Monitoring Division,PAIMANA,Projects Report - Public Dashboard,March 2026,True,False
380,Railways,Ministry of Railways,SECR,709817,4TH LINE - DADHAPARA-BELHA [9.2 KM] [PB-72/NR/2022-23],169,169.06,21.65,64,2026-11-30,2026-11-26,2022-09-15,0,0,0.060000000000002274,0.04,0.1281,12.81,2026,2026,2022.0,Ministry of Statistics and Programme Implementation,Infrastructure and Project Monitoring Division,PAIMANA,Projects Report - Public Dashboard,March 2026,True,False
381,Railways,Ministry of Railways,Western Railway WR - II,612072,4th LINE BETWEEN BAREJADI NANDEJ-SANAND-AHMEDABAD BYPASS,962,961.67,496.02,21,2027-03-31,2028-07-31,2023-02-03,488,1,-0.3300000000000409,-0.03,0.5156,51.56,2027,2028,2023.0,Ministry of Statistics and Programme Implementation,Infrastructure and Project Monitoring Division,PAIMANA,Projects Report - Public Dashboard,March 2026,True,False
383,Railways,Ministry of Railways,SECR,709818,4TH LINE RAJNANDGAON-DONGARHGARH [31.2 KM] [PB-72/NR/2022-23],328,328.34,74.77,32,2027-01-31,2027-01-31,2022-09-12,0,0,0.339999999999975,0.1,0.228,22.8,2027,2027,2022.0,Ministry of Statistics and Programme Implementation,Infrastructure and Project Monitoring Division,PAIMANA,Projects Report - Public Dashboard,March 2026,True,False
384,Railways,Ministry of Railways,Central Railway [CR] - II,705505,4th Line Wardha - Nagpur [78.7 Kilometres],638,1214.69,1031.75,88,2025-12-31,2026-10-31,2017-04-20,304,1,576.69,90.39,1.6172,161.72,2025,2026,2017.0,Ministry of Statistics and Programme Implementation,Infrastructure and Project Monitoring Division,PAIMANA,Projects Report - Public Dashboard,March 2026,True,False
385,Railways,Ministry of Railways,CAO/C/NCR,705919,Agra Fort-Bandikui Doubling Line Project,1390,1390.0,428.26,65,2027-06-30,2027-06-27,2022-06-01,0,0,0.0,0.0,0.3081,30.81,2027,2027,2022.0,Ministry of Statistics and Programme Implementation,Infrastructure and Project Monitoring Division,PAIMANA,Projects Report - Public Dashboard,March 2026,True,False
386,Railways,Ministry of Railways,Central Railway [CR] - II,705356,Ahmednagar - Beed - Parli - Vaijnath New Broad Gauge Line Railway Project [261.3 km],2539,4957.27,5133.5,98,2026-03-31,2026-03-31,1999-01-01,0,0,2418.2700000000004,95.24,2.0219,202.19,2026,2026,1999.0,Ministry of Statistics and Programme Implementation,Infrastructure and Project Monitoring Division,PAIMANA,Projects Report - Public Dashboard,March 2026,True,False
388,Railways,Ministry of Railways,CAO/C/NCR,705774,Aligarh -Daud Khan Flyover Construction & 3rd Railway Line Project,758,779.49,469.8,83,2025-01-31,2027-03-31,2019-04-01,789,1,21.49000000000001,2.84,0.6198,61.98,2025,2027,2019.0,Ministry of Statistics and Programme Implementation,Infrastructure and Project Monitoring Division,PAIMANA,Projects Report - Public Dashboard,March 2026,True,False
389,Railways,Ministry of Railways,North Central Railway,705918,Allahabad division - Aligarh - Harduaganj Flyover,1457,,400.19,14,2026-10-30,2027-03-31,2020-04-30,152,1,,,0.2747,27.47,2026,2027,2020.0,Ministry of Statistics and Programme Implementation,Infrastructure and Project Monitoring Division,PAIMANA,Projects Report - Public Dashboard,March 2026,True,False
390,Railways,Ministry of Railways,North Central Railway,705771,Allahabad-Bamhrauli Flyover Construction & 4th Railway Line Project,494,494.0,376.99,76,2026-03-31,2026-03-26,2019-04-01,0,0,0.0,0.0,0.7631,76.31,2026,2026,2019.0,Ministry of Statistics and Programme Implementation,Infrastructure and Project Monitoring Division,PAIMANA,Projects Report - Public Dashboard,March 2026,True,False
391,Railways,Ministry of Railways,CAO/C/NR,705583,Anand Vihar-Tilak Bridge 3rd & 4th line,667,667.0,303.54,23,2023-03-31,2027-12-31,2013-03-31,1736,1,0.0,0.0,0.4551,45.51,2023,2027,2013.0,Ministry of Statistics and Programme Implementation,Infrastructure and Project Monitoring Division,PAIMANA,Projects Report - Public Dashboard,March 2026,True,False
393,Railways,Ministry of Railways,East Central Railway [ECR] - I,705368,Araria Supaul New BG Line,1605,2514.0,1704.33,46,2024-03-31,2027-01-31,2018-06-29,1036,1,909.0,56.64,1.0619,106.19,2024,2027,2018.0,Ministry of Statistics and Programme Implementation,Infrastructure and Project Monitoring Division,PAIMANA,Projects Report - Public Dashboard,March 2026,True,False
397,Railways,Ministry of Railways,South Western Railway [SWR] - II,705495,Bagalkot-Kudachi New Railway Line [142 km],1378,1649.0,783.19,36,2027-03-31,2027-01-31,2013-10-04,0,0,271.0,19.67,0.5684,56.84,2027,2027,2013.0,Ministry of Statistics and Programme Implementation,Infrastructure and Project Monitoring Division,PAIMANA,Projects Report - Public Dashboard,March 2026,True,False
398,Railways,Ministry of Railways,North Eastern Railway [NER],400204,Bahraich-Shravasti-Balrampur-Siddharthnagar -Santkabir nagar,4940,4939.78,971.79,9,2030-10-30,2030-10-31,2018-10-03,1,1,-0.22000000000025466,-0.0,0.1967,19.67,2030,2030,2018.0,Ministry of Statistics and Programme Implementation,Infrastructure and Project Monitoring Division,PAIMANA,Projects Report - Public Dashboard,March 2026,True,False
399,Railways,Ministry of Railways,Karnataka Rail Infrastructure Development Company Limited [K-RIDE],703586,Baiyyappanahalli - Hosur Doubling Project [48 km],499,748.7,694.91,88,2024-03-31,2026-01-31,2019-04-01,671,1,249.70000000000005,50.04,1.3926,139.26,2024,2026,2019.0,Ministry of Statistics and Programme Implementation,Infrastructure and Project Monitoring Division,PAIMANA,Projects Report - Public Dashboard,March 2026,True,False
400,Railways,Ministry of Railways,Karnataka Rail Infrastructure Development Company Limited [K-RIDE],705941,Bangalore Suburban Railway Project,15767,,3182.59,20,2026-12-31,2030-03-31,2020-10-21,1186,1,,,0.2019,20.19,2026,2030,2020.0,Ministry of Statistics and Programme Implementation,Infrastructure and Project Monitoring Division,PAIMANA,Projects Report - Public Dashboard,March 2026,True,False
401,Railways,Ministry of Railways,South Western Railway [SWR] - II,705663,Bangalore-Whitefield-Bangalore City-Krishnarajapuram [23.08 km] - Quadrupling,493,493.0,297.52,85,2026-02-28,2026-02-28,2018-02-20,0,0,0.0,0.0,0.6035,60.35,2026,2026,2018.0,Ministry of Statistics and Programme Implementation,Infrastructure and Project Monitoring Division,PAIMANA,Projects Report - Public Dashboard,March 2026,True,False
403,Railways,Ministry of Railways,Ministry of Railways,705782,Barabanki-Malhaur 3rd & 4th Railway Line Project,407,407.0,392.94,77,2025-03-31,2026-08-31,2019-01-01,518,1,0.0,0.0,0.9655,96.55,2025,2026,2019.0,Ministry of Statistics and Programme Implementation,Infrastructure and Project Monitoring Division,PAIMANA,Projects Report - Public Dashboard,March 2026,True,False
404,Railways,Ministry of Railways,Central Railway,705357,Baramati Lonand New Line Project,138,1843.9,951.07,60,2027-03-31,2027-03-31,2016-03-31,0,0,1705.9,1236.16,6.8918,689.18,2027,2027,2016.0,Ministry of Statistics and Programme Implementation,Infrastructure and Project Monitoring Division,PAIMANA,Projects Report - Public Dashboard,March 2026,True,False
405,Railways,Ministry of Railways,RVNL - II,706777,Baranagar-Barrackpore and Dakshineshwar- Construction of Metro Railway,2298,2734.0,393.02,17,2026-12-31,2030-12-31,2010-03-15,1461,1,436.0,18.97,0.171,17.1,2026,2030,2010.0,Ministry of Statistics and Programme Implementation,Infrastructure and Project Monitoring Division,PAIMANA,Projects Report - Public Dashboard,March 2026,True,False
406,Railways,Ministry of Railways,East Central Railway [ECR] - I,706860,Barauni-Bachwara [16 km] - 3rd & 4th line incl. Barauni yard remodelling [32 km],645,,44.51,56,2025-08-01,2026-10-31,2022-10-07,456,1,,,0.069,6.9,2025,2026,2022.0,Ministry of Statistics and Programme Implementation,Infrastructure and Project Monitoring Division,PAIMANA,Projects Report - Public Dashboard,March 2026,True,False
407,Railways,Ministry of Railways,South Western Railway [SWR] - II,706835,Belgaum-Dharwad via Kittur [73.10Km],1591,,0.38,0,2027-12-31,2029-03-31,2020-09-07,456,1,,,0.0002,0.02,2027,2029,2020.0,Ministry of Statistics and Programme Implementation,Infrastructure and Project Monitoring Division,PAIMANA,Projects Report - Public Dashboard,March 2026,True,False
408,Railways,Ministry of Railways,East Coast Railway [ECoR] - II,705510,Bhadrak-Nergundi Third Line,1284,1284.0,1334.31,93,2024-11-30,2026-01-31,2015-10-05,427,1,0.0,0.0,1.0392,103.92,2024,2026,2015.0,Ministry of Statistics and Programme Implementation,Infrastructure and Project Monitoring Division,PAIMANA,Projects Report - Public Dashboard,March 2026,True,False
409,Railways,Ministry of Railways,North Central Railway [NCR] - II,705777,Bhandai - Flyover for Etawah bound down train- 10 Km,250,250.18,115.71,8,2026-02-28,2027-02-28,2020-07-11,365,1,0.18000000000000682,0.07,0.4628,46.28,2026,2027,2020.0,Ministry of Statistics and Programme Implementation,Infrastructure and Project Monitoring Division,PAIMANA,Projects Report - Public Dashboard,March 2026,True,False
410,Railways,Ministry of Railways,RVNL - II,705428,Bhanupalli-Bilaspur-Beri New Railway Line Project,13447,13447.0,7556.6,63,2026-12-31,2027-12-30,2009-03-31,364,1,0.0,0.0,0.562,56.2,2026,2027,2009.0,Ministry of Statistics and Programme Implementation,Infrastructure and Project Monitoring Division,PAIMANA,Projects Report - Public Dashboard,March 2026,True,False
411,Railways,Ministry of Railways,RVNL - I,705780,Bhatni-Aurnihar with electrification excluding Indara-Mau,2529,2529.46,2138.39,96,2024-12-31,2026-06-30,2018-03-01,546,1,0.4600000000000364,0.02,0.8455,84.55,2024,2026,2018.0,Ministry of Statistics and Programme Implementation,Infrastructure and Project Monitoring Division,PAIMANA,Projects Report - Public Dashboard,March 2026,True,False
412,Railways,Ministry of Railways,North Western Railway [NWR],611884,Bhiwani - Dobh Bahali Doubling Project [42.30 Km],471,471.0,250.47,72,2028-02-29,2028-02-28,2023-02-01,0,0,0.0,0.0,0.5318,53.18,2028,2028,2023.0,Ministry of Statistics and Programme Implementation,Infrastructure and Project Monitoring Division,PAIMANA,Projects Report - Public Dashboard,March 2026,True,False
413,Railways,Ministry of Railways,South East Central Railway [SECR] - II,706854,Boridand - Ambikapur Doubling Line Project,1376,1576.72,224.23,26,2030-06-30,2030-06-30,2022-06-01,0,0,200.72000000000003,14.59,0.163,16.3,2030,2030,2022.0,Ministry of Statistics and Programme Implementation,Infrastructure and Project Monitoring Division,PAIMANA,Projects Report - Public Dashboard,March 2026,True,False
414,Railways,Ministry of Railways,East Coast Railway [ECoR] - II,400232,Brundamal-Jharsuguda- flyover connection for joining downline,297,297.0,224.43,52,2026-12-26,2026-12-26,2014-01-30,0,0,0.0,0.0,0.7557,75.57,2026,2026,2014.0,Ministry of Statistics and Programme Implementation,Infrastructure and Project Monitoring Division,PAIMANA,Projects Report - Public Dashboard,March 2026,True,False
416,Railways,Ministry of Railways,North Eastern Railway [NER],705567,Burhwal Gonda 3rd line,1016,1118.0,1014.1,88,2025-03-25,2026-05-30,2017-11-10,431,1,102.0,10.04,0.9981,99.81,2025,2026,2017.0,Ministry of Statistics and Programme Implementation,Infrastructure and Project Monitoring Division,PAIMANA,Projects Report - Public Dashboard,March 2026,True,False
417,Railways,Ministry of Railways,Northen Railway [NR],705424,Chandigarh-Baddi New Rail Line- 36 km,1540,1540.13,578.99,42,2026-12-31,2026-12-31,2018-02-15,0,0,0.13000000000010914,0.01,0.376,37.6,2026,2026,2018.0,Ministry of Statistics and Programme Implementation,Infrastructure and Project Monitoring Division,PAIMANA,Projects Report - Public Dashboard,March 2026,True,False
419,Railways,Ministry of Railways,North Eastern Railway [NER],705562,Chhapra-Ballia Patch Doubling,963,1046.0,914.38,96,2025-02-25,2026-05-30,2013-03-31,459,1,83.0,8.62,0.9495,94.95,2025,2026,2013.0,Ministry of Statistics and Programme Implementation,Infrastructure and Project Monitoring Division,PAIMANA,Projects Report - Public Dashboard,March 2026,True,False
420,Railways,Ministry of Railways,Western Railway [WR] - II,705454,Chhota Udaipur - Dhar New Line Project [157 km],1794,1794.0,1816.87,80,2025-12-27,2025-12-27,2008-11-19,0,0,0.0,0.0,1.0127,101.27,2025,2025,2008.0,Ministry of Statistics and Programme Implementation,Infrastructure and Project Monitoring Division,PAIMANA,Projects Report - Public Dashboard,March 2026,True,False
423,Railways,Ministry of Railways,Northeast Frontier Railway [NFR],612096,Construction of Balurghat-Hilli new BG Line,1209,1181.57,449.29,16,2027-03-31,2027-03-31,2010-12-29,0,0,-27.430000000000064,-2.27,0.3716,37.16,2027,2027,2010.0,Ministry of Statistics and Programme Implementation,Infrastructure and Project Monitoring Division,PAIMANA,Projects Report - Public Dashboard,March 2026,True,False
425,Railways,Ministry of Railways,South Western Railway [SWR] - II,400023,Construction of New BG line between Hassan to Belur [27 Km],749,,0.94,0,2028-04-30,2027-04-30,2019-03-01,0,0,,,0.0013,0.13,2028,2027,2019.0,Ministry of Statistics and Programme Implementation,Infrastructure and Project Monitoring Division,PAIMANA,Projects Report - Public Dashboard,March 2026,True,False
428,Railways,Ministry of Railways,Rail Vikas Nigam Limited,617374,"Dallirajhara - Rowghat New Rail Line Project, Phase-I",1516,1881.26,2119.82,98,2025-03-31,2026-02-28,2009-07-15,334,1,365.26,24.09,1.3983,139.83,2025,2026,2009.0,Ministry of Statistics and Programme Implementation,Infrastructure and Project Monitoring Division,PAIMANA,Projects Report - Public Dashboard,March 2026,True,False
429,Railways,Ministry of Railways,Rail Vikas Nigam Limited,705433,Dallirajhra- Rowghat New Railway Line - Phase I [95 km],1628,1628.0,1440.85,82,2025-09-30,2025-12-31,2009-07-15,92,1,0.0,0.0,0.885,88.5,2025,2025,2009.0,Ministry of Statistics and Programme Implementation,Infrastructure and Project Monitoring Division,PAIMANA,Projects Report - Public Dashboard,March 2026,True,False
431,Railways,Ministry of Railways,Northern Railways,617379,Development of New Bijwasan Railway Terminal,446,,532.83,80,2020-03-31,2026-12-31,2008-02-28,2466,1,,,1.1947,119.47,2020,2026,2008.0,Ministry of Statistics and Programme Implementation,Infrastructure and Project Monitoring Division,PAIMANA,Projects Report - Public Dashboard,March 2026,True,False
432,Railways,Ministry of Railways,North Western Railway [NWR],611849,Devgarh Madariya - Nathdwara Gauge Conversion [82.54 Km] part of Marwar - Mavli Gauge Conversion [152 Km],969,,275.74,56,2028-06-01,2028-06-28,2023-01-24,27,1,,,0.2846,28.46,2028,2028,2023.0,Ministry of Statistics and Programme Implementation,Infrastructure and Project Monitoring Division,PAIMANA,Projects Report - Public Dashboard,March 2026,True,False
434,Railways,Ministry of Railways,North Central Railway,705482,Dholpur - Sirmuttra Gauge Conversion,747,747.0,467.2,49,2019-02-28,2027-02-28,2022-03-31,2922,1,0.0,0.0,0.6254,62.54,2019,2027,2022.0,Ministry of Statistics and Programme Implementation,Infrastructure and Project Monitoring Division,PAIMANA,Projects Report - Public Dashboard,March 2026,True,False
435,Railways,Ministry of Railways,Central Railway,400019,DHULE [BORVIHIR] - NARDANA NEW LINE [50.60 KMS],493,1170.83,480.92,25,2026-12-31,2027-09-30,2019-01-31,273,1,677.8299999999999,137.49,0.9755,97.55,2026,2027,2019.0,Ministry of Statistics and Programme Implementation,Infrastructure and Project Monitoring Division,PAIMANA,Projects Report - Public Dashboard,March 2026,True,False
436,Railways,Ministry of Railways,Northeast Frontier Railway [NFR] - II,705392,Dimapur [Dhansiri]-Sukhobi Kohima [Zubza] NL [82.5 Km],6663,6663.0,6111.34,42,2025-03-26,2029-12-31,2015-08-26,1741,1,0.0,0.0,0.9172,91.72,2025,2029,2015.0,Ministry of Statistics and Programme Implementation,Infrastructure and Project Monitoring Division,PAIMANA,Projects Report - Public Dashboard,March 2026,True,False
443,Railways,Ministry of Railways,East Central Railway [ECR] - I,617372,Doubling between Pradhankunta-Patherih-Bhojudih of East Central Railway,349,,119.69,71,2025-12-31,2026-03-31,2022-11-21,90,1,,,0.343,34.3,2025,2026,2022.0,Ministry of Statistics and Programme Implementation,Infrastructure and Project Monitoring Division,PAIMANA,Projects Report - Public Dashboard,March 2026,True,False
444,Railways,Ministry of Railways,Central Railway,705504,Doubling of Daund Manmad Line [247.6 km],2081,3267.06,3030.48,92,2025-12-01,2026-03-31,2017-10-04,120,1,1186.06,56.99,1.4563,145.63,2025,2026,2017.0,Ministry of Statistics and Programme Implementation,Infrastructure and Project Monitoring Division,PAIMANA,Projects Report - Public Dashboard,March 2026,True,False
446,Railways,Ministry of Railways,South Eastern Railway - JH,705628,Doubling of Hatia [Ranchi]-Bondamunda Rail Line - 159 km,3029,3029.04,2589.94,90,2025-06-30,2026-06-30,2016-03-31,365,1,0.03999999999996362,0.0,0.855,85.5,2025,2026,2016.0,Ministry of Statistics and Programme Implementation,Infrastructure and Project Monitoring Division,PAIMANA,Projects Report - Public Dashboard,March 2026,True,False
447,Railways,Ministry of Railways,Indian Railway Construction International Limited [IRCON],705660,Doubling of Katni - Singrauli Railway Line [261 km],2445,4377.0,3306.78,81,2025-12-26,2025-12-27,2016-03-31,1,1,1932.0,79.02,1.3525,135.25,2025,2025,2016.0,Ministry of Statistics and Programme Implementation,Infrastructure and Project Monitoring Division,PAIMANA,Projects Report - Public Dashboard,March 2026,True,False
448,Railways,Ministry of Railways,East Coast Railway [ECoR] - II,400291,Doubling of Kirandul-Jagdalpur Line [150 km],1589,1798.0,1637.5,98,2020-03-31,2026-05-31,2013-02-20,2252,1,209.0,13.15,1.0305,103.05,2020,2026,2013.0,Ministry of Statistics and Programme Implementation,Infrastructure and Project Monitoring Division,PAIMANA,Projects Report - Public Dashboard,March 2026,True,False
449,Railways,Ministry of Railways,East Coast Railway [ECoR] - II,705512,Doubling of Kottavalasa-Koraput Rail Line [189 KM],2500,2500.0,2129.81,73,2022-03-31,2028-03-31,2015-12-08,2192,1,0.0,0.0,0.8519,85.19,2022,2028,2015.0,Ministry of Statistics and Programme Implementation,Infrastructure and Project Monitoring Division,PAIMANA,Projects Report - Public Dashboard,March 2026,True,False
450,Railways,Ministry of Railways,East Coast Railway [ECoR] - II,400048,Doubling of lines connecting the loading spurs in Talcher Yard.,186,,96.77,88,2024-12-31,2026-04-30,2022-09-12,485,1,,,0.5203,52.03,2024,2026,2022.0,Ministry of Statistics and Programme Implementation,Infrastructure and Project Monitoring Division,PAIMANA,Projects Report - Public Dashboard,March 2026,True,False
451,Railways,Ministry of Railways,East Coast Railway [ECoR] - II,400047,Doubling of Lingaraj SILO connectivity of NTPC line and augmentation of NTPC exchange yard and NTPC Block Cabin.,210,,38.26,50,2024-12-31,2026-12-31,2022-08-19,730,1,,,0.1822,18.22,2024,2026,2022.0,Ministry of Statistics and Programme Implementation,Infrastructure and Project Monitoring Division,PAIMANA,Projects Report - Public Dashboard,March 2026,True,False
452,Railways,Ministry of Railways,Northeast Frontier Railway [NFR],705572,Doubling of New Bonggigaon to Kamakhya via Goalpara - 176 km,4060,4961.0,3803.16,93,2026-03-31,2026-03-31,2016-09-02,0,0,901.0,22.19,0.9367,93.67,2026,2026,2016.0,Ministry of Statistics and Programme Implementation,Infrastructure and Project Monitoring Division,PAIMANA,Projects Report - Public Dashboard,March 2026,True,False
453,Railways,Ministry of Railways,RVNL - II,400277,Dum Dum Airport-New Garia via Rajarhat-Construction of Metro Railway,8964,8964.0,8617.5,87,2025-12-31,2027-12-31,2010-03-15,730,1,0.0,0.0,0.9613,96.13,2025,2027,2010.0,Ministry of Statistics and Programme Implementation,Infrastructure and Project Monitoring Division,PAIMANA,Projects Report - Public Dashboard,March 2026,True,False
454,Railways,Ministry of Railways,SR-ERS,705639,Ernakulam-Kumbalam doubling project [7.71 Km],601,595.39,300.61,24,2028-03-31,2027-02-28,2023-04-03,0,0,-5.610000000000014,-0.93,0.5002,50.02,2028,2027,2023.0,Ministry of Statistics and Programme Implementation,Infrastructure and Project Monitoring Division,PAIMANA,Projects Report - Public Dashboard,March 2026,True,False
455,Railways,Ministry of Railways,East Central Railway [ECR] - I,705373,"Fatuha-Islampur incl. MM for extn.of NL from Neora to Daniawan , Daniawan to Biharsharif, Biharsharif to Barbigha , Barbigha to Shekhpura",1473,2882.0,2641.14,98,2023-03-31,2025-08-31,2002-08-19,884,1,1409.0,95.66,1.793,179.3,2023,2025,2002.0,Ministry of Statistics and Programme Implementation,Infrastructure and Project Monitoring Division,PAIMANA,Projects Report - Public Dashboard,March 2026,True,False
459,Railways,Ministry of Railways,South Western Railway [SWR] - II,705490,Gadag-Wadi New Railway Line [257 km],2842,6700.0,1513.54,34,2027-03-31,2027-12-31,2013-04-01,275,1,3858.0,135.75,0.5326,53.26,2027,2027,2013.0,Ministry of Statistics and Programme Implementation,Infrastructure and Project Monitoring Division,PAIMANA,Projects Report - Public Dashboard,March 2026,True,False
460,Railways,Ministry of Railways,East Coast Railway [ECoR] - II,709811,GANDHAMARDAN IRON ORE MINES TO GOALDIH STATION/12.76kms,190,189.93,0.0,0,2027-09-30,2027-09-27,2022-09-09,0,0,-0.06999999999999318,-0.04,0.0,0.0,2027,2027,2022.0,Ministry of Statistics and Programme Implementation,Infrastructure and Project Monitoring Division,PAIMANA,Projects Report - Public Dashboard,March 2026,True,False
461,Railways,Ministry of Railways,SECR,602792,Gauge Conversion of Kendri-Dhamtari including Abhanpur - Rajim Branch line 67.20 Kms - 2nd Material Modification to Raipur Titlagarh doubling.,1171,1171.0,391.2,100,2025-02-28,2026-06-30,2011-07-01,487,1,0.0,0.0,0.3341,33.41,2025,2026,2011.0,Ministry of Statistics and Programme Implementation,Infrastructure and Project Monitoring Division,PAIMANA,Projects Report - Public Dashboard,March 2026,True,False
462,Railways,Ministry of Railways,Indian Railway Construction International Limited [IRCON],705444,Gevra Road-Pendra Road New Railway Line [135 km],4970,7448.52,5097.72,81,2022-03-31,2025-12-31,2014-04-05,1371,1,2478.5200000000004,49.87,1.0257,102.57,2022,2025,2014.0,Ministry of Statistics and Programme Implementation,Infrastructure and Project Monitoring Division,PAIMANA,Projects Report - Public Dashboard,March 2026,True,False
463,Railways,Ministry of Railways,East Central Railway [ECR] - I,705765,Gomoh - Flyover for DN trains,686,686.0,621.98,66,2026-03-26,2026-03-26,2018-01-29,0,0,0.0,0.0,0.9067,90.67,2026,2026,2018.0,Ministry of Statistics and Programme Implementation,Infrastructure and Project Monitoring Division,PAIMANA,Projects Report - Public Dashboard,March 2026,True,False
466,Railways,Ministry of Railways,South Central Railway [SCR] - II,611752,GOOTY-PENDEKALLU DOUBLING 29.225 Km,352,351.83,320.5,3,2027-03-31,2027-03-27,2023-03-01,0,0,-0.17000000000001592,-0.05,0.9105,91.05,2027,2027,2023.0,Ministry of Statistics and Programme Implementation,Infrastructure and Project Monitoring Division,PAIMANA,Projects Report - Public Dashboard,March 2026,True,False
468,Railways,Ministry of Railways,North Western Railway [NWR],705752,Gudha-Thatha Mithri Construction of Railway Track Project,819,967.06,397.28,100,2026-11-30,2026-11-30,2019-04-01,0,0,148.05999999999995,18.08,0.4851,48.51,2026,2026,2019.0,Ministry of Statistics and Programme Implementation,Infrastructure and Project Monitoring Division,PAIMANA,Projects Report - Public Dashboard,March 2026,True,False
470,Railways,Ministry of Railways,South Central Railway [SCR] - II,705633,Guntur-Guntakal Doubling Project,3733,4295.0,5463.71,94,2025-12-31,2026-12-31,2017-03-31,365,1,562.0,15.05,1.4636,146.36,2025,2026,2017.0,Ministry of Statistics and Programme Implementation,Infrastructure and Project Monitoring Division,PAIMANA,Projects Report - Public Dashboard,March 2026,True,False
471,Railways,Ministry of Railways,Central Organisation for Railway Electrification [CORE],706922,Guwahati-Dibrugarh via Tinsukia & Simaluguri-Dibrugarh,890,889.36,391.73,89,2020-09-03,2024-06-30,2020-09-30,1396,1,-0.6399999999999864,-0.07,0.4401,44.01,2020,2024,2020.0,Ministry of Statistics and Programme Implementation,Infrastructure and Project Monitoring Division,PAIMANA,Projects Report - Public Dashboard,March 2026,True,False
472,Railways,Ministry of Railways,North Central Railway,705419,Gwalior - Seopurkala with extension to Kota [Gauge Conversion],2913,2913.0,2144.59,89,2025-03-31,2026-02-28,2011-03-31,334,1,0.0,0.0,0.7362,73.62,2025,2026,2011.0,Ministry of Statistics and Programme Implementation,Infrastructure and Project Monitoring Division,PAIMANA,Projects Report - Public Dashboard,March 2026,True,False
473,Railways,Ministry of Railways,East Central Railway [ECR] - I,705366,Hajipur-Sagauli New line,2067,2087.0,2043.33,75,2020-03-31,2026-12-31,2007-10-05,2466,1,20.0,0.97,0.9885,98.85,2020,2026,2007.0,Ministry of Statistics and Programme Implementation,Infrastructure and Project Monitoring Division,PAIMANA,Projects Report - Public Dashboard,March 2026,True,False
475,Railways,Ministry of Railways,RVNL - II,705650,Hospet - Tinaighat - Vasco Rail Doubling Project,5060,5060.0,5299.33,86,2027-03-31,2027-12-30,2010-03-31,274,1,0.0,0.0,1.0473,104.73,2027,2027,2010.0,Ministry of Statistics and Programme Implementation,Infrastructure and Project Monitoring Division,PAIMANA,Projects Report - Public Dashboard,March 2026,True,False
476,Railways,Ministry of Railways,RVNL,706950,Hospet-Hubli-Vasco da Gama Line Electrification Project,744,1122.62,1161.7,100,2023-03-31,2026-06-30,2015-07-20,1187,1,378.6199999999999,50.89,1.5614,156.14,2023,2026,2015.0,Ministry of Statistics and Programme Implementation,Infrastructure and Project Monitoring Division,PAIMANA,Projects Report - Public Dashboard,March 2026,True,False
477,Railways,Ministry of Railways,RVNL - II,705763,Indore - Budni New Railway Line [198 kms],7474,7474.0,2529.03,35,2030-09-30,2030-09-30,2019-08-21,0,0,0.0,0.0,0.3384,33.84,2030,2030,2019.0,Ministry of Statistics and Programme Implementation,Infrastructure and Project Monitoring Division,PAIMANA,Projects Report - Public Dashboard,March 2026,True,False
478,Railways,Ministry of Railways,Central Railway [CR] - II,705507,Itarsi - Nagpur Third Railway Line [280 km],2450,2506.68,2086.49,55,2027-03-31,2027-12-31,2016-09-02,275,1,56.679999999999836,2.31,0.8516,85.16,2027,2027,2016.0,Ministry of Statistics and Programme Implementation,Infrastructure and Project Monitoring Division,PAIMANA,Projects Report - Public Dashboard,March 2026,True,False
479,Railways,Ministry of Railways,East Coast Railway [ECoR] - II,705511,Jagdalpur-Koraput,1547,1547.0,1369.95,94,2024-03-31,2026-12-31,2015-12-08,1005,1,0.0,0.0,0.8856,88.56,2024,2026,2015.0,Ministry of Statistics and Programme Implementation,Infrastructure and Project Monitoring Division,PAIMANA,Projects Report - Public Dashboard,March 2026,True,False
480,Railways,Ministry of Railways,CAO/C/II/NR,705588,Janghai-Pratapgarh- Amethi,722,1194.0,1670.58,80,2025-03-31,2026-03-31,2017-11-10,365,1,472.0,65.37,2.3138,231.38,2025,2026,2017.0,Ministry of Statistics and Programme Implementation,Infrastructure and Project Monitoring Division,PAIMANA,Projects Report - Public Dashboard,March 2026,True,False
481,Railways,Ministry of Railways,East Coast Railway [ECoR] - II,705514,Jarapada- Budhapank with flyover at Talcher road 3rd and 4th Line,1000,810.02,447.56,59,2018-11-13,2027-03-31,2015-11-18,3060,1,-189.98000000000002,-19.0,0.4476,44.76,2018,2027,2015.0,Ministry of Statistics and Programme Implementation,Infrastructure and Project Monitoring Division,PAIMANA,Projects Report - Public Dashboard,March 2026,True,False
482,Railways,Ministry of Railways,East Central Railway [ECR] - I,705362,"Jaynagar-Bijalpura, incl. extn. Bet, Bijalpura-Bardibas [Nepal]",819,819.0,580.51,75,2022-03-31,2026-03-31,2015-08-21,1461,1,0.0,0.0,0.7088,70.88,2022,2026,2015.0,Ministry of Statistics and Programme Implementation,Infrastructure and Project Monitoring Division,PAIMANA,Projects Report - Public Dashboard,March 2026,True,False
483,Railways,Ministry of Railways,East Coast Railway [ECoR] - II,705742,Jeypore-Malkanagiri New Railway Line Project,2344,,549.72,23,2033-07-31,2033-07-31,2018-02-18,0,0,,,0.2345,23.45,2033,2033,2018.0,Ministry of Statistics and Programme Implementation,Infrastructure and Project Monitoring Division,PAIMANA,Projects Report - Public Dashboard,March 2026,True,False
484,Railways,Ministry of Railways,East Coast Railway [ECoR] - II,705741,Jeypore-Navarangpur New Rail Line Project,748,748.0,14.43,2,2028-07-31,2029-12-31,2017-07-04,518,1,0.0,0.0,0.0193,1.93,2028,2029,2017.0,Ministry of Statistics and Programme Implementation,Infrastructure and Project Monitoring Division,PAIMANA,Projects Report - Public Dashboard,March 2026,True,False
485,Railways,Ministry of Railways,East Central Railway [ECR] - I,900874,JHAJHA - BATIA,588,,2.01,0,2028-03-31,2030-01-30,2023-03-14,670,1,,,0.0034,0.34,2028,2030,2023.0,Ministry of Statistics and Programme Implementation,Infrastructure and Project Monitoring Division,PAIMANA,Projects Report - Public Dashboard,March 2026,True,False
486,Railways,Ministry of Railways,CAO/C/NCR,705598,Jhansi - Bina Third Railway Line [153 Km],2002,2002.0,1912.33,96,2022-03-31,2026-03-31,2016-09-30,1461,1,0.0,0.0,0.9552,95.52,2022,2026,2016.0,Ministry of Statistics and Programme Implementation,Infrastructure and Project Monitoring Division,PAIMANA,Projects Report - Public Dashboard,March 2026,True,False
487,Railways,Ministry of Railways,North Central Railway,705608,Jhansi-Khairar-Manikpur & Khirar-Bhimsen,4330,4330.0,2760.45,67,2026-03-31,2026-03-31,2018-03-01,0,0,0.0,0.0,0.6375,63.75,2026,2026,2018.0,Ministry of Statistics and Programme Implementation,Infrastructure and Project Monitoring Division,PAIMANA,Projects Report - Public Dashboard,March 2026,True,False
488,Railways,Ministry of Railways,South Eastern Railway [SER] - I,400006,Jharsuguda-Barpali-Sardega Ph II Works- Rail Connectivity for Coal Loading Bulb at Barpali.,809,,596.45,36,2025-10-31,2026-12-31,2021-10-05,426,1,,,0.7373,73.73,2025,2026,2021.0,Ministry of Statistics and Programme Implementation,Infrastructure and Project Monitoring Division,PAIMANA,Projects Report - Public Dashboard,March 2026,True,False
489,Railways,Ministry of Railways,SECR,705616,Jharsuguda-Bilaspur Fourth Railway Line [206 km],2140,2979.0,2237.23,96,2024-10-31,2026-03-31,2016-09-08,516,1,839.0,39.21,1.0454,104.54,2024,2026,2016.0,Ministry of Statistics and Programme Implementation,Infrastructure and Project Monitoring Division,PAIMANA,Projects Report - Public Dashboard,March 2026,True,False
490,Railways,Ministry of Railways,Northeast Frontier Railway [NFR],705391,Jiribam-Imphal new line project,14323,21885.9,16020.8,72,2026-12-31,2029-06-30,2013-03-31,912,1,7562.9000000000015,52.8,1.1185,111.85,2026,2029,2013.0,Ministry of Statistics and Programme Implementation,Infrastructure and Project Monitoring Division,PAIMANA,Projects Report - Public Dashboard,March 2026,True,False
491,Railways,Ministry of Railways,Indian Railway Construction International Limited [IRCON],705450,Jogbani-Biratnagar New Rail Line project,402,486.0,369.18,86,2022-03-31,2026-12-31,2010-06-28,1736,1,84.0,20.9,0.9184,91.84,2022,2026,2010.0,Ministry of Statistics and Programme Implementation,Infrastructure and Project Monitoring Division,PAIMANA,Projects Report - Public Dashboard,March 2026,True,False
492,Railways,Ministry of Railways,RVNL - II,705730,Joka-BBD Bag new metro project,4835,10362.0,4931.47,51,2026-12-31,2029-12-31,2010-03-05,1096,1,5527.0,114.31,1.02,102.0,2026,2029,2010.0,Ministry of Statistics and Programme Implementation,Infrastructure and Project Monitoring Division,PAIMANA,Projects Report - Public Dashboard,March 2026,True,False
493,Railways,Ministry of Railways,South Western Railway [SWR] - II,705492,Kadur - Chickamagalur - Sakleshpur [93km],825,825.0,760.05,84,2025-06-30,2025-12-31,2014-01-27,184,1,0.0,0.0,0.9213,92.13,2025,2025,2014.0,Ministry of Statistics and Programme Implementation,Infrastructure and Project Monitoring Division,PAIMANA,Projects Report - Public Dashboard,March 2026,True,False
494,Railways,Ministry of Railways,Eastern Railway [ER] - I,400247,Kalinarayanpur-Krishnanagar Doubling Alongwith Krishnanagar - Chapra New Line And Naihati-Ranaghat 3rd Line.,1000,1000.0,1060.84,70,2027-02-28,2028-03-31,2015-07-28,397,1,0.0,0.0,1.0608,106.08,2027,2028,2015.0,Ministry of Statistics and Programme Implementation,Infrastructure and Project Monitoring Division,PAIMANA,Projects Report - Public Dashboard,March 2026,True,False
495,Railways,Ministry of Railways,Northeast Frontier Railway [NFR],617245,Katihar Kumedpur & Katihar Mukuria BG Doubling Project,943,,536.69,64,2026-08-31,2027-02-28,2022-08-26,181,1,,,0.5691,56.91,2026,2027,2022.0,Ministry of Statistics and Programme Implementation,Infrastructure and Project Monitoring Division,PAIMANA,Projects Report - Public Dashboard,March 2026,True,False
496,Railways,Ministry of Railways,Indian Railway Construction International Limited [IRCON],705661,Katni Grade Separator/Bye Pass,1248,1248.0,1810.01,95,2024-09-30,2026-09-30,2016-03-31,730,1,0.0,0.0,1.4503,145.03,2024,2026,2016.0,Ministry of Statistics and Programme Implementation,Infrastructure and Project Monitoring Division,PAIMANA,Projects Report - Public Dashboard,March 2026,True,False
498,Railways,Ministry of Railways,South Central Railway [SCR] - II,705612,Kazipet-Vijayawada 3rd line with electrification [220 km],1953,3363.0,5132.1,95,2025-02-28,2025-12-31,2013-03-31,306,1,1410.0,72.2,2.6278,262.78,2025,2025,2013.0,Ministry of Statistics and Programme Implementation,Infrastructure and Project Monitoring Division,PAIMANA,Projects Report - Public Dashboard,March 2026,True,False
499,Railways,Ministry of Railways,East Central Railway [ECR] - I,705364,Khagaria-Kusheshwar Asthan [42Km] new line project,614,1384.16,490.46,56,2024-12-31,2027-03-31,2019-04-20,820,1,770.1600000000001,125.43,0.7988,79.88,2024,2027,2019.0,Ministry of Statistics and Programme Implementation,Infrastructure and Project Monitoring Division,PAIMANA,Projects Report - Public Dashboard,March 2026,True,False
500,Railways,Ministry of Railways,RVNL - I,705668,KHARAGPUR-ADITYAPUR THIRD RAIL LINE- 132 KM,3250,3250.0,3286.92,98,2025-03-31,2026-06-30,2016-09-05,456,1,0.0,0.0,1.0114,101.14,2025,2026,2016.0,Ministry of Statistics and Programme Implementation,Infrastructure and Project Monitoring Division,PAIMANA,Projects Report - Public Dashboard,March 2026,True,False
502,Railways,Ministry of Railways,Indian Railway Construction International Limited [IRCON],400220,Kharsia-Dharamjaygarh with Spur line [East Corridor-Phase 1],3055,3407.09,2688.26,95,2018-09-30,2026-03-31,2016-03-05,2739,1,352.09000000000015,11.53,0.88,88.0,2018,2026,2016.0,Ministry of Statistics and Programme Implementation,Infrastructure and Project Monitoring Division,PAIMANA,Projects Report - Public Dashboard,March 2026,True,False
504,Railways,Ministry of Railways,East Coast Railway [ECoR] - II,705358,Khurda-Bolangir New Broad Gauge Rail Link [301km],3792,5089.0,5585.85,92,2026-12-31,2026-12-31,1994-03-31,0,0,1297.0,34.2,1.4731,147.31,2026,2026,1994.0,Ministry of Statistics and Programme Implementation,Infrastructure and Project Monitoring Division,PAIMANA,Projects Report - Public Dashboard,March 2026,True,False
506,Railways,Ministry of Railways,East Central Railway [ECR] - I,705375,Koderma-Tilaiya New Line,1626,2486.62,2184.16,95,2025-02-28,2026-02-28,2004-11-04,365,1,860.6199999999999,52.93,1.3433,134.33,2025,2026,2004.0,Ministry of Statistics and Programme Implementation,Infrastructure and Project Monitoring Division,PAIMANA,Projects Report - Public Dashboard,March 2026,True,False
507,Railways,Ministry of Railways,East Coast Railway [ECoR] - II,705513,Koraput - Singapur Railway Doubling,2362,2362.0,1932.52,73,2027-12-01,2028-03-30,2015-12-08,120,1,0.0,0.0,0.8182,81.82,2027,2028,2015.0,Ministry of Statistics and Programme Implementation,Infrastructure and Project Monitoring Division,PAIMANA,Projects Report - Public Dashboard,March 2026,True,False
509,Railways,Ministry of Railways,South Central Railway [SCR] - II,705436,Kotapalli - Narasapur New Line,2501,2501.0,1417.27,30,2028-03-31,2028-03-31,2009-03-31,0,0,0.0,0.0,0.5667,56.67,2028,2028,2009.0,Ministry of Statistics and Programme Implementation,Infrastructure and Project Monitoring Division,PAIMANA,Projects Report - Public Dashboard,March 2026,True,False
510,Railways,Ministry of Railways,Ministry of Railways,705638,Kumbalam-Turavur doubling project [15.59 Km],813,802.8,101.22,30,2027-03-31,2027-03-31,2023-04-03,0,0,-10.200000000000045,-1.25,0.1245,12.45,2027,2027,2023.0,Ministry of Statistics and Programme Implementation,Infrastructure and Project Monitoring Division,PAIMANA,Projects Report - Public Dashboard,March 2026,True,False
513,Railways,Ministry of Railways,North Central Railway,705766,Lalitpur-Birari with flyover at Lalitpur- 16 Km,304,356.0,248.55,85,2024-12-31,2026-01-31,2017-03-22,396,1,52.0,17.11,0.8176,81.76,2024,2026,2017.0,Ministry of Statistics and Programme Implementation,Infrastructure and Project Monitoring Division,PAIMANA,Projects Report - Public Dashboard,March 2026,True,False
514,Railways,Ministry of Railways,North Central Railway,705480,"Lalitpur-Satna, Rewa-Singrauli & Mahoba-Khajuraho",8914,8914.0,6777.67,74,2027-03-31,2027-12-31,2007-01-24,275,1,0.0,0.0,0.7603,76.03,2027,2027,2007.0,Ministry of Statistics and Programme Implementation,Infrastructure and Project Monitoring Division,PAIMANA,Projects Report - Public Dashboard,March 2026,True,False
515,Railways,Ministry of Railways,South Eastern Railway [SER] - I,705785,Lodhma - Piska - Link Line bypassing Hatia/Ranchi with Y connection,473,473.0,302.69,5,2026-06-30,2027-05-31,2021-08-27,335,1,0.0,0.0,0.6399,63.99,2026,2027,2021.0,Ministry of Statistics and Programme Implementation,Infrastructure and Project Monitoring Division,PAIMANA,Projects Report - Public Dashboard,March 2026,True,False
516,Railways,Ministry of Railways,Railway,705783,Ludhiana- Killa Raipur Railway Doubling Project,238,238.0,137.07,57,2025-03-31,2027-02-28,2019-03-01,699,1,0.0,0.0,0.5759,57.59,2025,2027,2019.0,Ministry of Statistics and Programme Implementation,Infrastructure and Project Monitoring Division,PAIMANA,Projects Report - Public Dashboard,March 2026,True,False
520,Railways,Ministry of Railways,South Central Railway [SCR] - II,705437,Manoharabad-Kothapalli New Rail Line [151 km],1160,2781.0,2964.82,72,2027-03-31,2027-12-31,2016-07-16,275,1,1621.0,139.74,2.5559,255.59,2027,2027,2016.0,Ministry of Statistics and Programme Implementation,Infrastructure and Project Monitoring Division,PAIMANA,Projects Report - Public Dashboard,March 2026,True,False
522,Railways,Ministry of Railways,South Western Railway [SWR] - II,705491,Marikuppam - Kuppam New Line Project [23.70 Km],297,297.0,145.78,21,2026-06-30,2026-06-30,2012-04-01,0,0,0.0,0.0,0.4908,49.08,2026,2026,2012.0,Ministry of Statistics and Programme Implementation,Infrastructure and Project Monitoring Division,PAIMANA,Projects Report - Public Dashboard,March 2026,True,False
523,Railways,Ministry of Railways,RVNL - II,705667,Mathura-Jhansi Third Railway Line [274 Km],5961,5961.0,5097.69,95,2024-12-31,2026-12-31,2015-12-11,730,1,0.0,0.0,0.8552,85.52,2024,2026,2015.0,Ministry of Statistics and Programme Implementation,Infrastructure and Project Monitoring Division,PAIMANA,Projects Report - Public Dashboard,March 2026,True,False
524,Railways,Ministry of Railways,Western Railway [WR] - II,705458,Miyagam-Karjan-Dabhoi-Samlaya [GC],484,1039.13,654.38,42,2021-03-31,2026-12-31,2017-01-17,2101,1,555.1300000000001,114.7,1.352,135.2,2021,2026,2017.0,Ministry of Statistics and Programme Implementation,Infrastructure and Project Monitoring Division,PAIMANA,Projects Report - Public Dashboard,March 2026,True,False
525,Railways,Ministry of Railways,Western Railway WR - II,706757,Modasa-Shamlaji Road Railway Line Project,262,262.0,365.22,64,2025-03-31,2026-03-31,2012-09-01,365,1,0.0,0.0,1.394,139.4,2025,2026,2012.0,Ministry of Statistics and Programme Implementation,Infrastructure and Project Monitoring Division,PAIMANA,Projects Report - Public Dashboard,March 2026,True,False
526,Railways,Ministry of Railways,North Central Railway,705772,"Mughalsarai-Allahabad, 3rd line",2649,2649.44,1836.67,69,2026-12-31,2027-03-31,2015-12-08,90,1,0.44000000000005457,0.02,0.6933,69.33,2026,2027,2015.0,Ministry of Statistics and Programme Implementation,Infrastructure and Project Monitoring Division,PAIMANA,Projects Report - Public Dashboard,March 2026,True,False
528,Railways,Ministry of Railways,Western Railway,611452,MUMBAI CENTRAL VIRAR VADODARA AHMEDABAAD TRAIN PROTECTION SYSTEM 500 RKM,311,311.0,263.42,93,2025-12-31,2026-12-31,2019-09-25,365,1,0.0,0.0,0.847,84.7,2025,2026,2019.0,Ministry of Statistics and Programme Implementation,Infrastructure and Project Monitoring Division,PAIMANA,Projects Report - Public Dashboard,March 2026,True,False
529,Railways,Ministry of Railways,Mumbai Rail Vikas Corporation Ltd.[MRVC],706780,Mumbai Urban Transport Project [MUTP] Phase-IIIA,33690,33690.0,3485.59,22,2027-12-31,2027-12-31,2019-04-01,0,0,0.0,0.0,0.1035,10.35,2027,2027,2019.0,Ministry of Statistics and Programme Implementation,Infrastructure and Project Monitoring Division,PAIMANA,Projects Report - Public Dashboard,March 2026,True,False
530,Railways,Ministry of Railways,Mumbai Rail Vikas Corporation Ltd.[MRVC],706779,Mumbai Urban Transport Project [MUTP] - PHASE II,8087,8087.0,7505.83,90,2014-03-31,2027-12-31,2008-05-09,5023,1,0.0,0.0,0.9281,92.81,2014,2027,2008.0,Ministry of Statistics and Programme Implementation,Infrastructure and Project Monitoring Division,PAIMANA,Projects Report - Public Dashboard,March 2026,True,False
531,Railways,Ministry of Railways,Mumbai Rail Vikas Corporation Ltd.[MRVC],706781,Mumbai Urban Transport Project Phase-III,10947,10947.0,6519.14,75,2022-03-31,2026-12-31,2016-11-30,1736,1,0.0,0.0,0.5955,59.55,2022,2026,2016.0,Ministry of Statistics and Programme Implementation,Infrastructure and Project Monitoring Division,PAIMANA,Projects Report - Public Dashboard,March 2026,True,False
532,Railways,Ministry of Railways,National High Speed Rail Corporation [NHSRC],705728,Mumbai-Ahmedabad High Speed Rail Project- 508 km,108000,108000.0,90395.9,59,2027-08-31,2029-12-31,2015-03-31,853,1,0.0,0.0,0.837,83.7,2027,2029,2015.0,Ministry of Statistics and Programme Implementation,Infrastructure and Project Monitoring Division,PAIMANA,Projects Report - Public Dashboard,March 2026,True,False
533,Railways,Ministry of Railways,Northeast Frontier Railway [NFR] - II,705401,Murkongselek-Pasighat,435,1250.0,843.65,67,2025-03-31,2026-12-31,2011-02-09,640,1,815.0,187.36,1.9394,193.94,2025,2026,2011.0,Ministry of Statistics and Programme Implementation,Infrastructure and Project Monitoring Division,PAIMANA,Projects Report - Public Dashboard,March 2026,True,False
534,Railways,Ministry of Railways,East Central Railway [ECR] - I,705528,Muzaffarpur-Sugauli,1586,1586.0,1489.51,99,2024-06-30,2026-06-30,2018-03-01,730,1,0.0,0.0,0.9392,93.92,2024,2026,2018.0,Ministry of Statistics and Programme Implementation,Infrastructure and Project Monitoring Division,PAIMANA,Projects Report - Public Dashboard,March 2026,True,False
535,Railways,Ministry of Railways,Railway,709812,NADIAD-PETLAD [37.26 KM],462,,178.78,8,2030-06-30,2030-06-30,2022-05-17,0,0,,,0.387,38.7,2030,2030,2022.0,Ministry of Statistics and Programme Implementation,Infrastructure and Project Monitoring Division,PAIMANA,Projects Report - Public Dashboard,March 2026,True,False
536,Railways,Ministry of Railways,South Central Railway [SCR] - II,400298,Nadikudi - Srikalahasti New Line,2312,5932.0,3016.32,55,2027-05-31,2028-03-31,2012-03-31,305,1,3620.0,156.57,1.3046,130.46,2027,2028,2012.0,Ministry of Statistics and Programme Implementation,Infrastructure and Project Monitoring Division,PAIMANA,Projects Report - Public Dashboard,March 2026,True,False
537,Railways,Ministry of Railways,Ministry of Railways,400223,Nagapattinam-Tiruturaipundi and Karaikal-Peralam New Line,713,981.0,633.24,80,2027-03-26,2028-03-31,2008-07-24,371,1,268.0,37.59,0.8881,88.81,2027,2028,2008.0,Ministry of Statistics and Programme Implementation,Infrastructure and Project Monitoring Division,PAIMANA,Projects Report - Public Dashboard,March 2026,True,False
538,Railways,Ministry of Railways,MRIDC,705799,Nagpur- Nagbhir Railway Line Gauge Conversion Project,1400,1400.0,1472.0,80,2025-12-31,2025-12-25,2019-10-01,0,0,0.0,0.0,1.0514,105.14,2025,2025,2019.0,Ministry of Statistics and Programme Implementation,Infrastructure and Project Monitoring Division,PAIMANA,Projects Report - Public Dashboard,March 2026,True,False
539,Railways,Ministry of Railways,South Eastern Railway [SER] - I,705629,Narayangarh-Bhadrak 3rd line,2400,3425.32,2542.79,75,2025-12-31,2027-01-31,2019-03-07,396,1,1025.3200000000002,42.72,1.0595,105.95,2025,2027,2019.0,Ministry of Statistics and Programme Implementation,Infrastructure and Project Monitoring Division,PAIMANA,Projects Report - Public Dashboard,March 2026,True,False
541,Railways,Ministry of Railways,North Eastern Railway [NER],611669,NER Provision of Automatic Block Signalling on Gorakhpur Cantt[Excl] Chhapra Gramin & Burhwal Jn [Excl] Sitapur Jn section of high density routes,380,,248.51,20,2027-03-31,2028-03-31,2022-05-20,366,1,,,0.654,65.4,2027,2028,2022.0,Ministry of Statistics and Programme Implementation,Infrastructure and Project Monitoring Division,PAIMANA,Projects Report - Public Dashboard,March 2026,True,False
542,Railways,Ministry of Railways,Western Railway [WR] - II,709813,NEW BG LINE INTERSECTION [5 NOS] BETWEEN GERATPUR-SANAND & BOTAD-AHMEDABAD [16.51 KM],437,,116.06,21,2028-06-30,2027-10-27,2022-10-17,0,0,,,0.2656,26.56,2028,2027,2022.0,Ministry of Statistics and Programme Implementation,Infrastructure and Project Monitoring Division,PAIMANA,Projects Report - Public Dashboard,March 2026,True,False
543,Railways,Ministry of Railways,Western Railway [WR] - II,611943,New Broad Gauge line between Naliya to Jakhau Port,410,410.26,10.04,5,2028-01-31,2027-06-30,2023-02-01,0,0,0.2599999999999909,0.06,0.0245,2.45,2028,2027,2023.0,Ministry of Statistics and Programme Implementation,Infrastructure and Project Monitoring Division,PAIMANA,Projects Report - Public Dashboard,March 2026,True,False
546,Railways,Ministry of Railways,Western Railway [WR] - II,705453,"New line Dahod-Indore via Sardarpur, Jabuwa and Dhar",456,3516.77,4006.93,53,2027-02-28,2027-02-28,2012-06-19,0,0,3060.77,671.22,8.7871,878.71,2027,2027,2012.0,Ministry of Statistics and Programme Implementation,Infrastructure and Project Monitoring Division,PAIMANA,Projects Report - Public Dashboard,March 2026,True,False
547,Railways,Ministry of Railways,South Western Railway [SWR] - II,705434,New Railway Line between Ginigera and Raichur [165.57 km],2565,3034.98,2247.23,70,2019-03-31,2027-03-31,2008-03-31,2922,1,469.98,18.32,0.8761,87.61,2019,2027,2008.0,Ministry of Statistics and Programme Implementation,Infrastructure and Project Monitoring Division,PAIMANA,Projects Report - Public Dashboard,March 2026,True,False
548,Railways,Ministry of Railways,Western Railway [WR] - II,705764,Nimach-Badi Sadri New Rail Line Project,495,825.0,238.2,61,2026-03-31,2026-06-30,2017-04-01,91,1,330.0,66.67,0.4812,48.12,2026,2026,2017.0,Ministry of Statistics and Programme Implementation,Infrastructure and Project Monitoring Division,PAIMANA,Projects Report - Public Dashboard,March 2026,True,False
549,Railways,Ministry of Railways,Western Railway [WR] - II,705933,Nimach-Ratlam Doubling [133 Km],1096,1095.88,1284.91,94,2027-10-31,2027-10-31,2021-10-07,0,0,-0.11999999999989086,-0.01,1.1724,117.24,2027,2027,2021.0,Ministry of Statistics and Programme Implementation,Infrastructure and Project Monitoring Division,PAIMANA,Projects Report - Public Dashboard,March 2026,True,False
550,Railways,Ministry of Railways,"Metro Railway, Kolkata",706776,Noapara-Barasat via Bimanbandar - Construction of Metro railway [18 km],4830,4830.0,3258.95,32,2026-08-31,2029-03-31,2010-11-02,943,1,0.0,0.0,0.6747,67.47,2026,2029,2010.0,Ministry of Statistics and Programme Implementation,Infrastructure and Project Monitoring Division,PAIMANA,Projects Report - Public Dashboard,March 2026,True,False
553,Railways,Ministry of Railways,Western Railway,611945,Petlad Bhadran 23 Kms,307,307.11,14.2,17,2030-05-31,2030-05-30,2022-05-01,0,0,0.11000000000001364,0.04,0.0463,4.63,2030,2030,2022.0,Ministry of Statistics and Programme Implementation,Infrastructure and Project Monitoring Division,PAIMANA,Projects Report - Public Dashboard,March 2026,True,False
554,Railways,Ministry of Railways,Ministry of Railways,400280,Phase II extension of MRTS from Velachery to St Thomas Mount,734,734.01,484.91,100,2025-07-24,2025-09-30,2007-11-15,68,1,0.009999999999990905,0.0,0.6606,66.06,2025,2025,2007.0,Ministry of Statistics and Programme Implementation,Infrastructure and Project Monitoring Division,PAIMANA,Projects Report - Public Dashboard,March 2026,True,False
555,Railways,Ministry of Railways,Eastern Railway [ER] - I,705385,Pirpainti - Jasidih [100.52 Km] New BG line,2555,2555.0,1108.34,62,2028-03-31,2028-03-31,2014-03-31,0,0,0.0,0.0,0.4338,43.38,2028,2028,2014.0,Ministry of Statistics and Programme Implementation,Infrastructure and Project Monitoring Division,PAIMANA,Projects Report - Public Dashboard,March 2026,True,False
557,Railways,Ministry of Railways,East Central Railway [ECR] - I,706837,Pradhan Kuntha Jn Line Doubling Project,349,349.22,119.69,71,2027-11-30,2027-11-27,2022-11-21,0,0,0.22000000000002728,0.06,0.343,34.3,2027,2027,2022.0,Ministry of Statistics and Programme Implementation,Infrastructure and Project Monitoring Division,PAIMANA,Projects Report - Public Dashboard,March 2026,True,False
558,Railways,Ministry of Railways,East Coast Railway [ECoR] - II,400045,Proposed 6 nos Road Over Bridge [ROB] at different locations under MCL Talcher Under Deposit Scheme.,168,,69.85,82,2025-03-31,2025-01-31,2022-08-08,0,0,,,0.4158,41.58,2025,2025,2022.0,Ministry of Statistics and Programme Implementation,Infrastructure and Project Monitoring Division,PAIMANA,Projects Report - Public Dashboard,March 2026,True,False
559,Railways,Ministry of Railways,Central Railway,705503,Pune - Miraj-Londa [467 Kilometres],4028,4872.52,5248.72,100,2025-02-28,2025-08-31,2016-06-10,184,1,844.5200000000004,20.97,1.3031,130.31,2025,2025,2016.0,Ministry of Statistics and Programme Implementation,Infrastructure and Project Monitoring Division,PAIMANA,Projects Report - Public Dashboard,March 2026,True,False
562,Railways,Ministry of Railways,RVNL - II,617409,Railway Manufacturing Unit,521,,491.37,87,2026-12-31,2026-03-31,2016-07-01,0,0,,,0.9431,94.31,2026,2026,2016.0,Ministry of Statistics and Programme Implementation,Infrastructure and Project Monitoring Division,PAIMANA,Projects Report - Public Dashboard,March 2026,True,False
563,Railways,Ministry of Railways,PCE/WR,705793,Raising of speed to 160 kmph/200 kmph on existing New Delhi-Mumbai route incl. Vadodara-Ahmedabad,6806,8095.12,9478.55,66,2024-03-31,2026-03-31,2019-09-01,730,1,1289.12,18.94,1.3927,139.27,2024,2026,2019.0,Ministry of Statistics and Programme Implementation,Infrastructure and Project Monitoring Division,PAIMANA,Projects Report - Public Dashboard,March 2026,True,False
564,Railways,Ministry of Railways,Western Railway WR - II,706763,Rajkot - Kanalus Doubling Project [111.2 Kms],1081,1080.58,916.33,81,2026-10-31,2026-06-30,2021-10-07,0,0,-0.42000000000007276,-0.04,0.8477,84.77,2026,2026,2021.0,Ministry of Statistics and Programme Implementation,Infrastructure and Project Monitoring Division,PAIMANA,Projects Report - Public Dashboard,March 2026,True,False
565,Railways,Ministry of Railways,South East Central Railway [SECR] - II,705617,Rajnandgaon - Nagpur [Kalumna] Third Railway Line [228.30 km],3545,3545.0,3623.47,96,2024-12-31,2026-06-30,2016-09-08,546,1,0.0,0.0,1.0221,102.21,2024,2026,2016.0,Ministry of Statistics and Programme Implementation,Infrastructure and Project Monitoring Division,PAIMANA,Projects Report - Public Dashboard,March 2026,True,False
566,Railways,Ministry of Railways,West Central Railway [WCR] - II,705481,Ramganjmandi-Bhopal New Line Project [276.50 km],3032,5073.0,4039.87,81,2025-12-25,2027-12-31,2001-03-31,736,1,2041.0,67.32,1.3324,133.24,2025,2027,2001.0,Ministry of Statistics and Programme Implementation,Infrastructure and Project Monitoring Division,PAIMANA,Projects Report - Public Dashboard,March 2026,True,False
567,Railways,Ministry of Railways,Indian Railway Construction International Limited [IRCON],706759,Rampur Dumra-Tal-Rajendrapul Additional Bridge and Railway Line Doubling,2374,1700.24,1582.44,98,2024-12-01,2025-12-31,2016-03-31,395,1,-673.76,-28.38,0.6666,66.66,2024,2025,2016.0,Ministry of Statistics and Programme Implementation,Infrastructure and Project Monitoring Division,PAIMANA,Projects Report - Public Dashboard,March 2026,True,False
569,Railways,Ministry of Railways,Western Railway [WR] - II,705457,Ratlam-Mhow-Khandwa-Akola Gauge Conversion,1656,6499.86,4606.71,83,2027-03-31,2028-09-30,2008-04-01,549,1,4843.86,292.5,2.7818,278.18,2027,2028,2008.0,Ministry of Statistics and Programme Implementation,Infrastructure and Project Monitoring Division,PAIMANA,Projects Report - Public Dashboard,March 2026,True,False
570,Railways,Ministry of Railways,South Western Railway [SWR] - II,705494,Rayadurg-Tumkur via Kalyandurg New Line [207 km],2496,2496.0,1888.77,72,2015-09-30,2028-02-29,2008-03-31,4535,1,0.0,0.0,0.7567,75.67,2015,2028,2008.0,Ministry of Statistics and Programme Implementation,Infrastructure and Project Monitoring Division,PAIMANA,Projects Report - Public Dashboard,March 2026,True,False
575,Railways,Ministry of Railways,South Central Railway [SCR] - II,705610,"Renigunta, Wadi & Gooty Bypass Railway Project",302,543.0,633.71,89,2025-12-31,2026-03-31,2016-04-01,90,1,241.0,79.8,2.0984,209.84,2025,2026,2016.0,Ministry of Statistics and Programme Implementation,Infrastructure and Project Monitoring Division,PAIMANA,Projects Report - Public Dashboard,March 2026,True,False
576,Railways,Ministry of Railways,North Western Railway [NWR],611861,Rewari - Kathuwas Doubling Project [27.72 Km],352,352.0,306.87,75,2027-06-30,2027-06-27,2023-02-01,0,0,0.0,0.0,0.8718,87.18,2027,2027,2023.0,Ministry of Statistics and Programme Implementation,Infrastructure and Project Monitoring Division,PAIMANA,Projects Report - Public Dashboard,March 2026,True,False
577,Railways,Ministry of Railways,RVNL - II,705429,Rishikesh-Karnaprayag New Rail Line- 125 km,38953,38953.0,28269.2,74,2025-12-31,2028-12-31,2016-11-10,1096,1,0.0,0.0,0.7257,72.57,2025,2028,2016.0,Ministry of Statistics and Programme Implementation,Infrastructure and Project Monitoring Division,PAIMANA,Projects Report - Public Dashboard,March 2026,True,False
578,Railways,Ministry of Railways,Western Railway [WR] - II,611979,Sabarmati Setting up of Maintenance Facilities for Train Sets Phase ii,250,,134.97,88,2025-06-30,2026-05-31,2023-01-19,335,1,,,0.5399,53.99,2025,2026,2023.0,Ministry of Statistics and Programme Implementation,Infrastructure and Project Monitoring Division,PAIMANA,Projects Report - Public Dashboard,March 2026,True,False
580,Railways,Ministry of Railways,East Central Railway [ECR] - I,705527,Sagauli-Valmiknagar,1216,2222.0,2095.73,93,2025-12-24,2025-12-25,2018-03-01,1,1,1006.0,82.73,1.7235,172.35,2025,2025,2018.0,Ministry of Statistics and Programme Implementation,Infrastructure and Project Monitoring Division,PAIMANA,Projects Report - Public Dashboard,March 2026,True,False
581,Railways,Ministry of Railways,North Eastern Railway [NER],400205,Sahjanwa-Dohrighat,1320,1319.75,482.55,4,2029-03-31,2029-03-31,2019-08-02,0,0,-0.25,-0.02,0.3656,36.56,2029,2029,2019.0,Ministry of Statistics and Programme Implementation,Infrastructure and Project Monitoring Division,PAIMANA,Projects Report - Public Dashboard,March 2026,True,False
582,Railways,Ministry of Railways,Eastern Railway [ER] - I,602797,"Sainthia, Sitarampur, Mughalsarai, Allahabad & Etawah - Bypass Line Project",462,461.64,238.93,20,2027-03-31,2027-03-27,2017-08-10,0,0,-0.36000000000001364,-0.08,0.5172,51.72,2027,2027,2017.0,Ministry of Statistics and Programme Implementation,Infrastructure and Project Monitoring Division,PAIMANA,Projects Report - Public Dashboard,March 2026,True,False
583,Railways,Ministry of Railways,East Central Railway [ECR] - I,400254,Sakri -Hasanpur [via Harnagar - Kusheshwar Asthan] New Railway line,735,,589.37,84,2024-12-31,2027-03-31,2023-12-15,820,1,,,0.8019,80.19,2024,2027,2023.0,Ministry of Statistics and Programme Implementation,Infrastructure and Project Monitoring Division,PAIMANA,Projects Report - Public Dashboard,March 2026,True,False
584,Railways,Ministry of Railways,East Central Railway [ECR] - I,705526,Samastipur-Darbhanga Doubling Railway Project,519,519.0,400.14,96,2025-03-31,2025-10-31,2015-11-18,214,1,0.0,0.0,0.771,77.1,2025,2025,2015.0,Ministry of Statistics and Programme Implementation,Infrastructure and Project Monitoring Division,PAIMANA,Projects Report - Public Dashboard,March 2026,True,False
585,Railways,Ministry of Railways,PCE/WR,611970,Samlaya Timba Road 54 km,670,670.17,45.21,12,2030-03-31,2030-03-30,2023-02-03,0,0,0.16999999999995907,0.03,0.0675,6.75,2030,2030,2023.0,Ministry of Statistics and Programme Implementation,Infrastructure and Project Monitoring Division,PAIMANA,Projects Report - Public Dashboard,March 2026,True,False
586,Railways,Ministry of Railways,PCE/WR,611971,Samni Jambusar 24 km,350,349.93,71.05,31,2030-03-31,2030-03-30,2022-05-01,0,0,-0.06999999999999318,-0.02,0.203,20.3,2030,2030,2022.0,Ministry of Statistics and Programme Implementation,Infrastructure and Project Monitoring Division,PAIMANA,Projects Report - Public Dashboard,March 2026,True,False
588,Railways,Ministry of Railways,West Central Railway [WCR] - II,705659,Satna-Rewa Railway Line Doubling Project,500,584.0,563.03,86,2026-03-31,2026-03-31,2015-11-01,0,0,84.0,16.8,1.1261,112.61,2026,2026,2015.0,Ministry of Statistics and Programme Implementation,Infrastructure and Project Monitoring Division,PAIMANA,Projects Report - Public Dashboard,March 2026,True,False
590,Railways,Ministry of Railways,North Western Railway [NWR],706866,Sawaimadhopur Bye Pass Line Project,304,304.0,69.33,72,2026-03-31,2027-05-27,2022-12-01,422,1,0.0,0.0,0.2281,22.81,2026,2027,2022.0,Ministry of Statistics and Programme Implementation,Infrastructure and Project Monitoring Division,PAIMANA,Projects Report - Public Dashboard,March 2026,True,False
592,Railways,Ministry of Railways,South Western Railway [SWR] - II,705761,SHIMOGA - SHIKARIPURA - RANEBENNUR [96 Km],1454,1454.0,87.13,13,2027-12-01,2028-06-30,2019-09-19,212,1,0.0,0.0,0.0599,5.99,2027,2028,2019.0,Ministry of Statistics and Programme Implementation,Infrastructure and Project Monitoring Division,PAIMANA,Projects Report - Public Dashboard,March 2026,True,False
593,Railways,Ministry of Railways,Indian Railway Construction International Limited [IRCON],705432,Sivok-Rangpo New Rail Line,7877,11775.0,10618.6,92,2015-05-31,2027-12-31,2009-10-30,4597,1,3898.0,49.49,1.3481,134.81,2015,2027,2009.0,Ministry of Statistics and Programme Implementation,Infrastructure and Project Monitoring Division,PAIMANA,Projects Report - Public Dashboard,March 2026,True,False
594,Railways,Ministry of Railways,Central Railway,705735,Solapur-tuljapur-Osmanabad,905,3295.74,1214.94,12,2027-03-31,2028-03-28,2018-08-29,363,1,2390.74,264.17,1.3425,134.25,2027,2028,2018.0,Ministry of Statistics and Programme Implementation,Infrastructure and Project Monitoring Division,PAIMANA,Projects Report - Public Dashboard,March 2026,True,False
596,Railways,Ministry of Railways,East Coast Railway [ECoR] - II,705359,Talcher-Bimlagarh New Railway Line,1928,1928.0,2079.48,54,2025-03-31,2029-03-31,2004-03-31,1461,1,0.0,0.0,1.0786,107.86,2025,2029,2004.0,Ministry of Statistics and Programme Implementation,Infrastructure and Project Monitoring Division,PAIMANA,Projects Report - Public Dashboard,March 2026,True,False
597,Railways,Ministry of Railways,Eastern Railway [ER] - I,400273,Tarakeshwar-Bishnupur New Line [82.47 km],1189,1542.0,1367.58,97,2019-03-31,2026-02-28,2001-03-31,2526,1,353.0,29.69,1.1502,115.02,2019,2026,2001.0,Ministry of Statistics and Programme Implementation,Infrastructure and Project Monitoring Division,PAIMANA,Projects Report - Public Dashboard,March 2026,True,False
598,Railways,Ministry of Railways,North Western Railway [NWR],400022,Taranga Hill-Abu Road via Ambaji,2798,2798.0,2321.81,30,2030-07-31,2030-07-31,2022-07-21,0,0,0.0,0.0,0.8298,82.98,2030,2030,2022.0,Ministry of Statistics and Programme Implementation,Infrastructure and Project Monitoring Division,PAIMANA,Projects Report - Public Dashboard,March 2026,True,False
599,Railways,Ministry of Railways,South Central Railway [SCR] - II,705613,Third Line [new] between Kazipet - Balharshah with electrification [201.04 Km],2595,3071.0,4108.55,95,2025-01-31,2025-11-30,2016-09-16,303,1,476.0,18.34,1.5833,158.33,2025,2025,2016.0,Ministry of Statistics and Programme Implementation,Infrastructure and Project Monitoring Division,PAIMANA,Projects Report - Public Dashboard,March 2026,True,False
600,Railways,Ministry of Railways,Ministry of Railways,400275,Tindivanam-Nagari New Line Project [184.5 km],3631,3631.0,1222.79,16,2025-09-16,2028-03-31,2008-07-21,927,1,0.0,0.0,0.3368,33.68,2025,2028,2008.0,Ministry of Statistics and Programme Implementation,Infrastructure and Project Monitoring Division,PAIMANA,Projects Report - Public Dashboard,March 2026,True,False
602,Railways,Ministry of Railways,Southern Railway [SR] - I,705635,Trivandrum- Kanyakumari,1432,3785.45,2874.14,55,2025-03-24,2028-06-30,2017-08-28,1194,1,2353.45,164.35,2.0071,200.71,2025,2028,2017.0,Ministry of Statistics and Programme Implementation,Infrastructure and Project Monitoring Division,PAIMANA,Projects Report - Public Dashboard,March 2026,True,False
603,Railways,Ministry of Railways,South Western Railway [SWR] - II,705496,Tumkur-Chitradurga-Davangere New Rail Line Project [191 km],1876,1876.0,543.22,15,2019-03-31,2027-12-31,2013-10-29,3197,1,0.0,0.0,0.2896,28.96,2019,2027,2013.0,Ministry of Statistics and Programme Implementation,Infrastructure and Project Monitoring Division,PAIMANA,Projects Report - Public Dashboard,March 2026,True,False
605,Railways,Ministry of Railways,South Central Railway [SCR] - II,705632,Vijayawada - Kazipet Byepass line,647,904.0,1229.06,95,2025-01-12,2025-12-31,2016-04-22,353,1,257.0,39.72,1.8996,189.96,2025,2025,2016.0,Ministry of Statistics and Programme Implementation,Infrastructure and Project Monitoring Division,PAIMANA,Projects Report - Public Dashboard,March 2026,True,False
606,Railways,Ministry of Railways,RVNL - II,705648,Vijaywada-Gudur 3rd Line,6654,6654.0,6170.32,96,2024-11-30,2026-03-31,2016-08-24,486,1,0.0,0.0,0.9273,92.73,2024,2026,2016.0,Ministry of Statistics and Programme Implementation,Infrastructure and Project Monitoring Division,PAIMANA,Projects Report - Public Dashboard,March 2026,True,False
607,Railways,Ministry of Railways,RVNL - II,400253,Vizianagaram - Titlagarh 3rd line [272 Km including By - pass line of 7.68 KM],4803,6669.91,6194.54,96,2025-12-26,2026-12-31,2016-06-10,370,1,1866.9099999999999,38.87,1.2897,128.97,2025,2026,2016.0,Ministry of Statistics and Programme Implementation,Infrastructure and Project Monitoring Division,PAIMANA,Projects Report - Public Dashboard,March 2026,True,False
608,Railways,Ministry of Railways,South East Central Railway,705479,Wadsa-Gadchiroli,1886,1886.0,776.21,65,2027-03-31,2027-03-31,2017-05-17,0,0,0.0,0.0,0.4116,41.16,2027,2027,2017.0,Ministry of Statistics and Programme Implementation,Infrastructure and Project Monitoring Division,PAIMANA,Projects Report - Public Dashboard,March 2026,True,False
609,Railways,Ministry of Railways,Central Railway [CR] - II,400271,Wardha-Nanded Via Yavatmal New BG Line,3445,3445.0,3002.93,50,2025-03-28,2026-12-31,2017-12-20,643,1,0.0,0.0,0.8717,87.17,2025,2026,2017.0,Ministry of Statistics and Programme Implementation,Infrastructure and Project Monitoring Division,PAIMANA,Projects Report - Public Dashboard,March 2026,True,False
610,Railways,Ministry of Railways,DFCCIL,705237,Western Dedicated Freight Corridor,51101,124005.0,124623.0,96,2022-03-31,2025-12-31,2008-02-28,1371,1,72904.0,142.67,2.4388,243.88,2022,2025,2008.0,Ministry of Statistics and Programme Implementation,Infrastructure and Project Monitoring Division,PAIMANA,Projects Report - Public Dashboard,March 2026,True,False
611,Railways,Ministry of Railways,Western Railway [WR] - II,611974,Western Railway Samakhiali Gandhidham Quadrupiling 53 Kms,1430,,407.94,35,2026-12-30,2027-12-31,2023-08-25,366,1,,,0.2853,28.53,2026,2027,2023.0,Ministry of Statistics and Programme Implementation,Infrastructure and Project Monitoring Division,PAIMANA,Projects Report - Public Dashboard,March 2026,True,False
612,Railways,Ministry of Railways,Karnataka Rail Infrastructure Development Company Limited [K-RIDE],703585,Yeshvanthpur - Channasandra Doubling Project [21.70 Km],314,683.57,169.1,56,2024-03-31,2026-03-31,2019-04-01,730,1,369.57000000000005,117.7,0.5385,53.85,2024,2026,2019.0,Ministry of Statistics and Programme Implementation,Infrastructure and Project Monitoring Division,PAIMANA,Projects Report - Public Dashboard,March 2026,True,False
617,Real Estate,Ministry of Housing & Urban Affairs,National Buildings Construction Corporation [NBCC],400188,Redevelopment of Seven General Pool Residential Accommodation [GPRA] Colonies in Delhi,32850,32841.0,13885.7,46,2025-12-31,2025-12-31,2016-07-05,0,0,-9.0,-0.03,0.4227,42.27,2025,2025,2016.0,Ministry of Statistics and Programme Implementation,Infrastructure and Project Monitoring Division,PAIMANA,Projects Report - Public Dashboard,March 2026,True,False
619,Roads & Highways,Ministry of Road Transport & Highways,National Highways Authority of India [NHAI],618788,4L Greenfield Jalbhera Shahbad section from km. 0.000 to km. 22.850 of NH-152G,927,1173.66,354.55,87,2025-05-31,2026-04-30,2022-03-31,334,1,246.66000000000008,26.61,0.3825,38.25,2025,2026,2022.0,Ministry of Statistics and Programme Implementation,Infrastructure and Project Monitoring Division,PAIMANA,Projects Report - Public Dashboard,March 2026,True,False
620,Roads & Highways,Ministry of Road Transport & Highways,National Highways Authority of India [NHAI],619095,Balance works of 4L Panvel Indapur section of NH66 old NH17 from km 42.300 kasu to km 84.600 Indapur,546,472.1,380.82,82,2024-05-17,2026-06-30,2022-06-15,774,1,-73.89999999999998,-13.53,0.6975,69.75,2024,2026,2022.0,Ministry of Statistics and Programme Implementation,Infrastructure and Project Monitoring Division,PAIMANA,Projects Report - Public Dashboard,March 2026,True,False
621,Roads & Highways,Ministry of Road Transport & Highways,NHIDCL,618452,"2-laning of Zorinpui - Longmasu section of NH-502A from km 0.000 to km 28.244 in the State of Mizoram on EPC mode under NHO-NE, stretch of IMBR",782,,20.64,5,2026-12-06,2027-07-03,2023-02-16,209,1,,,0.0264,2.64,2026,2027,2023.0,Ministry of Statistics and Programme Implementation,Infrastructure and Project Monitoring Division,PAIMANA,Projects Report - Public Dashboard,March 2026,True,False
622,Roads & Highways,Ministry of Road Transport & Highways,National Highways Authority of India [NHAI],618547,2L NH-1 from km 8.660 to km 33.775 Sumbal to Wayul to 4L dual carriageway NH standard as part of Srinagar Ring Road PhaseII [Design Ch. 41.907 to Ch. 66.609],961,643.64,388.13,46,2026-06-25,2026-12-12,2022-11-07,170,1,-317.36,-33.02,0.4039,40.39,2026,2026,2022.0,Ministry of Statistics and Programme Implementation,Infrastructure and Project Monitoring Division,PAIMANA,Projects Report - Public Dashboard,March 2026,True,False
623,Roads & Highways,Ministry of Road Transport & Highways,National Highways Authority of India [NHAI],618890,2L PS of Hamirpur Bypass from Km 121.175 to Km.138.295 of NH-103&3,739,754.82,233.24,92,2025-10-28,2026-06-30,2022-08-25,245,1,15.82000000000005,2.14,0.3156,31.56,2025,2026,2022.0,Ministry of Statistics and Programme Implementation,Infrastructure and Project Monitoring Division,PAIMANA,Projects Report - Public Dashboard,March 2026,True,False
624,Roads & Highways,Ministry of Road Transport & Highways,National Highways Authority of India [NHAI],618751,2L PS of Hinotiya-Mehulwa section of NH-346 from Km. 27.000 to Km 75.700 Vidisha Mehulwa-Talbehat Pkg-II Section of NH- 346,582,592.71,230.36,69,2025-09-12,2026-04-15,2022-10-12,215,1,10.710000000000036,1.84,0.3958,39.58,2025,2026,2022.0,Ministry of Statistics and Programme Implementation,Infrastructure and Project Monitoring Division,PAIMANA,Projects Report - Public Dashboard,March 2026,True,False
625,Roads & Highways,Ministry of Road Transport & Highways,National Highways Authority of India [NHAI],618909,2L PS of JH / WB Border km. 70.524 - Purulia km.84.400 & Purulia km. 94.30 - Chandil Junction with NH-33 km. 153.705 of Old NH-32,1652,1771.88,742.45,97,2022-08-06,2026-06-30,2018-03-13,1424,1,119.88000000000011,7.26,0.4494,44.94,2022,2026,2018.0,Ministry of Statistics and Programme Implementation,Infrastructure and Project Monitoring Division,PAIMANA,Projects Report - Public Dashboard,March 2026,True,False
626,Roads & Highways,Ministry of Road Transport & Highways,NHAI,618955,2L PS of Majhauli to Charout section from km. 0.00 to km. 63.655,638,1067.51,559.21,100,2021-11-04,2026-04-30,2018-01-23,1638,1,429.51,67.32,0.8765,87.65,2021,2026,2018.0,Ministry of Statistics and Programme Implementation,Infrastructure and Project Monitoring Division,PAIMANA,Projects Report - Public Dashboard,March 2026,True,False
627,Roads & Highways,Ministry of Road Transport & Highways,National Highways Authority of India [NHAI],618924,2L PS of Najibabad Kotdwar section from 112.575 to Km. 138.635 of NH 119,189,99.2,25.55,50,2025-09-07,2026-06-30,2021-10-05,296,1,-89.8,-47.51,0.1352,13.52,2025,2026,2021.0,Ministry of Statistics and Programme Implementation,Infrastructure and Project Monitoring Division,PAIMANA,Projects Report - Public Dashboard,March 2026,True,False
628,Roads & Highways,Ministry of Road Transport & Highways,National Highways Authority of India [NHAI],618854,2L PS of Raebareli - Jagdishpur with 4L Jagdishpur Bypass Spur,706,752.52,515.53,97,2024-01-06,2025-06-10,2021-02-15,521,1,46.51999999999998,6.59,0.7302,73.02,2024,2025,2021.0,Ministry of Statistics and Programme Implementation,Infrastructure and Project Monitoring Division,PAIMANA,Projects Report - Public Dashboard,March 2026,True,False
629,Roads & Highways,Ministry of Road Transport & Highways,National Highways Authority of India [NHAI],618655,2L PS of Roshni to Ashapur Section of NH-347B from Design KM Ch. 89.900 to 114.000 KM Package III of Betul Khandwa,201,120.75,89.69,84,2026-08-21,2026-08-21,2024-03-09,0,0,-80.25,-39.93,0.4462,44.62,2026,2026,2024.0,Ministry of Statistics and Programme Implementation,Infrastructure and Project Monitoring Division,PAIMANA,Projects Report - Public Dashboard,March 2026,True,False
630,Roads & Highways,Ministry of Road Transport & Highways,National Highways Authority of India [NHAI],618958,2L with ES of Yagyi - Kalewa section from Milepost 40/0 to Milepost 115/5 in Myanmar,1200,1200.14,0.0,52,2023-06-01,2027-07-31,2017-12-09,1521,1,0.14000000000010004,0.01,0.0,0.0,2023,2027,2017.0,Ministry of Statistics and Programme Implementation,Infrastructure and Project Monitoring Division,PAIMANA,Projects Report - Public Dashboard,March 2026,True,False
631,Roads & Highways,Ministry of Road Transport & Highways,National Highways Authority of India [NHAI],618907,2L/4L of Hoshiarpur to Una section including Hoshiarpur Bypass of NH 503A,571,481.88,37.09,22,2027-05-20,2027-05-20,2023-03-20,0,0,-89.12,-15.61,0.065,6.5,2027,2027,2023.0,Ministry of Statistics and Programme Implementation,Infrastructure and Project Monitoring Division,PAIMANA,Projects Report - Public Dashboard,March 2026,True,False
632,Roads & Highways,Ministry of Road Transport & Highways,National Highways Authority of India [NHAI],618908,3L Major Bridge over River Brahmani at Km. 401.250 Duburi - Chandikhole Section of NH-200 New NH -53,154,103.68,61.82,38,2025-01-31,2026-12-31,2022-04-17,699,1,-50.31999999999999,-32.68,0.4014,40.14,2025,2026,2022.0,Ministry of Statistics and Programme Implementation,Infrastructure and Project Monitoring Division,PAIMANA,Projects Report - Public Dashboard,March 2026,True,False
633,Roads & Highways,Ministry of Road Transport & Highways,National Highways Authority of India [NHAI],618669,4 -Laning of MP/UP Border to Kabarai section of NH-34&35 from km 197.000 to km 242.991 Length 45.991 Km Sagar-Kabrai Package-5 under Bharat Mala Pariyojana EC in MP & UP on HAM,1633,1425.43,273.96,46,2027-02-14,2027-01-31,2022-10-20,0,0,-207.56999999999994,-12.71,0.1678,16.78,2027,2027,2022.0,Ministry of Statistics and Programme Implementation,Infrastructure and Project Monitoring Division,PAIMANA,Projects Report - Public Dashboard,March 2026,True,False
634,Roads & Highways,Ministry of Road Transport & Highways,National Highways Authority of India [NHAI],618961,4 Lane Inner Ring Road around Allahabad City Pkg-1 Prayagraj Southern Bypass 34.400 43.200,776,498.97,0.14,4,2027-12-18,2027-12-18,2025-02-19,0,0,-277.03,-35.7,0.0002,0.02,2027,2027,2025.0,Ministry of Statistics and Programme Implementation,Infrastructure and Project Monitoring Division,PAIMANA,Projects Report - Public Dashboard,March 2026,True,False
635,Roads & Highways,Ministry of Road Transport & Highways,National Highways Authority of India [NHAI],618960,4 Lane Inner Ring Road around Allahabad City Pkg-2 Prayagraj Southern Bypass 43.200 - 50.860,1378,1007.62,349.12,42,2026-06-15,2026-06-18,2023-08-24,3,1,-370.38,-26.88,0.2534,25.34,2026,2026,2023.0,Ministry of Statistics and Programme Implementation,Infrastructure and Project Monitoring Division,PAIMANA,Projects Report - Public Dashboard,March 2026,True,False
636,Roads & Highways,Ministry of Road Transport & Highways,National Highways Authority of India [NHAI],618641,4 Lane of CG/JH Border-Gumla from km 0.000 to km 32.370 of NH-43 in the State of Jhrkhand,1326,,12.69,0,2028-02-17,2028-02-17,2024-08-02,0,0,,,0.0096,0.96,2028,2028,2024.0,Ministry of Statistics and Programme Implementation,Infrastructure and Project Monitoring Division,PAIMANA,Projects Report - Public Dashboard,March 2026,True,False
637,Roads & Highways,Ministry of Road Transport & Highways,National Highways Authority of India [NHAI],618649,4 Lane with PS from Des. Ch 228.500 to Des. Ch. 273.400 of Belgaum-Hungund-Raichur Section of NH 748 A Package-6,1246,1012.78,197.97,44,2026-11-20,2026-11-20,2023-03-29,0,0,-233.22000000000003,-18.72,0.1589,15.89,2026,2026,2023.0,Ministry of Statistics and Programme Implementation,Infrastructure and Project Monitoring Division,PAIMANA,Projects Report - Public Dashboard,March 2026,True,False
638,Roads & Highways,Ministry of Road Transport & Highways,National Highways Authority of India [NHAI],619108,4 Lane with PS from Des. Ch 0.000 to Des. Ch. 43.800 of Belgaum-Hungund-Raichur Section of NH-748A Package-1,1452,1256.55,126.2,28,2027-06-17,2027-06-17,2024-02-12,0,0,-195.45000000000005,-13.46,0.0869,8.69,2027,2027,2024.0,Ministry of Statistics and Programme Implementation,Infrastructure and Project Monitoring Division,PAIMANA,Projects Report - Public Dashboard,March 2026,True,False
639,Roads & Highways,Ministry of Road Transport & Highways,National Highways Authority of India [NHAI],619107,4 Lane with PS from Des. Ch 136.100 to Des. Ch. 182.300 of Belgaum-Hungund-Raichur Section of NH-748A Package-4,1311,1123.35,4.66,8,2027-09-28,2027-09-28,2024-02-07,0,0,-187.6500000000001,-14.31,0.0036,0.36,2027,2027,2024.0,Ministry of Statistics and Programme Implementation,Infrastructure and Project Monitoring Division,PAIMANA,Projects Report - Public Dashboard,March 2026,True,False
640,Roads & Highways,Ministry of Road Transport & Highways,National Highways Authority of India [NHAI],619106,4 Lane with PS from Des. Ch 182.300 to Des. Ch. 228.500 of Belgaum-Hungund-Raichur Section of NH 748 A Package-5,1142,868.65,176.76,31,2026-11-20,2026-11-20,2023-03-27,0,0,-273.35,-23.94,0.1548,15.48,2026,2026,2023.0,Ministry of Statistics and Programme Implementation,Infrastructure and Project Monitoring Division,PAIMANA,Projects Report - Public Dashboard,March 2026,True,False
641,Roads & Highways,Ministry of Road Transport & Highways,National Highways Authority of India [NHAI],618651,4 Lane with PS from Des. Ch 43.800 to Des. Ch. 89.900 of Belgaum-Hungund-Raichur Section of NH-748A Package-2,1428,1293.94,400.24,41,2027-02-28,2027-02-28,2024-02-20,0,0,-134.05999999999995,-9.39,0.2803,28.03,2027,2027,2024.0,Ministry of Statistics and Programme Implementation,Infrastructure and Project Monitoring Division,PAIMANA,Projects Report - Public Dashboard,March 2026,True,False
642,Roads & Highways,Ministry of Road Transport & Highways,National Highways Authority of India [NHAI],618650,4 Lane with PS from Des. Ch 89.900 to Des. Ch. 136.100 of Belgaum-Hungund-Raichur Section of NH-748A Package-3,1364,1219.62,72.94,18,2027-04-03,2027-04-03,2024-01-11,0,0,-144.3800000000001,-10.59,0.0535,5.35,2027,2027,2024.0,Ministry of Statistics and Programme Implementation,Infrastructure and Project Monitoring Division,PAIMANA,Projects Report - Public Dashboard,March 2026,True,False
643,Roads & Highways,Ministry of Road Transport & Highways,National Highways Authority of India [NHAI],618691,4 laning of Aligarh-Palwal Section from Km. 46.390 Design Chainage to Km. 69.110 Terminating at junction EPE Package-II from Kurana- Eastern Peripheral Expressway of NH-334D,939,903.94,95.33,6,2027-08-26,2027-08-27,2024-03-15,1,1,-35.059999999999945,-3.73,0.1015,10.15,2027,2027,2024.0,Ministry of Statistics and Programme Implementation,Infrastructure and Project Monitoring Division,PAIMANA,Projects Report - Public Dashboard,March 2026,True,False
644,Roads & Highways,Ministry of Road Transport & Highways,National Highways Authority of India [NHAI],618823,4 laning of Barasat - Barajaguli Section of NH-12 from Km. 31.000 to Km. 48.679 in the district of North 24 - Parganas,352,346.39,54.34,35,2026-02-11,2026-12-11,2024-02-08,303,1,-5.610000000000014,-1.59,0.1544,15.44,2026,2026,2024.0,Ministry of Statistics and Programme Implementation,Infrastructure and Project Monitoring Division,PAIMANA,Projects Report - Public Dashboard,March 2026,True,False
645,Roads & Highways,Ministry of Road Transport & Highways,National Highways Authority of India [NHAI],618957,4 laning of Champa - Korba from km 0.00 to km 38.2,1002,1304.47,718.32,99,2024-01-05,2026-04-30,2021-02-08,846,1,302.47,30.19,0.7169,71.69,2024,2026,2021.0,Ministry of Statistics and Programme Implementation,Infrastructure and Project Monitoring Division,PAIMANA,Projects Report - Public Dashboard,March 2026,True,False
646,Roads & Highways,Ministry of Road Transport & Highways,National Highways Authority of India [NHAI],619158,4 Laning of Duburi Chandikhole from km 388.376 to km 428.074 Pkg-III,789,907.61,518.91,86,2022-08-09,2026-06-30,2018-01-19,1421,1,118.61000000000001,15.03,0.6577,65.77,2022,2026,2018.0,Ministry of Statistics and Programme Implementation,Infrastructure and Project Monitoring Division,PAIMANA,Projects Report - Public Dashboard,March 2026,True,False
647,Roads & Highways,Ministry of Road Transport & Highways,National Highways Authority of India [NHAI],618826,4 Laning of NH-544D from Km 0.000 to km 37.000 of Anantapur- Muchukota section Pkg-1,908,905.98,440.84,91,2025-07-21,2026-05-29,2022-10-11,312,1,-2.019999999999982,-0.22,0.4855,48.55,2025,2026,2022.0,Ministry of Statistics and Programme Implementation,Infrastructure and Project Monitoring Division,PAIMANA,Projects Report - Public Dashboard,March 2026,True,False
648,Roads & Highways,Ministry of Road Transport & Highways,National Highways Authority of India [NHAI],618827,4 Laning of NH-544D from Km 37.000 to km 69.000 of Muchukota- Bugga section Pkg-2,1098,1055.23,320.17,71,2025-08-15,2026-07-24,2022-10-14,343,1,-42.76999999999998,-3.9,0.2916,29.16,2025,2026,2022.0,Ministry of Statistics and Programme Implementation,Infrastructure and Project Monitoring Division,PAIMANA,Projects Report - Public Dashboard,March 2026,True,False
649,Roads & Highways,Ministry of Road Transport & Highways,National Highways Authority of India [NHAI],618964,4 Laning of Sandalpur to Nasrullaganj Pkg-1 section of NH-146B Length 43.2 Km.,1426,,11.29,5,2028-01-09,2028-01-09,2025-03-30,0,0,,,0.0079,0.79,2028,2028,2025.0,Ministry of Statistics and Programme Implementation,Infrastructure and Project Monitoring Division,PAIMANA,Projects Report - Public Dashboard,March 2026,True,False
650,Roads & Highways,Ministry of Road Transport & Highways,National Highways Authority of India [NHAI],619157,4 Laning of Talcher to end of Kamakhyanagar Bypass km 8.844 - km 15.725 of NH-149 and km 301.875 - km 335.946 of NH-53 Pkg-I,795,810.71,397.12,99,2021-08-19,2026-04-15,2018-01-14,1700,1,15.710000000000036,1.98,0.4995,49.95,2021,2026,2018.0,Ministry of Statistics and Programme Implementation,Infrastructure and Project Monitoring Division,PAIMANA,Projects Report - Public Dashboard,March 2026,True,False
651,Roads & Highways,Ministry of Road Transport & Highways,National Highways Authority of India [NHAI],619167,4 Laning with PS of Pathrapalli-Katghora km 53.3 to km 92.6 Pkg-II of Bilaspur Kathghora,865,1275.26,592.3,93,2022-12-03,2026-06-30,2019-12-17,1305,1,410.26,47.43,0.6847,68.47,2022,2026,2019.0,Ministry of Statistics and Programme Implementation,Infrastructure and Project Monitoring Division,PAIMANA,Projects Report - Public Dashboard,March 2026,True,False
652,Roads & Highways,Ministry of Road Transport & Highways,National Highways Authority of India [NHAI],618690,"4 lanning of Aligarh Palwal section from km 0.00 to km 46.39 package -1 from khereshwar junction-kurana of NH33D , including khair & jattari bypass in the state of UP on HAM mode",1663,1685.69,460.89,13,2027-03-26,2027-03-26,2024-03-11,0,0,22.690000000000055,1.36,0.2771,27.71,2027,2027,2024.0,Ministry of Statistics and Programme Implementation,Infrastructure and Project Monitoring Division,PAIMANA,Projects Report - Public Dashboard,March 2026,True,False
653,Roads & Highways,Ministry of Road Transport & Highways,National Highways Authority of India [NHAI],618666,4- Laning of Mohari to Satai Ghat section NH-934 from Km 50300 to Km 89875 Total length 39.575 km Package-2 in the State of Madhya Pradesh on EPC Mode,711,539.08,388.63,83,2026-08-27,2026-08-31,2022-08-08,4,1,-171.91999999999996,-24.18,0.5466,54.66,2026,2026,2022.0,Ministry of Statistics and Programme Implementation,Infrastructure and Project Monitoring Division,PAIMANA,Projects Report - Public Dashboard,March 2026,True,False
654,Roads & Highways,Ministry of Road Transport & Highways,NHIDCL,618282,4-L Bilasipara-Guwahati Package-10,1265,,469.24,57,2026-06-18,2027-03-31,2023-03-31,286,1,,,0.3709,37.09,2026,2027,2023.0,Ministry of Statistics and Programme Implementation,Infrastructure and Project Monitoring Division,PAIMANA,Projects Report - Public Dashboard,March 2026,True,False
655,Roads & Highways,Ministry of Road Transport & Highways,NHIDCL,618283,4-L Bilasipara-Guwahati Package-9,1000,,416.11,50,2026-06-11,2027-03-31,2023-03-07,293,1,,,0.4161,41.61,2026,2027,2023.0,Ministry of Statistics and Programme Implementation,Infrastructure and Project Monitoring Division,PAIMANA,Projects Report - Public Dashboard,March 2026,True,False
656,Roads & Highways,Ministry of Road Transport & Highways,National Highways Authority of India [NHAI],618913,4-L of Rajamunda to Barkote Section of NH-23 from km. 287.200 to km. 337.185,610,630.97,114.77,97,2021-06-13,2024-12-31,2017-10-26,1297,1,20.970000000000027,3.44,0.1881,18.81,2021,2024,2017.0,Ministry of Statistics and Programme Implementation,Infrastructure and Project Monitoring Division,PAIMANA,Projects Report - Public Dashboard,March 2026,True,False
657,Roads & Highways,Ministry of Road Transport & Highways,NHIDCL,618316,4-Laning of Vairengte - Chhimluang section Package-3 of NH-306 from Existing Chainage km 43000 to Km 59700 Design Chainage km 46000 to km 60850 on Silchar - Vairengte- Sairang road in the State of Mizoram under Bharatmala Pariyojna under NHO-NE. Package-1&2 in Assam state,491,,32.46,18,2027-01-07,2026-12-30,2021-12-03,0,0,,,0.0661,6.61,2027,2026,2021.0,Ministry of Statistics and Programme Implementation,Infrastructure and Project Monitoring Division,PAIMANA,Projects Report - Public Dashboard,March 2026,True,False
659,Roads & Highways,Ministry of Road Transport & Highways,NHIDCL,618435,4-Laning from Rangagara to Kaliabor Tiniali from km 297.00 to km 315.315 of NH-37 on EPC basis under SARDP-NE in state of Assam,387,,352.16,97,2020-04-21,2026-05-31,2016-01-12,2231,1,,,0.91,91.0,2020,2026,2016.0,Ministry of Statistics and Programme Implementation,Infrastructure and Project Monitoring Division,PAIMANA,Projects Report - Public Dashboard,March 2026,True,False
660,Roads & Highways,Ministry of Road Transport & Highways,MoRTH,618013,4-laning of Puttaparthi-Koduru Section of NH-342,1319,909.19,341.52,80,2025-11-06,2026-04-30,2022-10-17,175,1,-409.80999999999995,-31.07,0.2589,25.89,2025,2026,2022.0,Ministry of Statistics and Programme Implementation,Infrastructure and Project Monitoring Division,PAIMANA,Projects Report - Public Dashboard,March 2026,True,False
662,Roads & Highways,Ministry of Road Transport & Highways,NHIDCL,618317,4-Laning of chhimluang-Kolasib from section pkg-4 of NH-306 & NH-6 existing chainage km 59700 to km 86000 design chainage km 61000 to km 77500 on Silchar-vairengte-sairang road in the state of Mizoram under Bharatmala Pariyojna on EPC mode Vairengte - Sairang Pkg-4,562,,0.0,17,2027-01-07,2026-12-30,2021-12-20,0,0,,,0.0,0.0,2027,2026,2021.0,Ministry of Statistics and Programme Implementation,Infrastructure and Project Monitoring Division,PAIMANA,Projects Report - Public Dashboard,March 2026,True,False
663,Roads & Highways,Ministry of Road Transport & Highways,NHIDCL,618314,4-Laning of Dhanehari Lailapur / Vairengte section from Existing Chainage km 12920 to km 43000 of NH 306 Design Chainage km 20000 to km 49360 on Silchar - Vairengte Sairang road in the State of Assam under Bharatmala Pariyojna on EPC mode. Project Length 29.360 km under NHO-NE Package-2,1716,,918.32,79,2026-08-14,2026-08-14,2023-03-31,0,0,,,0.5352,53.52,2026,2026,2023.0,Ministry of Statistics and Programme Implementation,Infrastructure and Project Monitoring Division,PAIMANA,Projects Report - Public Dashboard,March 2026,True,False
664,Roads & Highways,Ministry of Road Transport & Highways,MoRTH,618033,4-Laning of Itanagar to Bandardewa section of NH-415from km 40430 to km 51735 Package-Bon EPC Mode in the state of Arunachal Pradesh Job NO. 415/Ar. P/2020-21/031,496,,156.97,51,2024-12-07,2026-07-31,2020-06-24,601,1,,,0.3165,31.65,2024,2026,2020.0,Ministry of Statistics and Programme Implementation,Infrastructure and Project Monitoring Division,PAIMANA,Projects Report - Public Dashboard,March 2026,True,False
665,Roads & Highways,Ministry of Road Transport & Highways,NHIDCL,618436,4-Laning of Jamugurihat to end of Biswanath Chariali By-Pass from Km 182.000 to Km 208.000 of NH-52 on EPC mode in state of Assam under SARDP-NE,599,,405.02,100,2019-06-19,2025-07-30,2015-03-31,2233,1,,,0.6762,67.62,2019,2025,2015.0,Ministry of Statistics and Programme Implementation,Infrastructure and Project Monitoring Division,PAIMANA,Projects Report - Public Dashboard,March 2026,True,False
666,Roads & Highways,Ministry of Road Transport & Highways,NHIDCL,618318,4-Laning of Kolasib - Sethawn section Package-5 of NH-6 from Existing Chainage km 86000 to km 107850 Design Chainage km 77500 to km 95500 on silchar - vairengte - sairang road under Bharatmala Pariyojna on EPC mode under NHO-NE Vairengte - Sairang Pkg-5,720,,40.29,12,2027-07-07,2027-06-28,2021-11-17,0,0,,,0.056,5.6,2027,2027,2021.0,Ministry of Statistics and Programme Implementation,Infrastructure and Project Monitoring Division,PAIMANA,Projects Report - Public Dashboard,March 2026,True,False
667,Roads & Highways,Ministry of Road Transport & Highways,NHIDCL,618438,"4-Laning of NH-37 Section between Demow to End of Moran Bypass From Km. 534.800 to Km. 561.700 including Emergency Landing Facility ELF under SARDP-NE, Phase 'A' in the State of Assam on EPC mode",386,,145.89,100,2024-07-20,2025-08-14,2016-01-14,390,1,,,0.378,37.8,2024,2025,2016.0,Ministry of Statistics and Programme Implementation,Infrastructure and Project Monitoring Division,PAIMANA,Projects Report - Public Dashboard,March 2026,True,False
668,Roads & Highways,Ministry of Road Transport & Highways,National Highways Authority of India [NHAI],618783,4-laning of Pilibhit - Sitarganj from Km. 32.500 to Km. 70.800 Pkg-2 of NH-30,1471,1471.19,407.69,33,2026-03-13,2027-01-25,2023-01-16,318,1,0.19000000000005457,0.01,0.2772,27.72,2026,2027,2023.0,Ministry of Statistics and Programme Implementation,Infrastructure and Project Monitoring Division,PAIMANA,Projects Report - Public Dashboard,March 2026,True,False
669,Roads & Highways,Ministry of Road Transport & Highways,NHIDCL,618319,"4-Laning of Sethawn - N. Kawnpui section Package-6 of NH-6 from Existing Chainage km 107850 to km 126315 Design Chainage km 95500 to km 111850 on Silchar-Vairengte- Sairang road, Vairengte - Sairang Pkg-6",596,,21.02,7,2027-01-07,2026-12-30,2021-12-20,0,0,,,0.0353,3.53,2027,2026,2021.0,Ministry of Statistics and Programme Implementation,Infrastructure and Project Monitoring Division,PAIMANA,Projects Report - Public Dashboard,March 2026,True,False
670,Roads & Highways,Ministry of Road Transport & Highways,NHIDCL,618315,4-Laning of Silchar - Dhanehari section from Existing Chainage km 263800 of NH 37 to km 12920 of NH 306 Design Chainage km 0000 to km 20000 on Silchar - Vairengte - Sairang road in the State of Assam under Bharatmala Pariyojna on EPC mode Package-1,1257,,550.91,55,2026-07-23,2026-07-22,2023-02-28,0,0,,,0.4383,43.83,2026,2026,2023.0,Ministry of Statistics and Programme Implementation,Infrastructure and Project Monitoring Division,PAIMANA,Projects Report - Public Dashboard,March 2026,True,False
671,Roads & Highways,Ministry of Road Transport & Highways,National Highways Authority of India [NHAI],618672,4-lanning of Gyaraspur to Rahatgarh section of NH-146 from Design Ch. 88361 to Ch 124470 in the state of MP on HAM mode,903,592.44,76.95,18,2027-11-05,2027-11-05,2024-10-28,0,0,-310.55999999999995,-34.39,0.0852,8.52,2027,2027,2024.0,Ministry of Statistics and Programme Implementation,Infrastructure and Project Monitoring Division,PAIMANA,Projects Report - Public Dashboard,March 2026,True,False
672,Roads & Highways,Ministry of Road Transport & Highways,National Highways Authority of India [NHAI],618671,4-lanning of Rahatgarh to Berkhedi section of NH-146 from Design Ch 124470 to Ch. 134.549,618,342.69,3.77,4,2027-12-20,2027-12-20,2025-03-30,0,0,-275.31,-44.55,0.0061,0.61,2027,2027,2025.0,Ministry of Statistics and Programme Implementation,Infrastructure and Project Monitoring Division,PAIMANA,Projects Report - Public Dashboard,March 2026,True,False
673,Roads & Highways,Ministry of Road Transport & Highways,National Highways Authority of India [NHAI],619103,4/6 Laning of Raipur-Simga Pkg-I from km. 0.00 to km. 48.58,1097,1172.36,106.47,100,2018-04-20,2026-04-30,2015-10-10,2932,1,75.3599999999999,6.87,0.0971,9.71,2018,2026,2015.0,Ministry of Statistics and Programme Implementation,Infrastructure and Project Monitoring Division,PAIMANA,Projects Report - Public Dashboard,March 2026,True,False
674,Roads & Highways,Ministry of Road Transport & Highways,National Highways Authority of India [NHAI],618495,4/6L Access Control Expressway from Design Chainage Km 515.000 to 528.300 Kunjwani to Sidhra Section of NH-44 and from Design Chainage Km 550.900 to Km 566.520 Domel to Katra Section Phase II-Package XVII,2895,2894.74,781.47,61,2025-06-13,2027-03-31,2022-06-29,656,1,-0.2600000000002183,-0.01,0.2699,26.99,2025,2027,2022.0,Ministry of Statistics and Programme Implementation,Infrastructure and Project Monitoring Division,PAIMANA,Projects Report - Public Dashboard,March 2026,True,False
675,Roads & Highways,Ministry of Road Transport & Highways,National Highways Authority of India [NHAI],618785,4/6L Greenfield LudhianaRupnagar highway from Jn. with NE-5 village near to ManewalLudhiana to Jn. with NH-205 near Bheora Village Rupnagar from Km 66.0 to Km 91.0 i/c spur to Kharar from Km 0.0 to Km 19.5 with Ludhiana bypass of NH-205K Pkg-3,1501,1815.13,992.79,78,2025-02-15,2026-05-31,2021-07-30,470,1,314.1300000000001,20.93,0.6614,66.14,2025,2026,2021.0,Ministry of Statistics and Programme Implementation,Infrastructure and Project Monitoring Division,PAIMANA,Projects Report - Public Dashboard,March 2026,True,False
676,Roads & Highways,Ministry of Road Transport & Highways,National Highways Authority of India [NHAI],618969,4/6L of Spur to Haridwar Greenfield from Km. 0.000 to Km. 50.70,2156,2612.3,1450.4,91,2025-02-19,2026-06-30,2021-11-15,496,1,456.3000000000002,21.16,0.6727,67.27,2025,2026,2021.0,Ministry of Statistics and Programme Implementation,Infrastructure and Project Monitoring Division,PAIMANA,Projects Report - Public Dashboard,March 2026,True,False
677,Roads & Highways,Ministry of Road Transport & Highways,National Highways Authority of India [NHAI],618517,4/6L of Bangalore - Pune Section of bypass connecting Dharwad - Hubli from km. 403.80 to km. 433.20,1135,763.36,698.19,82,2025-09-21,2026-11-30,2021-12-27,435,1,-371.64,-32.74,0.6151,61.51,2025,2026,2021.0,Ministry of Statistics and Programme Implementation,Infrastructure and Project Monitoring Division,PAIMANA,Projects Report - Public Dashboard,March 2026,True,False
678,Roads & Highways,Ministry of Road Transport & Highways,National Highways Authority of India [NHAI],619132,4/6L of Gurgaon - Pataudi - Rewari from km. 0.00 to km.43.87 of NH-352W,1810,1917.5,496.01,72,2023-11-23,2026-06-30,2020-05-11,950,1,107.5,5.94,0.274,27.4,2023,2026,2020.0,Ministry of Statistics and Programme Implementation,Infrastructure and Project Monitoring Division,PAIMANA,Projects Report - Public Dashboard,March 2026,True,False
679,Roads & Highways,Ministry of Road Transport & Highways,NHAI,618567,4/6L of Northern Ayodhya Bypass starting Km. 112.540 and ending Km. 139.928 north of existing NH-27 part-1 and part-2 south of NH-27 from km 0.000 to km 5.000.,2289,1834.25,132.07,25,2028-01-06,2028-01-07,2024-08-02,1,1,-454.75,-19.87,0.0577,5.77,2028,2028,2024.0,Ministry of Statistics and Programme Implementation,Infrastructure and Project Monitoring Division,PAIMANA,Projects Report - Public Dashboard,March 2026,True,False
680,Roads & Highways,Ministry of Road Transport & Highways,NHAI,618568,4/6L Southern Ayodhya Bypass from Km 5.000 to Km 37.172 starting near Km. 112.540 and ending at Km. 153.281 of NH-27,2541,1983.05,198.69,33,2027-09-27,2027-09-27,2024-08-02,0,0,-557.95,-21.96,0.0782,7.82,2027,2027,2024.0,Ministry of Statistics and Programme Implementation,Infrastructure and Project Monitoring Division,PAIMANA,Projects Report - Public Dashboard,March 2026,True,False
681,Roads & Highways,Ministry of Road Transport & Highways,National Highways Authority of India [NHAI],618935,4L Ambala - Kalaamb from Km. -0.800 to Km. 33.015 of old NH-72,1184,1190.34,452.14,100,2025-06-08,2026-04-30,2022-10-11,326,1,6.339999999999918,0.54,0.3819,38.19,2025,2026,2022.0,Ministry of Statistics and Programme Implementation,Infrastructure and Project Monitoring Division,PAIMANA,Projects Report - Public Dashboard,March 2026,True,False
682,Roads & Highways,Ministry of Road Transport & Highways,NHAI,618741,4L Greenfield Alignment from Kalyanapur to Tal Dashraha of NH-119D Pkg-III,1858,1969.3,416.49,31,2025-02-15,2027-06-23,2022-03-04,858,1,111.29999999999995,5.99,0.2242,22.42,2025,2027,2022.0,Ministry of Statistics and Programme Implementation,Infrastructure and Project Monitoring Division,PAIMANA,Projects Report - Public Dashboard,March 2026,True,False
683,Roads & Highways,Ministry of Road Transport & Highways,National Highways Authority of India [NHAI],618852,4L Sundar Nagar Bypass from Km.173.900 to Km.179.600 of NH-21,191,192.11,181.41,100,2024-06-14,2026-04-30,2022-02-22,685,1,1.1100000000000136,0.58,0.9498,94.98,2024,2026,2022.0,Ministry of Statistics and Programme Implementation,Infrastructure and Project Monitoring Division,PAIMANA,Projects Report - Public Dashboard,March 2026,True,False
684,Roads & Highways,Ministry of Road Transport & Highways,National Highways Authority of India [NHAI],618811,4L Access Controlled Greenfield Highway Section Mancherial Warangal from Pangidipalle village at Design Ch. 72.350 Km to Oorugonda village at Design Ch. 112.240 KmPackage-III,1184,1170.64,83.68,0,2027-06-13,2027-06-30,2023-03-27,17,1,-13.3599999999999,-1.13,0.0707,7.07,2027,2027,2023.0,Ministry of Statistics and Programme Implementation,Infrastructure and Project Monitoring Division,PAIMANA,Projects Report - Public Dashboard,March 2026,True,False
685,Roads & Highways,Ministry of Road Transport & Highways,National Highways Authority of India [NHAI],619143,4L Access Controlled Greenfield Highway section on NH-163G Khammam Vijayawada from BrahmanapalliK village at Design Ch. 250.400 Km to Remidicherla village at Design Ch. 280.200 KmPackage-II,826,862.58,68.8,17,2027-03-26,2027-03-26,2023-03-24,0,0,36.58000000000004,4.43,0.0833,8.33,2027,2027,2023.0,Ministry of Statistics and Programme Implementation,Infrastructure and Project Monitoring Division,PAIMANA,Projects Report - Public Dashboard,March 2026,True,False
686,Roads & Highways,Ministry of Road Transport & Highways,National Highways Authority of India [NHAI],618818,4L Access Controlled Greenfield Highway section on NH-163G Khammam Vijayawada from Remidicherla village at Design Ch. 280.200 Km to Jakkampudi village on NH-16 at Design Ch. 309.909 Km Package-III,1183,1225.14,0.91,2,2027-05-07,2027-05-07,2023-03-20,0,0,42.1400000000001,3.56,0.0008,0.08,2027,2027,2023.0,Ministry of Statistics and Programme Implementation,Infrastructure and Project Monitoring Division,PAIMANA,Projects Report - Public Dashboard,March 2026,True,False
687,Roads & Highways,Ministry of Road Transport & Highways,National Highways Authority of India [NHAI],618817,4L Access Controlled Greenfield Highway section on NH-163G Khammam Vijayawada from V. Venkatayapalem village at Design Ch. 220.480 Km to BrahmanapalliK village at Design Ch. 250.400 Km Package-I.,973,1021.96,189.17,40,2027-03-18,2027-03-18,2023-03-16,0,0,48.960000000000036,5.03,0.1944,19.44,2027,2027,2023.0,Ministry of Statistics and Programme Implementation,Infrastructure and Project Monitoring Division,PAIMANA,Projects Report - Public Dashboard,March 2026,True,False
688,Roads & Highways,Ministry of Road Transport & Highways,National Highways Authority of India [NHAI],618816,4L Access Controlled Greenfield Highway section on NH-163G Warangal-Khammam from Thallasenkesa village at Design Ch. 189.650 km to V.Vekatayapalem village in Khammam District at Design Ch. 220.480 KmPackage-III,1105,1098.05,72.08,5,2027-07-03,2027-07-03,2023-03-28,0,0,-6.9500000000000455,-0.63,0.0652,6.52,2027,2027,2023.0,Ministry of Statistics and Programme Implementation,Infrastructure and Project Monitoring Division,PAIMANA,Projects Report - Public Dashboard,March 2026,True,False
689,Roads & Highways,Ministry of Road Transport & Highways,National Highways Authority of India [NHAI],618815,4L Access Controlled Greenfield Highway section on NH-163G Warangal-Khammam from Venkatpur village in Warangal District at Design Ch. 150.240 Km to Thallasenkesa village in Mahabubabed District at Design Ch. 189.650 kmPackage-II,1093,1083.11,261.74,63,2026-04-18,2026-10-31,2023-03-28,196,1,-9.8900000000001,-0.9,0.2395,23.95,2026,2026,2023.0,Ministry of Statistics and Programme Implementation,Infrastructure and Project Monitoring Division,PAIMANA,Projects Report - Public Dashboard,March 2026,True,False
690,Roads & Highways,Ministry of Road Transport & Highways,National Highways Authority of India [NHAI],618814,4L Access Controlled Greenfield Highway section on NH163G Warangal-Khammam from Oorugonda village in Hanamkonda District at Design Ch. 112.240 Km to Venkatpur village in Warangal District at Design Ch. 150.240 KmPackage-I,1143,1140.82,64.38,0,2027-06-12,2027-06-30,2023-03-29,18,1,-2.1800000000000637,-0.19,0.0563,5.63,2027,2027,2023.0,Ministry of Statistics and Programme Implementation,Infrastructure and Project Monitoring Division,PAIMANA,Projects Report - Public Dashboard,March 2026,True,False
691,Roads & Highways,Ministry of Road Transport & Highways,National Highways Authority of India [NHAI],618813,4L Access Controlled Greenfield Section Mancherial Warangal from Narva village at Design Ch. 3.834 Km to Puttapaka village at Design Ch. 35.300 Km Package-I,1128,1104.27,66.79,6,2026-12-22,2027-06-30,2023-03-01,190,1,-23.730000000000018,-2.1,0.0592,5.92,2026,2027,2023.0,Ministry of Statistics and Programme Implementation,Infrastructure and Project Monitoring Division,PAIMANA,Projects Report - Public Dashboard,March 2026,True,False
692,Roads & Highways,Ministry of Road Transport & Highways,National Highways Authority of India [NHAI],618812,4L Access Controlled Greenfield Section Mancherial Warangal from Puttapaka village at Design Ch. 35.300 Km to Pangidipalle village at Design Ch. 72.350 KmPackage-II,1129,1145.41,31.41,5,2027-06-13,2027-06-30,2023-01-20,17,1,16.410000000000082,1.45,0.0278,2.78,2027,2027,2023.0,Ministry of Statistics and Programme Implementation,Infrastructure and Project Monitoring Division,PAIMANA,Projects Report - Public Dashboard,March 2026,True,False
693,Roads & Highways,Ministry of Road Transport & Highways,National Highways Authority of India [NHAI],618481,4L Bangalore-Chennai Expressway from Km. 230.000 to Km. 261.705 of Kanchepuram to Sriperumbudur Section Phase-III/Package-IV,3606,3605.73,883.27,83,2024-07-09,2026-07-31,2021-02-25,752,1,-0.2699999999999818,-0.01,0.2449,24.49,2024,2026,2021.0,Ministry of Statistics and Programme Implementation,Infrastructure and Project Monitoring Division,PAIMANA,Projects Report - Public Dashboard,March 2026,True,False
694,Roads & Highways,Ministry of Road Transport & Highways,National Highways Authority of India [NHAI],618923,4L Behsuma at Km 39.250 Ex. Km 39240 To Bijnor at Km 78.810 Ex. Km 86590 Design Length 39.560 Km of NH-119 Pkg-II,2158,2553.12,565.63,61,2026-05-19,2026-05-19,2023-03-13,0,0,395.1199999999999,18.31,0.2621,26.21,2026,2026,2023.0,Ministry of Statistics and Programme Implementation,Infrastructure and Project Monitoring Division,PAIMANA,Projects Report - Public Dashboard,March 2026,True,False
695,Roads & Highways,Ministry of Road Transport & Highways,National Highways Authority of India [NHAI],618792,4L Bhiwani-Hansi road section of NH-148B,1330,1144.21,437.49,100,2025-12-17,2026-04-15,2022-11-04,119,1,-185.78999999999996,-13.97,0.3289,32.89,2025,2026,2022.0,Ministry of Statistics and Programme Implementation,Infrastructure and Project Monitoring Division,PAIMANA,Projects Report - Public Dashboard,March 2026,True,False
696,Roads & Highways,Ministry of Road Transport & Highways,National Highways Authority of India [NHAI],618623,4L Boregaon Buzurg to Shahpur Pkg I of Boregaon Buzurg to Muktainagar of NH 753L,1504,1132.34,431.27,84,2026-01-31,2026-05-27,2022-11-04,116,1,-371.6600000000001,-24.71,0.2867,28.67,2026,2026,2022.0,Ministry of Statistics and Programme Implementation,Infrastructure and Project Monitoring Division,PAIMANA,Projects Report - Public Dashboard,March 2026,True,False
697,Roads & Highways,Ministry of Road Transport & Highways,National Highways Authority of India [NHAI],618914,"4L Elevated Corridor and at-grade improvements from Design Ch0000 to Design Ch 19870 of Danapur Bihta Section, Design Ch0000 to Design Ch0231 connecting the existing RoB near Danapur station ,1.35 Km ramps and at-grade improvements to 4-lane section on Danapur side and Upgradation of existing Two lane carriageway to Four Lane carriageway from Design Ch19870 to Design Ch23500 of Bihta - Koilwar section",4433,2625.4,1227.02,52,2026-09-08,2027-08-31,2022-10-06,357,1,-1807.6,-40.78,0.2768,27.68,2026,2027,2022.0,Ministry of Statistics and Programme Implementation,Infrastructure and Project Monitoring Division,PAIMANA,Projects Report - Public Dashboard,March 2026,True,False
698,Roads & Highways,Ministry of Road Transport & Highways,National Highways Authority of India [NHAI],618736,4L Elevated corridor of Kalimandir-Dimna Chowk-Baliguma Jamshedpur Section of NH-33 New NH-18 from km 241940 to km 251961 Length 10.021 km,936,832.2,210.52,41,2027-03-15,2027-03-15,2024-03-07,0,0,-103.79999999999995,-11.09,0.2249,22.49,2027,2027,2024.0,Ministry of Statistics and Programme Implementation,Infrastructure and Project Monitoring Division,PAIMANA,Projects Report - Public Dashboard,March 2026,True,False
699,Roads & Highways,Ministry of Road Transport & Highways,National Highways Authority of India [NHAI],618570,4L Elevated Highway and at grade improvements at Gopalganj Town from Km. 384.000 to Km. 386.750 on NH-27,326,248.92,225.44,100,2024-08-31,2026-04-15,2021-10-20,592,1,-77.08000000000001,-23.64,0.6915,69.15,2024,2026,2021.0,Ministry of Statistics and Programme Implementation,Infrastructure and Project Monitoring Division,PAIMANA,Projects Report - Public Dashboard,March 2026,True,False
700,Roads & Highways,Ministry of Road Transport & Highways,National Highways Authority of India [NHAI],618841,4L Elevated Section and at-grade improvements at Begusarai town Simaria - Khagaria section from Km. 221.047 to Km. 225.302 of NH-31,491,348.38,333.67,94,2024-12-23,2026-06-20,2021-10-15,544,1,-142.62,-29.05,0.6796,67.96,2024,2026,2021.0,Ministry of Statistics and Programme Implementation,Infrastructure and Project Monitoring Division,PAIMANA,Projects Report - Public Dashboard,March 2026,True,False
701,Roads & Highways,Ministry of Road Transport & Highways,National Highways Authority of India [NHAI],618868,4L from Devinagar Bypass End Existing Km. 208.000 of NH 530B/Design Km. 66.000 to Kasganj Bypass End Existing Km.150.100 of NH 530B/ Design Km. 123.100 of NH 530B,2290,2223.71,405.32,60,2026-06-05,2026-06-05,2023-03-20,0,0,-66.28999999999996,-2.89,0.177,17.7,2026,2026,2023.0,Ministry of Statistics and Programme Implementation,Infrastructure and Project Monitoring Division,PAIMANA,Projects Report - Public Dashboard,March 2026,True,False
703,Roads & Highways,Ministry of Road Transport & Highways,National Highways Authority of India [NHAI],618661,4L from km 0.000 to 42.040 Bhopal Ratnaigiri Tiraha to Vidisha Morikodi,1032,1038.18,5.99,10,2027-11-12,2027-11-12,2024-10-18,0,0,6.180000000000064,0.6,0.0058,0.58,2027,2027,2024.0,Ministry of Statistics and Programme Implementation,Infrastructure and Project Monitoring Division,PAIMANA,Projects Report - Public Dashboard,March 2026,True,False
704,Roads & Highways,Ministry of Road Transport & Highways,National Highways Authority of India [NHAI],618830,4L from Km 147.450 Bhogu to Km 196.870 Sankha on NH-75 Sec-III,1518,1652.09,949.61,77,2025-11-08,2026-06-30,2022-10-03,234,1,134.08999999999992,8.83,0.6256,62.56,2025,2026,2022.0,Ministry of Statistics and Programme Implementation,Infrastructure and Project Monitoring Division,PAIMANA,Projects Report - Public Dashboard,March 2026,True,False
706,Roads & Highways,Ministry of Road Transport & Highways,National Highways Authority of India [NHAI],618828,4L from Km 219.600 Khajuri to Km 260.483 Wyndhamganj on NH-75 Sec-V,1436,1465.55,826.67,92,2025-09-14,2026-04-30,2022-03-30,228,1,29.549999999999955,2.06,0.5757,57.57,2025,2026,2022.0,Ministry of Statistics and Programme Implementation,Infrastructure and Project Monitoring Division,PAIMANA,Projects Report - Public Dashboard,March 2026,True,False
707,Roads & Highways,Ministry of Road Transport & Highways,National Highways Authority of India [NHAI],618832,4L from Km 55.00 Kuru to Km 95.400 Udaipura on NH-75 Sec-I,1275,,1.69,0,2028-01-10,2028-01-10,2024-02-14,0,0,,,0.0013,0.13,2028,2028,2024.0,Ministry of Statistics and Programme Implementation,Infrastructure and Project Monitoring Division,PAIMANA,Projects Report - Public Dashboard,March 2026,True,False
708,Roads & Highways,Ministry of Road Transport & Highways,National Highways Authority of India [NHAI],618831,4L from Km 95.400 Udaipura to Km 147.450 Bhogu on NH-75 Sec-II,1437,1301.54,177.44,26,2026-10-09,2027-03-31,2023-03-24,173,1,-135.46000000000004,-9.43,0.1235,12.35,2026,2027,2023.0,Ministry of Statistics and Programme Implementation,Infrastructure and Project Monitoring Division,PAIMANA,Projects Report - Public Dashboard,March 2026,True,False
709,Roads & Highways,Ministry of Road Transport & Highways,National Highways Authority of India [NHAI],618864,4L from Mathura Bypass Start at Existing Km. 154.20 of NH-44 to Gaju Village at Km 32.982 of NH-530B Pkg-IB,1722,1820.77,1049.84,100,2025-03-19,2026-04-15,2022-01-07,392,1,98.76999999999998,5.74,0.6097,60.97,2025,2026,2022.0,Ministry of Statistics and Programme Implementation,Infrastructure and Project Monitoring Division,PAIMANA,Projects Report - Public Dashboard,March 2026,True,False
710,Roads & Highways,Ministry of Road Transport & Highways,National Highways Authority of India [NHAI],618566,4L Green Field Northern East side Gorakhpur Bypass 26.616 Kms starting from NH-29E Chainage 83.308 and end at NH-28 Chainage 285.100,1974,1244.44,902.97,69,2026-01-02,2026-09-07,2023-02-28,248,1,-729.56,-36.96,0.4574,45.74,2026,2026,2023.0,Ministry of Statistics and Programme Implementation,Infrastructure and Project Monitoring Division,PAIMANA,Projects Report - Public Dashboard,March 2026,True,False
711,Roads & Highways,Ministry of Road Transport & Highways,National Highways Authority of India [NHAI],618760,4L Greenfield a Malout bypass from ch. Km 44.500 to ch. Km 35.500 on NH-07 and Ch. Km 0.000 to Km 6.984 on NH-09 bMandi Dabwali Bypass from Ch. 38.450 Km to Km 27.910 Pkg-02,646,556.09,549.2,98,2024-07-01,2026-04-30,2021-11-12,668,1,-89.90999999999997,-13.92,0.8502,85.02,2024,2026,2021.0,Ministry of Statistics and Programme Implementation,Infrastructure and Project Monitoring Division,PAIMANA,Projects Report - Public Dashboard,March 2026,True,False
712,Roads & Highways,Ministry of Road Transport & Highways,National Highways Authority of India [NHAI],618739,4L Greenfield Alignment of Amas to Shivrampur from 0.000 Km. to 55.002 Km. of NH 119 D Pkg-I,1391,1427.43,342.13,44,2025-03-29,2027-06-30,2022-02-01,823,1,36.430000000000064,2.62,0.246,24.6,2025,2027,2022.0,Ministry of Statistics and Programme Implementation,Infrastructure and Project Monitoring Division,PAIMANA,Projects Report - Public Dashboard,March 2026,True,False
713,Roads & Highways,Ministry of Road Transport & Highways,National Highways Authority of India [NHAI],618740,4L Greenfield Alignment of Shivrampur to Ramnagar from Km. 55.002 to Km. 109.300 of NH 119 D Pkg-II,1494,1546.07,258.16,43,2025-07-03,2027-06-30,2022-02-02,727,1,52.069999999999936,3.49,0.1728,17.28,2025,2027,2022.0,Ministry of Statistics and Programme Implementation,Infrastructure and Project Monitoring Division,PAIMANA,Projects Report - Public Dashboard,March 2026,True,False
714,Roads & Highways,Ministry of Road Transport & Highways,National Highways Authority of India [NHAI],618807,"4L Greenfield Road connecting North and South industrial cluster of Khandaleru Creek near Krishnapatnam port at Thamminapatnam to Mollur from Km 0.0 to Km 16.046, Part I & 6L extension of dedicated port road of NH-67 Km 18.0 to Km 19.3, Part II",609,559.98,446.52,79,2025-09-24,2026-06-30,2022-08-24,279,1,-49.01999999999998,-8.05,0.7332,73.32,2025,2026,2022.0,Ministry of Statistics and Programme Implementation,Infrastructure and Project Monitoring Division,PAIMANA,Projects Report - Public Dashboard,March 2026,True,False
715,Roads & Highways,Ministry of Road Transport & Highways,National Highways Authority of India [NHAI],618654,4L Greenfield Rudhi to Deshgaon Pkg V of Betul-Khandwa/Deshgaon,521,469.68,174.87,61,2025-10-05,2026-04-30,2022-11-04,207,1,-51.31999999999999,-9.85,0.3356,33.56,2025,2026,2022.0,Ministry of Statistics and Programme Implementation,Infrastructure and Project Monitoring Division,PAIMANA,Projects Report - Public Dashboard,March 2026,True,False
716,Roads & Highways,Ministry of Road Transport & Highways,National Highways Authority of India [NHAI],619063,4L Greenfield spur from Delhi-Vadodara Greenfield expressway near Bandikui to Jaipur,1636,2170.39,1204.89,100,2024-11-10,2026-04-30,2022-03-09,536,1,534.3899999999999,32.66,0.7365,73.65,2024,2026,2022.0,Ministry of Statistics and Programme Implementation,Infrastructure and Project Monitoring Division,PAIMANA,Projects Report - Public Dashboard,March 2026,True,False
717,Roads & Highways,Ministry of Road Transport & Highways,National Highways Authority of India [NHAI],618917,4L Greenfield starting from NH-30 near Saristabad Patna to Nathupur Project end point of Patna-Gaya-Dobhi Section of NH-83,488,419.66,82.68,81,2025-08-27,2026-04-23,2023-07-17,239,1,-68.33999999999997,-14.0,0.1694,16.94,2025,2026,2023.0,Ministry of Statistics and Programme Implementation,Infrastructure and Project Monitoring Division,PAIMANA,Projects Report - Public Dashboard,March 2026,True,False
718,Roads & Highways,Ministry of Road Transport & Highways,National Highways Authority of India [NHAI],618911,4L Greenfield Western Side spur of Rampur-Rudrapur Section from Km 0.000 to Km 13.700 connecting NH-24 to NH-87 bypassing rampur town,646,637.83,146.15,64,2024-11-02,2026-05-31,2021-12-05,575,1,-8.169999999999959,-1.26,0.2262,22.62,2024,2026,2021.0,Ministry of Statistics and Programme Implementation,Infrastructure and Project Monitoring Division,PAIMANA,Projects Report - Public Dashboard,March 2026,True,False
719,Roads & Highways,Ministry of Road Transport & Highways,National Highways Authority of India [NHAI],619093,4L Ismailabad to Ambala Section of NH-152 Lot-4/Package-1,609,454.34,160.81,71,2025-12-06,2026-12-31,2023-02-28,390,1,-154.66000000000003,-25.4,0.2641,26.41,2025,2026,2023.0,Ministry of Statistics and Programme Implementation,Infrastructure and Project Monitoring Division,PAIMANA,Projects Report - Public Dashboard,March 2026,True,False
720,Roads & Highways,Ministry of Road Transport & Highways,National Highways Authority of India [NHAI],618867,4L Kasganj-Badaun Section from Km. 123.100 to Km. 179.500 Pkg-III of NH530B,2009,1936.61,135.52,24,2027-05-29,2027-04-30,2023-03-28,0,0,-72.3900000000001,-3.6,0.0675,6.75,2027,2027,2023.0,Ministry of Statistics and Programme Implementation,Infrastructure and Project Monitoring Division,PAIMANA,Projects Report - Public Dashboard,March 2026,True,False
721,Roads & Highways,Ministry of Road Transport & Highways,National Highways Authority of India [NHAI],618834,4L Kodinar - Veraval Package VI from km. 222.400 to km. 230.00 Kodinar Bypass of NH-8E NH 51 new,163,192.01,174.82,100,2023-09-20,2025-04-30,2022-03-31,588,1,29.00999999999999,17.8,1.0725,107.25,2023,2025,2022.0,Ministry of Statistics and Programme Implementation,Infrastructure and Project Monitoring Division,PAIMANA,Projects Report - Public Dashboard,March 2026,True,False
722,Roads & Highways,Ministry of Road Transport & Highways,NHAI,619292,4L Medinipur to Ballupur from Km. 458.65 to Km. 487.65 of NH-07Pkg-2,1093,1072.5,712.04,94,2025-02-17,2026-04-30,2022-03-30,437,1,-20.5,-1.88,0.6515,65.15,2025,2026,2022.0,Ministry of Statistics and Programme Implementation,Infrastructure and Project Monitoring Division,PAIMANA,Projects Report - Public Dashboard,March 2026,True,False
723,Roads & Highways,Ministry of Road Transport & Highways,National Highways Authority of India [NHAI],618588,4L Mitigation Measure structures on CH/MH Border to Wainganga Bridge Section of NH-6 New NH-53,540,468.92,464.25,100,2023-11-07,2026-04-15,2021-02-06,890,1,-71.07999999999998,-13.16,0.8597,85.97,2023,2026,2021.0,Ministry of Statistics and Programme Implementation,Infrastructure and Project Monitoring Division,PAIMANA,Projects Report - Public Dashboard,March 2026,True,False
724,Roads & Highways,Ministry of Road Transport & Highways,National Highways Authority of India [NHAI],618735,4L of Chandesara to Khedakhajuriya from Km. 0.000 to - 750 & Km 0.000 to km 41.400 of NH-148NG Pkg-I,910,976.55,399.37,99,2024-05-31,2026-05-15,2021-12-27,714,1,66.54999999999995,7.31,0.4389,43.89,2024,2026,2021.0,Ministry of Statistics and Programme Implementation,Infrastructure and Project Monitoring Division,PAIMANA,Projects Report - Public Dashboard,March 2026,True,False
725,Roads & Highways,Ministry of Road Transport & Highways,National Highways Authority of India [NHAI],619073,4L of 42.000 to km 80.00 of Dodaballapur Bypass to Hoskote section of NH-648 Old NH-207 [Bangalore Ring Road Pkg 2],1318,1846.52,1015.48,99,2023-02-21,2026-04-30,2020-02-28,1164,1,528.52,40.1,0.7705,77.05,2023,2026,2020.0,Ministry of Statistics and Programme Implementation,Infrastructure and Project Monitoring Division,PAIMANA,Projects Report - Public Dashboard,March 2026,True,False
726,Roads & Highways,Ministry of Road Transport & Highways,National Highways Authority of India [NHAI],618702,4L of Addahole Near Gundya to Bantwal Cross section Pkg-02 from Design Km 270.270 to Design km 318.55 including flyover at Kalladka Town including approaches from Km. 311.57 to Km. 313.67 of NH-75 Old NH-48,1660,1318.24,1264.16,94,2023-11-22,2026-04-30,2020-12-23,890,1,-341.76,-20.59,0.7615,76.15,2023,2026,2020.0,Ministry of Statistics and Programme Implementation,Infrastructure and Project Monitoring Division,PAIMANA,Projects Report - Public Dashboard,March 2026,True,False
727,Roads & Highways,Ministry of Road Transport & Highways,National Highways Authority of India [NHAI],618906,4L of Amritsar-Ghoman - Tanda - Una Section from Km 8.270 to Km 54.000 of NH-503A Package-I,858,1443.47,468.69,64,2024-06-19,2026-06-30,2020-12-23,741,1,585.47,68.24,0.5463,54.63,2024,2026,2020.0,Ministry of Statistics and Programme Implementation,Infrastructure and Project Monitoring Division,PAIMANA,Projects Report - Public Dashboard,March 2026,True,False
728,Roads & Highways,Ministry of Road Transport & Highways,NHAI,618779,4L of Aurangabad-Paithan,1505,349.96,305.23,96,2024-07-23,2026-04-30,2022-09-19,646,1,-1155.04,-76.75,0.2028,20.28,2024,2026,2022.0,Ministry of Statistics and Programme Implementation,Infrastructure and Project Monitoring Division,PAIMANA,Projects Report - Public Dashboard,March 2026,True,False
729,Roads & Highways,Ministry of Road Transport & Highways,National Highways Authority of India [NHAI],618583,4L of Bahadurganj Araria section from Km 49.000 to Km 94.000 Package-II of NH-327E,1359,1358.77,713.95,100,2024-01-09,2024-05-12,2021-01-13,124,1,-0.2300000000000182,-0.02,0.5253,52.53,2024,2024,2021.0,Ministry of Statistics and Programme Implementation,Infrastructure and Project Monitoring Division,PAIMANA,Projects Report - Public Dashboard,March 2026,True,False
730,Roads & Highways,Ministry of Road Transport & Highways,National Highways Authority of India [NHAI],619147,4L of Bal Works of Mahuva to Kagvadar from 100.450 Km. to 140.470 Km. of NH-8E Pkg- III,603,628.49,624.32,100,2022-09-23,2026-01-17,2020-08-19,1212,1,25.49000000000001,4.23,1.0354,103.54,2022,2026,2020.0,Ministry of Statistics and Programme Implementation,Infrastructure and Project Monitoring Division,PAIMANA,Projects Report - Public Dashboard,March 2026,True,False
732,Roads & Highways,Ministry of Road Transport & Highways,National Highways Authority of India [NHAI],618915,4L of Bal. works of Patna - Gaya -Dobhi Pkg-II from km. 39.00 to km. 83.00 of Old NH-83,1637,777.2,728.91,89,2022-11-08,2025-05-30,2019-09-18,934,1,-859.8,-52.52,0.4453,44.53,2022,2025,2019.0,Ministry of Statistics and Programme Implementation,Infrastructure and Project Monitoring Division,PAIMANA,Projects Report - Public Dashboard,March 2026,True,False
733,Roads & Highways,Ministry of Road Transport & Highways,National Highways Authority of India [NHAI],618916,4L of Bal. works of Patna - Gaya -Dobhi Pkg-III from km. 83.00 to km. 127.217 of Old NH-83,1077,799.7,774.78,92,2022-11-23,2025-05-15,2019-09-18,904,1,-277.29999999999995,-25.75,0.7194,71.94,2022,2025,2019.0,Ministry of Statistics and Programme Implementation,Infrastructure and Project Monitoring Division,PAIMANA,Projects Report - Public Dashboard,March 2026,True,False
734,Roads & Highways,Ministry of Road Transport & Highways,National Highways Authority of India [NHAI],618941,4L of Bamni - Rajura - Warur - Devada upto M.S. Border of NH - 930D from km 19.000 to km 51.985,968,1187.19,398.73,66,2026-03-27,2026-08-26,2022-03-30,152,1,219.19000000000005,22.64,0.4119,41.19,2026,2026,2022.0,Ministry of Statistics and Programme Implementation,Infrastructure and Project Monitoring Division,PAIMANA,Projects Report - Public Dashboard,March 2026,True,False
735,Roads & Highways,Ministry of Road Transport & Highways,National Highways Authority of India [NHAI],619163,4L of Baramati to Indapur Pkg-II from km. 41.400 to km. 84.550 of NH-965G Saint Tukaram Marg,1471,1297.48,910.9,86,2023-09-08,2026-06-30,2021-01-15,1026,1,-173.51999999999998,-11.8,0.6192,61.92,2023,2026,2021.0,Ministry of Statistics and Programme Implementation,Infrastructure and Project Monitoring Division,PAIMANA,Projects Report - Public Dashboard,March 2026,True,False
736,Roads & Highways,Ministry of Road Transport & Highways,National Highways Authority of India [NHAI],618782,4L of Bareilly-Pilibhit-Sitarganj from Km. 0.000 to Km. 32.500 of NH-30 Pkg-1,1394,1394.14,559.19,55,2026-03-13,2026-08-17,2023-02-03,157,1,0.14000000000010004,0.01,0.4011,40.11,2026,2026,2023.0,Ministry of Statistics and Programme Implementation,Infrastructure and Project Monitoring Division,PAIMANA,Projects Report - Public Dashboard,March 2026,True,False
737,Roads & Highways,Ministry of Road Transport & Highways,National Highways Authority of India [NHAI],618949,4L of Basukinath- Deoghar Section of NH-114A,1445,1553.76,643.68,86,2025-12-11,2026-07-27,2022-09-06,228,1,108.75999999999999,7.53,0.4455,44.55,2025,2026,2022.0,Ministry of Statistics and Programme Implementation,Infrastructure and Project Monitoring Division,PAIMANA,Projects Report - Public Dashboard,March 2026,True,False
738,Roads & Highways,Ministry of Road Transport & Highways,National Highways Authority of India [NHAI],618809,4L of Beas-Mehta-Batala-Dera Baba Nanak from intersection with Jalandhar-Amritsar Highway NH-3 near Beas till start of Batala Bypass near Village Acchhal from Km. 0.000 to Km. 31.300 Pkg-1,810,966.99,498.68,65,2025-06-21,2026-12-31,2021-08-16,558,1,156.99,19.38,0.6157,61.57,2025,2026,2021.0,Ministry of Statistics and Programme Implementation,Infrastructure and Project Monitoring Division,PAIMANA,Projects Report - Public Dashboard,March 2026,True,False
739,Roads & Highways,Ministry of Road Transport & Highways,National Highways Authority of India [NHAI],618887,4L of Bettadahalli- Shivamogga section from Km.170.415 to km. 226.750 of NH-206 Tumkur- Shivamogga Pkg-IV,2083,2545.11,864.0,82,2023-10-19,2027-03-31,2019-01-22,1259,1,462.1100000000001,22.18,0.4148,41.48,2023,2027,2019.0,Ministry of Statistics and Programme Implementation,Infrastructure and Project Monitoring Division,PAIMANA,Projects Report - Public Dashboard,March 2026,True,False
740,Roads & Highways,Ministry of Road Transport & Highways,National Highways Authority of India [NHAI],618889,"4L of Bhangbar Near Ranital to Kangra Bypass Section of Old NH-88 New NH-303,503 up to Intersection with NH-154 from Km 175.270 to Km 193.400 Pkg-VB",1323,1829.49,739.38,97,2024-12-27,2026-06-30,2021-03-18,550,1,506.49,38.28,0.5589,55.89,2024,2026,2021.0,Ministry of Statistics and Programme Implementation,Infrastructure and Project Monitoring Division,PAIMANA,Projects Report - Public Dashboard,March 2026,True,False
742,Roads & Highways,Ministry of Road Transport & Highways,National Highways Authority of India [NHAI],618639,4L of Bilaspur to Urga km 0.00 to 70.2 of NH-130A,1856,2523.86,1258.98,95,2024-03-24,2026-07-31,2020-04-27,859,1,667.8600000000001,35.98,0.6783,67.83,2024,2026,2020.0,Ministry of Statistics and Programme Implementation,Infrastructure and Project Monitoring Division,PAIMANA,Projects Report - Public Dashboard,March 2026,True,False
743,Roads & Highways,Ministry of Road Transport & Highways,National Highways Authority of India [NHAI],618962,4L of Budhni to Shahganj Bypass End Package-III of NH-146B from Km. 73.750 to Km. 102.000,1103,770.21,36.75,12,2027-08-17,2027-05-08,2024-03-07,0,0,-332.78999999999996,-30.17,0.0333,3.33,2027,2027,2024.0,Ministry of Statistics and Programme Implementation,Infrastructure and Project Monitoring Division,PAIMANA,Projects Report - Public Dashboard,March 2026,True,False
744,Roads & Highways,Ministry of Road Transport & Highways,National Highways Authority of India [NHAI],619214,4L of Channarayapatna Bypass and Hassan Bypass with structures in Devihalli - Hassan section,688,684.54,569.97,82,2023-01-18,2026-06-30,2020-04-29,1259,1,-3.4600000000000364,-0.5,0.8284,82.84,2023,2026,2020.0,Ministry of Statistics and Programme Implementation,Infrastructure and Project Monitoring Division,PAIMANA,Projects Report - Public Dashboard,March 2026,True,False
745,Roads & Highways,Ministry of Road Transport & Highways,National Highways Authority of India [NHAI],618668,4L of Chowka to Kaimaha near MP/UP Border section NH-34 from D. Ch. 145.000 to D. Ch. 197.266 excluding existing Chhatarpur bypass from D. Ch. 160.307 to D. Ch. 168.630 Package-4,996,846.68,129.42,31,2027-09-21,2027-09-21,2024-10-18,0,0,-149.32000000000005,-14.99,0.1299,12.99,2027,2027,2024.0,Ministry of Statistics and Programme Implementation,Infrastructure and Project Monitoring Division,PAIMANA,Projects Report - Public Dashboard,March 2026,True,False
746,Roads & Highways,Ministry of Road Transport & Highways,National Highways Authority of India [NHAI],618616,4L of Dhrol bypass section of NH-151A Approx. length 5.7 Km & widening upto 4 laning of missing link of Amran section of NH-151A Approx. length 6.55 Km from existing Ch. 42000 to 48500 of ongoing Dhrol-Bhadra-Pipaliya section of NH-151A,626,455.54,76.16,22,2027-02-02,2027-02-02,2024-03-06,0,0,-170.45999999999998,-27.23,0.1217,12.17,2027,2027,2024.0,Ministry of Statistics and Programme Implementation,Infrastructure and Project Monitoring Division,PAIMANA,Projects Report - Public Dashboard,March 2026,True,False
747,Roads & Highways,Ministry of Road Transport & Highways,National Highways Authority of India [NHAI],619137,4L of Dwarka-Khambaliya-Devariya section from km 203.500 to km 176.500 and from km 171.800 to km 125.000 of NH-151A,1025,1753.95,882.0,100,2022-08-07,2026-04-30,2019-01-24,1362,1,728.95,71.12,0.8605,86.05,2022,2026,2019.0,Ministry of Statistics and Programme Implementation,Infrastructure and Project Monitoring Division,PAIMANA,Projects Report - Public Dashboard,March 2026,True,False
748,Roads & Highways,Ministry of Road Transport & Highways,National Highways Authority of India [NHAI],619209,4L of existing 2/4L stretch from Lonand to Dive Ghat Km 166.400 to Km 220.900 of Mohol Alandi section of NH-965 Pkg - V,1710,2049.51,1125.89,99,2024-05-02,2026-04-30,2021-10-29,728,1,339.5100000000002,19.85,0.6584,65.84,2024,2026,2021.0,Ministry of Statistics and Programme Implementation,Infrastructure and Project Monitoring Division,PAIMANA,Projects Report - Public Dashboard,March 2026,True,False
749,Roads & Highways,Ministry of Road Transport & Highways,National Highways Authority of India [NHAI],618810,4L of existing Beas Baba Bakala - Dera Baba Nanak Section from start of Batala Bypass till intersection with Ajnala Gurdaspur Highway NH 354 near Dera Baba Nanak from Km. 31.300 to Km. 69.100 with Additional batala Bypass Pkg-II,1003,993.6,586.56,79,2025-06-21,2026-11-15,2021-10-21,512,1,-9.399999999999977,-0.94,0.5848,58.48,2025,2026,2021.0,Ministry of Statistics and Programme Implementation,Infrastructure and Project Monitoring Division,PAIMANA,Projects Report - Public Dashboard,March 2026,True,False
750,Roads & Highways,Ministry of Road Transport & Highways,National Highways Authority of India [NHAI],618793,4L of Fazilka to Abohar section of NH-07 including construction of Greenfield Abohar & Fazilka Bypasses,1410,1674.04,506.87,60,2026-04-14,2026-04-13,2023-03-13,0,0,264.03999999999996,18.73,0.3595,35.95,2026,2026,2023.0,Ministry of Statistics and Programme Implementation,Infrastructure and Project Monitoring Division,PAIMANA,Projects Report - Public Dashboard,March 2026,True,False
752,Roads & Highways,Ministry of Road Transport & Highways,National Highways Authority of India [NHAI],618645,4L of Gola-BokaroJaina More section from Km 53.600 to Km 21.110 of NH-320PKG-1,1008,1030.64,366.88,78,2025-06-25,2026-05-10,2022-02-25,319,1,22.6400000000001,2.25,0.364,36.4,2025,2026,2022.0,Ministry of Statistics and Programme Implementation,Infrastructure and Project Monitoring Division,PAIMANA,Projects Report - Public Dashboard,March 2026,True,False
753,Roads & Highways,Ministry of Road Transport & Highways,NHAI,619127,4L of Greenfield Alignment from Km. 47.000 to Km. 89.210 of Balbhadarpur to Bela Nawda Section of NH-119D,2186,2118.46,373.6,25,2026-03-10,2027-08-27,2022-03-30,535,1,-67.53999999999996,-3.09,0.1709,17.09,2026,2027,2022.0,Ministry of Statistics and Programme Implementation,Infrastructure and Project Monitoring Division,PAIMANA,Projects Report - Public Dashboard,March 2026,True,False
754,Roads & Highways,Ministry of Road Transport & Highways,National Highways Authority of India [NHAI],618776,4L of Greenfield section from Sirhind to Mohali,1238,1301.15,906.97,85,2025-05-07,2026-06-30,2022-03-24,419,1,63.15000000000009,5.1,0.7326,73.26,2025,2026,2022.0,Ministry of Statistics and Programme Implementation,Infrastructure and Project Monitoring Division,PAIMANA,Projects Report - Public Dashboard,March 2026,True,False
755,Roads & Highways,Ministry of Road Transport & Highways,National Highways Authority of India [NHAI],618875,4L of Haridwar Nagina section Design Ch. LME from km 13.829 to km 17.110 & km 26.077 to km 27.508 and Design Ch. RME from km 13.839 to km 17.120 & km 26.078 to km 27.509 of EUP mitigation measures on NH74,184,142.11,96.31,70,2024-02-27,2026-06-30,2021-11-17,854,1,-41.889999999999986,-22.77,0.5234,52.34,2024,2026,2021.0,Ministry of Statistics and Programme Implementation,Infrastructure and Project Monitoring Division,PAIMANA,Projects Report - Public Dashboard,March 2026,True,False
756,Roads & Highways,Ministry of Road Transport & Highways,National Highways Authority of India [NHAI],619217,4L of Haridwar-Nagina section from km. 0.00 to km. 71.614 of NH-74,1659,1622.49,806.95,98,2020-07-22,2026-04-15,2015-12-01,2093,1,-36.50999999999999,-2.2,0.4864,48.64,2020,2026,2015.0,Ministry of Statistics and Programme Implementation,Infrastructure and Project Monitoring Division,PAIMANA,Projects Report - Public Dashboard,March 2026,True,False
757,Roads & Highways,Ministry of Road Transport & Highways,National Highways Authority of India [NHAI],619153,4L of HP/Punjab Border - Mo from km. 11.00 to km. 42.00 of Old NH-20 New NH-154 Package-IA,1002,1363.04,491.3,58,2024-05-17,2026-06-30,2021-03-26,774,1,361.03999999999996,36.03,0.4903,49.03,2024,2026,2021.0,Ministry of Statistics and Programme Implementation,Infrastructure and Project Monitoring Division,PAIMANA,Projects Report - Public Dashboard,March 2026,True,False
758,Roads & Highways,Ministry of Road Transport & Highways,National Highways Authority of India [NHAI],619121,4L of Hubli - Hospet Section of NH-63 from Km 128.850 to Km 272.571,2532,3619.32,1275.33,100,2020-03-13,2026-05-31,2016-07-01,2270,1,1087.3200000000002,42.94,0.5037,50.37,2020,2026,2016.0,Ministry of Statistics and Programme Implementation,Infrastructure and Project Monitoring Division,PAIMANA,Projects Report - Public Dashboard,March 2026,True,False
759,Roads & Highways,Ministry of Road Transport & Highways,National Highways Authority of India [NHAI],618557,4L of Indora Chowk to Pachpaoli and Agrasen Chowk - Ashoka Chowk,1039,918.53,603.39,80,2026-06-30,2026-06-30,2023-03-20,0,0,-120.47000000000003,-11.59,0.5807,58.07,2026,2026,2023.0,Ministry of Statistics and Programme Implementation,Infrastructure and Project Monitoring Division,PAIMANA,Projects Report - Public Dashboard,March 2026,True,False
760,Roads & Highways,Ministry of Road Transport & Highways,National Highways Authority of India [NHAI],618622,4L of Indore - Boregaon Pkg-III [Balwara to Dhangaon] from km. 42.260 to km. 82.660 of NH347BG & 753L,1002,888.81,687.71,89,2024-04-21,2026-05-31,2021-01-21,770,1,-113.19000000000005,-11.3,0.6863,68.63,2024,2026,2021.0,Ministry of Statistics and Programme Implementation,Infrastructure and Project Monitoring Division,PAIMANA,Projects Report - Public Dashboard,March 2026,True,False
761,Roads & Highways,Ministry of Road Transport & Highways,National Highways Authority of India [NHAI],619092,4L of Jind-Gohana road Package-1 from km. 0.00 to km. 40.601 of NH-352 A under NHO,994,1606.82,619.52,100,2022-07-23,2026-04-30,2019-01-25,1377,1,612.8199999999999,61.65,0.6233,62.33,2022,2026,2019.0,Ministry of Statistics and Programme Implementation,Infrastructure and Project Monitoring Division,PAIMANA,Projects Report - Public Dashboard,March 2026,True,False
762,Roads & Highways,Ministry of Road Transport & Highways,National Highways Authority of India [NHAI],618765,4L of Karimnagar-Warangal section from km 49.500 to km 117.820 of NH-563,2147,2486.51,857.65,91,2025-07-16,2026-07-31,2022-03-09,380,1,339.5100000000002,15.81,0.3995,39.95,2025,2026,2022.0,Ministry of Statistics and Programme Implementation,Infrastructure and Project Monitoring Division,PAIMANA,Projects Report - Public Dashboard,March 2026,True,False
763,Roads & Highways,Ministry of Road Transport & Highways,National Highways Authority of India [NHAI],618838,4L of Karwar Km. 281.980 of NH-62 Nagaur road to Dangiyavas of Jodhpur Ring Road Pkg-II,737,512.77,399.95,99,2024-08-28,2026-04-30,2021-11-26,610,1,-224.23000000000002,-30.42,0.5427,54.27,2024,2026,2021.0,Ministry of Statistics and Programme Implementation,Infrastructure and Project Monitoring Division,PAIMANA,Projects Report - Public Dashboard,March 2026,True,False
764,Roads & Highways,Ministry of Road Transport & Highways,National Highways Authority of India [NHAI],618921,4L of Kathlighat to Shakral Village from Km 128.835 to Km 146.300 of NH- 5 Shimla Bypass - Pkg I,1703,2648.8,924.82,53,2026-04-21,2026-04-21,2022-03-21,0,0,945.8000000000002,55.54,0.5431,54.31,2026,2026,2022.0,Ministry of Statistics and Programme Implementation,Infrastructure and Project Monitoring Division,PAIMANA,Projects Report - Public Dashboard,March 2026,True,False
765,Roads & Highways,Ministry of Road Transport & Highways,National Highways Authority of India [NHAI],618584,4L of Kishanganj - Bahadurganj section from Km. 0.000 to Km. 23.649 & interchange at Start Point Length - 1.200 Km of NH-27,963,855.56,9.31,7,2027-12-19,2027-12-19,2025-01-27,0,0,-107.44000000000005,-11.16,0.0097,0.97,2027,2027,2025.0,Ministry of Statistics and Programme Implementation,Infrastructure and Project Monitoring Division,PAIMANA,Projects Report - Public Dashboard,March 2026,True,False
766,Roads & Highways,Ministry of Road Transport & Highways,National Highways Authority of India [NHAI],618520,4L of km 0.00 to km 42.00 of Dobbaspet to Doddaballapura Bypass section of NH-648 old NH-207] [Bangalore Ring Road Pkg 1],1439,1786.57,926.25,99,2023-04-18,2026-04-30,2020-08-11,1108,1,347.56999999999994,24.15,0.6437,64.37,2023,2026,2020.0,Ministry of Statistics and Programme Implementation,Infrastructure and Project Monitoring Division,PAIMANA,Projects Report - Public Dashboard,March 2026,True,False
767,Roads & Highways,Ministry of Road Transport & Highways,National Highways Authority of India [NHAI],618545,"4L of Km.165.092 to Km.171.855 North Bound and from Km.166.895 to Km.173.638 South Bound, excl. certain reaches of North Bound and South Bound of Ramban to Banihal Pkg-III of Old NH-1A New NH-44",614,444.76,240.81,43,2024-08-03,2026-12-31,2021-07-19,880,1,-169.24,-27.56,0.3922,39.22,2024,2026,2021.0,Ministry of Statistics and Programme Implementation,Infrastructure and Project Monitoring Division,PAIMANA,Projects Report - Public Dashboard,March 2026,True,False
768,Roads & Highways,Ministry of Road Transport & Highways,National Highways Authority of India [NHAI],618945,4L of Kodad Design Km 0.00/Existing Km 185.00 of NH-65 to Khammam Design Km 31.800/Existing Km 29.400 of NH-365A,1149,1606.99,751.33,100,2024-05-31,2026-05-31,2021-01-22,730,1,457.99,39.86,0.6539,65.39,2024,2026,2021.0,Ministry of Statistics and Programme Implementation,Infrastructure and Project Monitoring Division,PAIMANA,Projects Report - Public Dashboard,March 2026,True,False
769,Roads & Highways,Ministry of Road Transport & Highways,National Highways Authority of India [NHAI],618755,4L of left out existing road section from Lalgopalganj Km 161.450 to Nawabganj Km 180.200 in Prayagraj,160,100.74,62.01,99,2026-03-31,2026-05-31,2024-03-11,61,1,-59.260000000000005,-37.04,0.3876,38.76,2026,2026,2024.0,Ministry of Statistics and Programme Implementation,Infrastructure and Project Monitoring Division,PAIMANA,Projects Report - Public Dashboard,March 2026,True,False
770,Roads & Highways,Ministry of Road Transport & Highways,National Highways Authority of India [NHAI],618608,4L of left-over works including additional structures from Kerala/Tamil Nadu border to Kanyakumari Section from Km 43.0 to Km 96.174 of NH66,1564,1263.42,880.69,75,2025-08-01,2026-05-31,2022-11-09,303,1,-300.5799999999999,-19.22,0.5631,56.31,2025,2026,2022.0,Ministry of Statistics and Programme Implementation,Infrastructure and Project Monitoring Division,PAIMANA,Projects Report - Public Dashboard,March 2026,True,False
771,Roads & Highways,Ministry of Road Transport & Highways,National Highways Authority of India [NHAI],618709,4L of Left-Over Works of Hospet-Bellary -Karnataka/AP border from Km.280.080 Dec.Ch. to Km.375450Des.Ch. of NH-63 New-67,1340,992.6,843.55,90,2025-05-14,2027-02-28,2023-03-06,655,1,-347.4,-25.93,0.6295,62.95,2025,2027,2023.0,Ministry of Statistics and Programme Implementation,Infrastructure and Project Monitoring Division,PAIMANA,Projects Report - Public Dashboard,March 2026,True,False
772,Roads & Highways,Ministry of Road Transport & Highways,National Highways Authority of India [NHAI],618778,4L of Madanapalle to Pileru Section from Km 0.000 to Km 55.900 of NH-71Package-I,1877,1994.1,1105.01,95,2025-01-12,2026-06-30,2022-02-23,534,1,117.09999999999991,6.24,0.5887,58.87,2025,2026,2022.0,Ministry of Statistics and Programme Implementation,Infrastructure and Project Monitoring Division,PAIMANA,Projects Report - Public Dashboard,March 2026,True,False
773,Roads & Highways,Ministry of Road Transport & Highways,National Highways Authority of India [NHAI],618894,4L of Madathukulam - Pollachi from km. 74.38 to km. 116.95 of old NH-209 New NH-83,1772,1772.13,461.42,92,2022-12-03,2026-04-30,2019-01-22,1244,1,0.13000000000010914,0.01,0.2604,26.04,2022,2026,2019.0,Ministry of Statistics and Programme Implementation,Infrastructure and Project Monitoring Division,PAIMANA,Projects Report - Public Dashboard,March 2026,True,False
774,Roads & Highways,Ministry of Road Transport & Highways,National Highways Authority of India [NHAI],618563,4L of Madurai Ring Road Phase 1 [Vadipatti-Thamrapatti] from km 0.00 - km 29.960,900,900.05,607.63,96,2022-03-15,2026-06-30,2018-12-06,1568,1,0.049999999999954525,0.01,0.6751,67.51,2022,2026,2018.0,Ministry of Statistics and Programme Implementation,Infrastructure and Project Monitoring Division,PAIMANA,Projects Report - Public Dashboard,March 2026,True,False
775,Roads & Highways,Ministry of Road Transport & Highways,National Highways Authority of India [NHAI],618946,4L of Mehgama - Hansdiha from km. 41.900 to km. 93.000 of NH -133A Pkg-II,1480,1568.18,866.62,100,2025-05-07,2026-04-30,2022-03-31,358,1,88.18000000000006,5.96,0.5856,58.56,2025,2026,2022.0,Ministry of Statistics and Programme Implementation,Infrastructure and Project Monitoring Division,PAIMANA,Projects Report - Public Dashboard,March 2026,True,False
776,Roads & Highways,Ministry of Road Transport & Highways,National Highways Authority of India [NHAI],618929,4L of Moradabad western side spur connecting NH-734 & NH-24 from Km. 0.000 to Km. 33.200 Pkg-I,1842,1843.54,934.13,77,2025-09-17,2026-06-30,2022-11-02,286,1,1.5399999999999636,0.08,0.5071,50.71,2025,2026,2022.0,Ministry of Statistics and Programme Implementation,Infrastructure and Project Monitoring Division,PAIMANA,Projects Report - Public Dashboard,March 2026,True,False
777,Roads & Highways,Ministry of Road Transport & Highways,National Highways Authority of India [NHAI],618927,4L of Moradabad-Thakurdwara-Kashipur Section from Km. 0.000 to Km. 38.77 of NH-734 Pkg-II,2007,1890.05,832.92,45,2026-03-14,2026-12-07,2022-10-07,268,1,-116.95000000000005,-5.83,0.415,41.5,2026,2026,2022.0,Ministry of Statistics and Programme Implementation,Infrastructure and Project Monitoring Division,PAIMANA,Projects Report - Public Dashboard,March 2026,True,False
778,Roads & Highways,Ministry of Road Transport & Highways,NHAI,619307,4L of Munger Mirzachauki section from Km 157350 to Km 193931 Pkg-4,1377,1481.58,428.1,91,2024-08-15,2026-04-30,2021-02-03,623,1,104.57999999999993,7.59,0.3109,31.09,2024,2026,2021.0,Ministry of Statistics and Programme Implementation,Infrastructure and Project Monitoring Division,PAIMANA,Projects Report - Public Dashboard,March 2026,True,False
779,Roads & Highways,Ministry of Road Transport & Highways,NHAI,619306,4L of Munger Mirzachauki section from Km 95580 to Km 125000 Pkg-2,1021,1235.65,452.21,93,2024-03-10,2026-04-30,2021-02-10,781,1,214.6500000000001,21.02,0.4429,44.29,2024,2026,2021.0,Ministry of Statistics and Programme Implementation,Infrastructure and Project Monitoring Division,PAIMANA,Projects Report - Public Dashboard,March 2026,True,False
780,Roads & Highways,Ministry of Road Transport & Highways,NHAI,619289,4L of Munger Mirzachauki section from Munger to Kharia village junction from Km 69520 to Km 95580 Pkg-1,1660,1696.66,445.37,75,2024-03-30,2026-06-30,2021-01-28,822,1,36.66000000000008,2.21,0.2683,26.83,2024,2026,2021.0,Ministry of Statistics and Programme Implementation,Infrastructure and Project Monitoring Division,PAIMANA,Projects Report - Public Dashboard,March 2026,True,False
781,Roads & Highways,Ministry of Road Transport & Highways,NHAI,619305,4L of Munger Mirzachauki section from start of existing Bhagalpur bypass to Rasulpur from Km 125000 to Km 157350 Pkg-3,1770,2024.59,504.17,72,2024-04-12,2026-06-30,2021-01-28,809,1,254.58999999999992,14.38,0.2848,28.48,2024,2026,2021.0,Ministry of Statistics and Programme Implementation,Infrastructure and Project Monitoring Division,PAIMANA,Projects Report - Public Dashboard,March 2026,True,False
782,Roads & Highways,Ministry of Road Transport & Highways,National Highways Authority of India [NHAI],618937,4L of Nagpur-Katol Section from Km. 13.00 to Km. 62.900 of NH-353J,1167,1432.82,958.33,82,2023-10-28,2026-06-30,2021-02-11,976,1,265.81999999999994,22.78,0.8212,82.12,2023,2026,2021.0,Ministry of Statistics and Programme Implementation,Infrastructure and Project Monitoring Division,PAIMANA,Projects Report - Public Dashboard,March 2026,True,False
783,Roads & Highways,Ministry of Road Transport & Highways,National Highways Authority of India [NHAI],619162,4L of Najibabad Bypass from Km. 105.423 to Km. 118.373 excluding 2.45 Km. of NH-74 Bypass of NH-119,578,566.9,438.51,100,2024-06-20,2026-04-15,2022-01-10,664,1,-11.100000000000023,-1.92,0.7587,75.87,2024,2026,2022.0,Ministry of Statistics and Programme Implementation,Infrastructure and Project Monitoring Division,PAIMANA,Projects Report - Public Dashboard,March 2026,True,False
784,Roads & Highways,Ministry of Road Transport & Highways,National Highways Authority of India [NHAI],618667,4L of near Satai Ghat to Chowka section of NH-34 from D. Ch. 89.875 to D. Ch. 145.000 Package-3,1006,882.21,44.1,15,2027-10-27,2026-10-27,2024-10-18,0,0,-123.78999999999996,-12.31,0.0438,4.38,2027,2026,2024.0,Ministry of Statistics and Programme Implementation,Infrastructure and Project Monitoring Division,PAIMANA,Projects Report - Public Dashboard,March 2026,True,False
785,Roads & Highways,Ministry of Road Transport & Highways,National Highways Authority of India [NHAI],618947,4L of NH-80 from km 215.00 to km 260.00 Mirza Chauki to Farkka Pkg-I,1505,1508.21,785.08,92,2023-07-04,2026-07-31,2018-03-24,1123,1,3.2100000000000364,0.21,0.5216,52.16,2023,2026,2018.0,Ministry of Statistics and Programme Implementation,Infrastructure and Project Monitoring Division,PAIMANA,Projects Report - Public Dashboard,March 2026,True,False
786,Roads & Highways,Ministry of Road Transport & Highways,National Highways Authority of India [NHAI],618948,4L of NH-80 section of Mirza Chauki to Farakka section from existing km 190.00 to design km 200.75 junction at km 3.100 of NH 133 B and from existing km 260.00 to existing km 283.00 design km 274.133 in the state of Jharkhand package - II,782,,1.75,0,2028-01-31,2028-01-31,2025-02-27,0,0,,,0.0022,0.22,2028,2028,2025.0,Ministry of Statistics and Programme Implementation,Infrastructure and Project Monitoring Division,PAIMANA,Projects Report - Public Dashboard,March 2026,True,False
787,Roads & Highways,Ministry of Road Transport & Highways,National Highways Authority of India [NHAI],618644,4L of Ormanjhi-Gola section from Km 81.450 to Km 53.600 of NH- 320BPKG-II,1215,1462.19,769.08,87,2025-06-20,2026-07-31,2022-02-28,406,1,247.19000000000005,20.34,0.633,63.3,2025,2026,2022.0,Ministry of Statistics and Programme Implementation,Infrastructure and Project Monitoring Division,PAIMANA,Projects Report - Public Dashboard,March 2026,True,False
788,Roads & Highways,Ministry of Road Transport & Highways,National Highways Authority of India [NHAI],618642,4L of Palma to Gumla from km. 26.00 to km. 89.170 of NH-23,1883,1895.75,836.02,99,2024-03-31,2026-04-20,2020-03-04,750,1,12.75,0.68,0.444,44.4,2024,2026,2020.0,Ministry of Statistics and Programme Implementation,Infrastructure and Project Monitoring Division,PAIMANA,Projects Report - Public Dashboard,March 2026,True,False
789,Roads & Highways,Ministry of Road Transport & Highways,National Highways Authority of India [NHAI],618786,4L of Phagwara - Hoshiarpur,1196,1503.79,159.94,12,2027-03-30,2027-03-31,2022-11-09,1,1,307.78999999999996,25.73,0.1337,13.37,2027,2027,2022.0,Ministry of Statistics and Programme Implementation,Infrastructure and Project Monitoring Division,PAIMANA,Projects Report - Public Dashboard,March 2026,True,False
790,Roads & Highways,Ministry of Road Transport & Highways,National Highways Authority of India [NHAI],618777,4L of Pileru to Kalur Section from Km 55.900 to Km 92.800 & Km 94.500 to Km 95.717 of NH-71Package-II,1877,592.85,246.05,99,2025-11-18,2026-06-30,2022-03-11,224,1,-1284.15,-68.42,0.1311,13.11,2025,2026,2022.0,Ministry of Statistics and Programme Implementation,Infrastructure and Project Monitoring Division,PAIMANA,Projects Report - Public Dashboard,March 2026,True,False
791,Roads & Highways,Ministry of Road Transport & Highways,National Highways Authority of India [NHAI],618910,4L of Purulia Bypass section from Km 84.030 to Km 94.345 of NH-32,558,562.57,463.78,94,2023-08-08,2026-04-30,2021-01-21,996,1,4.57000000000005,0.82,0.8311,83.11,2023,2026,2021.0,Ministry of Statistics and Programme Implementation,Infrastructure and Project Monitoring Division,PAIMANA,Projects Report - Public Dashboard,March 2026,True,False
792,Roads & Highways,Ministry of Road Transport & Highways,National Highways Authority of India [NHAI],618938,4L of Rajura-Korpana-Adilabad Road upto M.S. Border from km 32.910 to km 89.090 of NH-353B,1013,1274.63,554.08,100,2024-10-15,2026-04-30,2022-03-30,562,1,261.6300000000001,25.83,0.547,54.7,2024,2026,2022.0,Ministry of Statistics and Programme Implementation,Infrastructure and Project Monitoring Division,PAIMANA,Projects Report - Public Dashboard,March 2026,True,False
793,Roads & Highways,Ministry of Road Transport & Highways,National Highways Authority of India [NHAI],618837,4L of Ratnagiri - Kolhapur section from km 112.340 to km 145.300 of NH-166 PkgIII,1939,1910.41,443.49,66,2025-05-24,2026-05-30,2022-02-08,371,1,-28.589999999999918,-1.47,0.2287,22.87,2025,2026,2022.0,Ministry of Statistics and Programme Implementation,Infrastructure and Project Monitoring Division,PAIMANA,Projects Report - Public Dashboard,March 2026,True,False
794,Roads & Highways,Ministry of Road Transport & Highways,National Highways Authority of India [NHAI],618836,4L of Ratnagiri - Kolhapur section from km 67.140 to km 112.340 of NH-166 Pkg II,1985,1798.0,347.25,78,2025-05-24,2026-05-30,2022-02-11,371,1,-187.0,-9.42,0.1749,17.49,2025,2026,2022.0,Ministry of Statistics and Programme Implementation,Infrastructure and Project Monitoring Division,PAIMANA,Projects Report - Public Dashboard,March 2026,True,False
795,Roads & Highways,Ministry of Road Transport & Highways,National Highways Authority of India [NHAI],619149,4L of Ratnagiri - Kolhapur section of NH-166 from km 0.000 to km 19.769 and km 31.000 to km 67.140 Pkg I,1774,2108.41,685.28,94,2024-11-21,2026-06-29,2022-02-14,585,1,334.40999999999985,18.85,0.3863,38.63,2024,2026,2022.0,Ministry of Statistics and Programme Implementation,Infrastructure and Project Monitoring Division,PAIMANA,Projects Report - Public Dashboard,March 2026,True,False
796,Roads & Highways,Ministry of Road Transport & Highways,National Highways Authority of India [NHAI],618665,4L of Sagar - Mohari from Km.8 to Km.50 Pkg-I,791,660.38,437.15,94,2024-04-05,2026-04-30,2021-03-05,755,1,-130.62,-16.51,0.5527,55.27,2024,2026,2021.0,Ministry of Statistics and Programme Implementation,Infrastructure and Project Monitoring Division,PAIMANA,Projects Report - Public Dashboard,March 2026,True,False
797,Roads & Highways,Ministry of Road Transport & Highways,National Highways Authority of India [NHAI],618952,4L of Sahibganj - Manihari Ganga Bridge including Manihari Bypass,1955,1978.01,1716.98,84,2024-10-31,2026-12-31,2016-10-13,791,1,23.00999999999999,1.18,0.8783,87.83,2024,2026,2016.0,Ministry of Statistics and Programme Implementation,Infrastructure and Project Monitoring Division,PAIMANA,Projects Report - Public Dashboard,March 2026,True,False
798,Roads & Highways,Ministry of Road Transport & Highways,National Highways Authority of India [NHAI],618896,4L of Sannur to Bikarnakatte section from Km 691.350 to Km 736.362 of NH-169 Karkala - Mangalore Package-III,1386,2038.71,915.67,68,2024-10-08,2026-06-30,2021-03-24,630,1,652.71,47.09,0.6607,66.07,2024,2026,2021.0,Ministry of Statistics and Programme Implementation,Infrastructure and Project Monitoring Division,PAIMANA,Projects Report - Public Dashboard,March 2026,True,False
799,Roads & Highways,Ministry of Road Transport & Highways,National Highways Authority of India [NHAI],618897,4L of Sethiyathope -Cholapuram section from Km. 65.960 to Km. 116.440 section of NH45 C Pkg-II,2356,2356.9,1011.39,100,2020-08-14,2026-04-30,2017-03-23,2085,1,0.900000000000091,0.04,0.4293,42.93,2020,2026,2017.0,Ministry of Statistics and Programme Implementation,Infrastructure and Project Monitoring Division,PAIMANA,Projects Report - Public Dashboard,March 2026,True,False
800,Roads & Highways,Ministry of Road Transport & Highways,National Highways Authority of India [NHAI],618922,4L of Shakral Village to Dhalli Section from Km 146.300 to Km 156.560 Shimla Bypass - Pkg II and Shimla connectivity from Km 0.000 to Km 0.725 of NH-5,1956,2880.72,1155.67,62,2027-03-03,2027-03-03,2022-04-07,0,0,924.7199999999998,47.28,0.5908,59.08,2027,2027,2022.0,Ministry of Statistics and Programme Implementation,Infrastructure and Project Monitoring Division,PAIMANA,Projects Report - Public Dashboard,March 2026,True,False
801,Roads & Highways,Ministry of Road Transport & Highways,National Highways Authority of India [NHAI],618926,4L of Siwan- Masrakh section of Ram Janki Marg from Km 230.385 to Km 281.391 of NH-227A,1431,1927.04,98.48,10,2026-11-19,2028-11-19,2022-08-23,731,1,496.03999999999996,34.66,0.0688,6.88,2026,2028,2022.0,Ministry of Statistics and Programme Implementation,Infrastructure and Project Monitoring Division,PAIMANA,Projects Report - Public Dashboard,March 2026,True,False
802,Roads & Highways,Ministry of Road Transport & Highways,National Highways Authority of India [NHAI],618798,4L of Sonauli - Gorakhpur,2556,2275.43,1245.26,84,2025-03-05,2026-05-30,2021-12-24,451,1,-280.57000000000016,-10.98,0.4872,48.72,2025,2026,2021.0,Ministry of Statistics and Programme Implementation,Infrastructure and Project Monitoring Division,PAIMANA,Projects Report - Public Dashboard,March 2026,True,False
803,Roads & Highways,Ministry of Road Transport & Highways,National Highways Authority of India [NHAI],618744,4L of Thirumangalam to Vadugapatti section from km 0.000 to km 36.000 of NH-744,1077,791.6,673.36,95,2025-02-21,2026-05-31,2022-03-04,464,1,-285.4,-26.5,0.6252,62.52,2025,2026,2022.0,Ministry of Statistics and Programme Implementation,Infrastructure and Project Monitoring Division,PAIMANA,Projects Report - Public Dashboard,March 2026,True,False
804,Roads & Highways,Ministry of Road Transport & Highways,National Highways Authority of India [NHAI],619219,4L of Tumkur-Shimoga Pkg-II from Km 65.195 Karadi to Km 121.900 Banawara of NH-206,1506,1989.89,586.41,100,2021-10-14,2026-04-30,2018-02-27,1659,1,483.8900000000001,32.13,0.3894,38.94,2021,2026,2018.0,Ministry of Statistics and Programme Implementation,Infrastructure and Project Monitoring Division,PAIMANA,Projects Report - Public Dashboard,March 2026,True,False
805,Roads & Highways,Ministry of Road Transport & Highways,National Highways Authority of India [NHAI],618543,4L of twin tube tunnel configuration including approaches from Marog to Digdol from Km.154.210 to Km.158.650 North Bound and from Km.155.940 to Km.160.260 South Bound of Ramban to Banihal Pkg-I of Old NH-1A New NH-44,1912,1034.3,328.3,27,2025-08-12,2027-06-30,2021-07-13,687,1,-877.7,-45.9,0.1717,17.17,2025,2027,2021.0,Ministry of Statistics and Programme Implementation,Infrastructure and Project Monitoring Division,PAIMANA,Projects Report - Public Dashboard,March 2026,True,False
806,Roads & Highways,Ministry of Road Transport & Highways,National Highways Authority of India [NHAI],618640,4L of Urga - Pathalgaon from Km. 70.200 to km. 157.745 of NH-130A,2261,2860.36,830.23,70,2026-08-08,2026-08-08,2022-03-30,0,0,599.3600000000001,26.51,0.3672,36.72,2026,2026,2022.0,Ministry of Statistics and Programme Implementation,Infrastructure and Project Monitoring Division,PAIMANA,Projects Report - Public Dashboard,March 2026,True,False
807,Roads & Highways,Ministry of Road Transport & Highways,National Highways Authority of India [NHAI],618745,4L of Vadugapatti to Therkuvenganallur Rajapalyam section from km 36.000 to km 71.600 of NH-744,1318,1137.16,919.66,100,2025-04-10,2026-04-15,2022-02-25,370,1,-180.83999999999992,-13.72,0.6978,69.78,2025,2026,2022.0,Ministry of Statistics and Programme Implementation,Infrastructure and Project Monitoring Division,PAIMANA,Projects Report - Public Dashboard,March 2026,True,False
808,Roads & Highways,Ministry of Road Transport & Highways,NHAI,619291,4L Poanta SahebMednipur from Km. 435.65 to km. 458.65 of NH-07Pkg-1,525,657.32,232.75,94,2025-05-01,2026-04-15,2022-03-31,349,1,132.32000000000005,25.2,0.4433,44.33,2025,2026,2022.0,Ministry of Statistics and Programme Implementation,Infrastructure and Project Monitoring Division,PAIMANA,Projects Report - Public Dashboard,March 2026,True,False
810,Roads & Highways,Ministry of Road Transport & Highways,National Highways Authority of India [NHAI],618881,4L PS bijni to mandi section from Km 202.815 to Km 208.000 of NH-20 New NH-154 of Pathankot-Mandi Package-VB,1113,1112.39,308.94,26,2027-09-13,2027-09-13,2023-02-21,0,0,-0.6099999999999,-0.05,0.2776,27.76,2027,2027,2023.0,Ministry of Statistics and Programme Implementation,Infrastructure and Project Monitoring Division,PAIMANA,Projects Report - Public Dashboard,March 2026,True,False
811,Roads & Highways,Ministry of Road Transport & Highways,National Highways Authority of India [NHAI],618901,4L PS Divided Carriageway from Patan Near Rajpur to Gojariya From Km 52.000 to Km 128.940 of NH-68,1181,1098.23,847.01,84,2025-03-07,2026-08-31,2021-12-03,542,1,-82.76999999999998,-7.01,0.7172,71.72,2025,2026,2021.0,Ministry of Statistics and Programme Implementation,Infrastructure and Project Monitoring Division,PAIMANA,Projects Report - Public Dashboard,March 2026,True,False
812,Roads & Highways,Ministry of Road Transport & Highways,National Highways Authority of India [NHAI],618931,4L PS from Ch. 179.780 in Bitada/Movi Village to Ch. 208.900 in Nasarpore Village of NH-56 Pkg-V,764,566.96,7.28,1,2027-11-26,2027-11-26,2023-03-03,0,0,-197.03999999999996,-25.79,0.0095,0.95,2027,2027,2023.0,Ministry of Statistics and Programme Implementation,Infrastructure and Project Monitoring Division,PAIMANA,Projects Report - Public Dashboard,March 2026,True,False
813,Roads & Highways,Ministry of Road Transport & Highways,National Highways Authority of India [NHAI],618891,4L PS from Kalar Bala Village to Nauni Chowk of NH 205 from Km 41.000 to Km 58.450,1244,786.91,59.37,17,2027-05-12,2027-09-09,2024-01-18,120,1,-457.09000000000003,-36.74,0.0477,4.77,2027,2027,2024.0,Ministry of Statistics and Programme Implementation,Infrastructure and Project Monitoring Division,PAIMANA,Projects Report - Public Dashboard,March 2026,True,False
815,Roads & Highways,Ministry of Road Transport & Highways,National Highways Authority of India [NHAI],618871,4L PS from Near Guddehosur to Start of Kushalnagara Bypass to near Hemmige Village Periyapatna - Hassan Road Jn from Km. 122.200 to Km. 144.900 of NH-275 Pkg. II,910,896.42,2.9,4,2027-12-07,2027-12-07,2023-02-01,0,0,-13.580000000000041,-1.49,0.0032,0.32,2027,2027,2023.0,Ministry of Statistics and Programme Implementation,Infrastructure and Project Monitoring Division,PAIMANA,Projects Report - Public Dashboard,March 2026,True,False
816,Roads & Highways,Ministry of Road Transport & Highways,National Highways Authority of India [NHAI],618870,4L PS from near Hemmige Village Periyapatna - Hassan Road Jn. to near Hunsur - KR Nagar Jn section from Km. 144.900 to Km. 169.000 of NH-275 Pkg. III,884,1726.65,60.91,17,2027-04-02,2027-04-02,2023-02-07,0,0,842.6500000000001,95.32,0.0689,6.89,2027,2027,2023.0,Ministry of Statistics and Programme Implementation,Infrastructure and Project Monitoring Division,PAIMANA,Projects Report - Public Dashboard,March 2026,True,False
817,Roads & Highways,Ministry of Road Transport & Highways,National Highways Authority of India [NHAI],618872,4L PS from near Hunsur - KR Nagar Junction to near Yalachahalli village KR Nagara - Yelawala Road Junction fcrom Km 169.000 to Km 195.550 of NH-275 Pkg-IV,1063,952.03,92.49,13,2027-04-29,2027-04-29,2023-02-09,0,0,-110.97000000000003,-10.44,0.087,8.7,2027,2027,2023.0,Ministry of Statistics and Programme Implementation,Infrastructure and Project Monitoring Division,PAIMANA,Projects Report - Public Dashboard,March 2026,True,False
818,Roads & Highways,Ministry of Road Transport & Highways,National Highways Authority of India [NHAI],618873,4L PS from near Yalachahalli village KR Nagara - Yelawala Road junction to Srirangapatna Bypass Near Paschima Vahini from km 195.550 to Km 214.535 of NH-275 Pkg-V,1273,1203.2,97.25,12,2027-04-06,2027-04-06,2023-01-30,0,0,-69.79999999999995,-5.48,0.0764,7.64,2027,2027,2023.0,Ministry of Statistics and Programme Implementation,Infrastructure and Project Monitoring Division,PAIMANA,Projects Report - Public Dashboard,March 2026,True,False
819,Roads & Highways,Ministry of Road Transport & Highways,National Highways Authority of India [NHAI],618759,4L PS Mydukur - Badvel from Km 585.820 to Km 630.960 of NH-67,1064,1103.87,467.8,90,2025-09-19,2026-04-30,2022-05-25,223,1,39.86999999999989,3.75,0.4397,43.97,2025,2026,2022.0,Ministry of Statistics and Programme Implementation,Infrastructure and Project Monitoring Division,PAIMANA,Projects Report - Public Dashboard,March 2026,True,False
820,Roads & Highways,Ministry of Road Transport & Highways,National Highways Authority of India [NHAI],619080,4L PS of Ambala Ring Road of New NH-44,1093,1225.41,394.35,74,2025-10-10,2026-09-13,2023-02-27,338,1,132.41000000000008,12.11,0.3608,36.08,2025,2026,2023.0,Ministry of Statistics and Programme Implementation,Infrastructure and Project Monitoring Division,PAIMANA,Projects Report - Public Dashboard,March 2026,True,False
821,Roads & Highways,Ministry of Road Transport & Highways,National Highways Authority of India [NHAI],618791,4L PS under NH configuration of Manikpur-Sahebganj of NH-139W,1539,,47.53,14,2027-12-31,2027-12-31,2024-10-18,0,0,,,0.0309,3.09,2027,2027,2024.0,Ministry of Statistics and Programme Implementation,Infrastructure and Project Monitoring Division,PAIMANA,Projects Report - Public Dashboard,March 2026,True,False
822,Roads & Highways,Ministry of Road Transport & Highways,National Highways Authority of India [NHAI],618541,4L Ring road/bypass around Srinagar city from km 0.000 to km 42.100 Phase-I,2920,2604.76,1752.78,86,2024-02-02,2026-07-07,2021-03-02,886,1,-315.2399999999998,-10.8,0.6003,60.03,2024,2026,2021.0,Ministry of Statistics and Programme Implementation,Infrastructure and Project Monitoring Division,PAIMANA,Projects Report - Public Dashboard,March 2026,True,False
823,Roads & Highways,Ministry of Road Transport & Highways,National Highways Authority of India [NHAI],619101,4L Shahpur to Muktainagar from Km. 186.000 to km 216.278 of NH 753L Pkg II of Boregaon Buzurg to Muktainagar,784,659.52,285.24,64,2026-03-14,2026-09-30,2022-12-01,200,1,-124.48000000000002,-15.88,0.3638,36.38,2026,2026,2022.0,Ministry of Statistics and Programme Implementation,Infrastructure and Project Monitoring Division,PAIMANA,Projects Report - Public Dashboard,March 2026,True,False
824,Roads & Highways,Ministry of Road Transport & Highways,National Highways Authority of India [NHAI],618761,4L Spur of Meerut-Garh-Mukteshwar section connecting NH-119 and NH-58 bypassing Meerut Town of NH 709 A,992,977.73,815.91,95,2025-02-16,2026-07-12,2021-10-07,511,1,-14.269999999999982,-1.44,0.8225,82.25,2025,2026,2021.0,Ministry of Statistics and Programme Implementation,Infrastructure and Project Monitoring Division,PAIMANA,Projects Report - Public Dashboard,March 2026,True,False
825,Roads & Highways,Ministry of Road Transport & Highways,National Highways Authority of India [NHAI],618770,4L Spur of Panipat - Shamli connecting NH-709AD Panipat Shamli Muzaffarnagar and NH-709A Karnal Meerut bypassing Shamli district UP,516,273.42,232.93,74,2024-10-13,2025-03-17,2021-10-05,155,1,-242.57999999999998,-47.01,0.4514,45.14,2024,2025,2021.0,Ministry of Statistics and Programme Implementation,Infrastructure and Project Monitoring Division,PAIMANA,Projects Report - Public Dashboard,March 2026,True,False
826,Roads & Highways,Ministry of Road Transport & Highways,National Highways Authority of India [NHAI],619218,4L Tumkur-Shimoga Pkg-I from Mallasandra to Karadi village of NH-206 from Km. 12.300 to Km. 65.195,1364,1692.12,551.42,100,2021-10-14,2026-04-29,2018-02-27,1658,1,328.1199999999999,24.06,0.4043,40.43,2021,2026,2018.0,Ministry of Statistics and Programme Implementation,Infrastructure and Project Monitoring Division,PAIMANA,Projects Report - Public Dashboard,March 2026,True,False
827,Roads & Highways,Ministry of Road Transport & Highways,National Highways Authority of India [NHAI],618544,"4L twin tube tunnel including approaches from Digdol to Khuni Nallah North Bound connecting with existing major bridge on NB and South Bound connecting with Tunnel T4 ,Single tube tunnel of Ramban to Banihal Pkg-II of Old NH-1A New NH-44",1402,1020.99,965.59,87,2024-06-07,2026-06-15,2021-07-13,738,1,-381.01,-27.18,0.6887,68.87,2024,2026,2021.0,Ministry of Statistics and Programme Implementation,Infrastructure and Project Monitoring Division,PAIMANA,Projects Report - Public Dashboard,March 2026,True,False
829,Roads & Highways,Ministry of Road Transport & Highways,National Highways Authority of India [NHAI],618697,4LPS Access Controlled Highway of Bellary Bypass Balance work from Ch. 254750 to Ch. 266837 and construction of 4LPS from Ch. 277.690 to Ch. 278.690 at D. Hirehal Village Balance work of NH 150A of Bellary Byrapura Section,626,284.05,42.5,24,2026-07-31,2027-07-31,2024-02-07,365,1,-341.95,-54.62,0.0679,6.79,2026,2027,2024.0,Ministry of Statistics and Programme Implementation,Infrastructure and Project Monitoring Division,PAIMANA,Projects Report - Public Dashboard,March 2026,True,False
830,Roads & Highways,Ministry of Road Transport & Highways,National Highways Authority of India [NHAI],619077,6 laning of Balance Work of Chennai - Tada from km. 21.40 to km. 54.40,465,472.37,182.72,100,2020-03-27,2026-04-30,2017-12-06,2225,1,7.3700000000000045,1.58,0.3929,39.29,2020,2026,2017.0,Ministry of Statistics and Programme Implementation,Infrastructure and Project Monitoring Division,PAIMANA,Projects Report - Public Dashboard,March 2026,True,False
831,Roads & Highways,Ministry of Road Transport & Highways,MoRTH,617913,6-laning of km 9.900 to km 19/948 Aramgarh to Shamshabad Section of Hyderabad-Bangalore section of NH-44 Under NHO EPC basis in the state of Telangana,283,300.7,480.38,93,2020-05-09,2025-12-31,2018-01-18,2062,1,17.69999999999999,6.25,1.6975,169.75,2020,2025,2018.0,Ministry of Statistics and Programme Implementation,Infrastructure and Project Monitoring Division,PAIMANA,Projects Report - Public Dashboard,March 2026,True,False
832,Roads & Highways,Ministry of Road Transport & Highways,National Highways Authority of India [NHAI],619074,6-laning of Krishnagiri Km.0.000 to Walajahpet Km.148.300 section on NH-46 under NHDP-V,1673,781.74,266.14,100,2013-12-04,2026-06-30,2009-12-27,4591,1,-891.26,-53.27,0.1591,15.91,2013,2026,2009.0,Ministry of Statistics and Programme Implementation,Infrastructure and Project Monitoring Division,PAIMANA,Projects Report - Public Dashboard,March 2026,True,False
833,Roads & Highways,Ministry of Road Transport & Highways,MoRTH,617939,6-Laning of Pune-Hyderabad Section of NH-65 from Km 493/0 to Km 524/0 from Sangareddy X Roads to Madinaguda in the State of Telangana,1298,,0.0,34,2026-07-03,2026-07-03,2023-03-27,0,0,,,0.0,0.0,2026,2026,2023.0,Ministry of Statistics and Programme Implementation,Infrastructure and Project Monitoring Division,PAIMANA,Projects Report - Public Dashboard,March 2026,True,False
834,Roads & Highways,Ministry of Road Transport & Highways,National Highways Authority of India [NHAI],618720,6L Access Controlled Greenfield Highway from Audireddipalle Ch. 160000 to Mallapalle Ch. 176000Package-07,987,848.06,296.63,64,2026-03-06,2026-12-31,2023-02-21,300,1,-138.94000000000005,-14.08,0.3005,30.05,2026,2026,2023.0,Ministry of Statistics and Programme Implementation,Infrastructure and Project Monitoring Division,PAIMANA,Projects Report - Public Dashboard,March 2026,True,False
835,Roads & Highways,Ministry of Road Transport & Highways,National Highways Authority of India [NHAI],618721,6L Access Controlled Greenfield Highway from Chandrasekharapuram Ch. 228000 to Polavaram Ch. 260000of [NH-544G] Package-11,1293,1110.33,298.63,54,2026-02-10,2026-11-11,2023-02-15,274,1,-182.67000000000007,-14.13,0.231,23.1,2026,2026,2023.0,Ministry of Statistics and Programme Implementation,Infrastructure and Project Monitoring Division,PAIMANA,Projects Report - Public Dashboard,March 2026,True,False
836,Roads & Highways,Ministry of Road Transport & Highways,National Highways Authority of India [NHAI],618718,6L Access Controlled Greenfield Highway from Kavulakuntla Ch. 196000 to Narayanmpet Ch. 203500Package-09,1092,956.4,118.58,33,2027-02-07,2027-02-06,2023-02-21,0,0,-135.60000000000002,-12.42,0.1086,10.86,2027,2027,2023.0,Ministry of Statistics and Programme Implementation,Infrastructure and Project Monitoring Division,PAIMANA,Projects Report - Public Dashboard,March 2026,True,False
837,Roads & Highways,Ministry of Road Transport & Highways,National Highways Authority of India [NHAI],618719,6L Access Controlled Greenfield Highway from Mallapalle Ch. 176000 to Kavulakuntla Ch. 196000 Package-08,909,751.81,226.03,52,2026-02-10,2026-11-11,2023-02-24,274,1,-157.19000000000005,-17.29,0.2487,24.87,2026,2026,2023.0,Ministry of Statistics and Programme Implementation,Infrastructure and Project Monitoring Division,PAIMANA,Projects Report - Public Dashboard,March 2026,True,False
838,Roads & Highways,Ministry of Road Transport & Highways,National Highways Authority of India [NHAI],619126,6L Access Controlled Greenfield Highway from Marripudi Ch. 285500 to Somavarappadu Ch. 314600 of [NH-544G] Package-13,976,798.71,259.73,73,2026-02-09,2026-07-10,2023-02-18,151,1,-177.28999999999996,-18.16,0.2661,26.61,2026,2026,2023.0,Ministry of Statistics and Programme Implementation,Infrastructure and Project Monitoring Division,PAIMANA,Projects Report - Public Dashboard,March 2026,True,False
839,Roads & Highways,Ministry of Road Transport & Highways,National Highways Authority of India [NHAI],619123,6L Access Controlled Greenfield Highway from Narayanmpet Ch. 203500 to Chandrasekharpuram Ch. 228000Package-10,814,678.21,167.91,60,2026-02-10,2026-10-15,2023-02-24,247,1,-135.78999999999996,-16.68,0.2063,20.63,2026,2026,2023.0,Ministry of Statistics and Programme Implementation,Infrastructure and Project Monitoring Division,PAIMANA,Projects Report - Public Dashboard,March 2026,True,False
840,Roads & Highways,Ministry of Road Transport & Highways,National Highways Authority of India [NHAI],619125,6L Access Controlled Greenfield Highway from Somavarappadu Ch.314.600 to Muppavaram Ch.343240 of [NH-544G] Package-14,1104,943.66,161.75,42,2026-02-11,2027-01-15,2023-02-18,338,1,-160.34000000000003,-14.52,0.1465,14.65,2026,2027,2023.0,Ministry of Statistics and Programme Implementation,Infrastructure and Project Monitoring Division,PAIMANA,Projects Report - Public Dashboard,March 2026,True,False
841,Roads & Highways,Ministry of Road Transport & Highways,National Highways Authority of India [NHAI],618968,6L access control Greenfield highway of Vill-Khyawari to Vill-Latifpur at Saharanpur Bypass from Km. 82.000 to Km. 119.790 Pkg-4,1428,1439.35,1193.3,98,2024-09-02,2026-04-14,2021-03-18,589,1,11.349999999999909,0.79,0.8356,83.56,2024,2026,2021.0,Ministry of Statistics and Programme Implementation,Infrastructure and Project Monitoring Division,PAIMANA,Projects Report - Public Dashboard,March 2026,True,False
842,Roads & Highways,Ministry of Road Transport & Highways,National Highways Authority of India [NHAI],618970,6L access control Greenfield highway of Vill-Lohadda to Vill-Karaunda Mahajan from Km. 27.000 to Km. 56.500 Pkg-2,1335,1335.38,984.58,93,2024-09-02,2026-04-14,2021-03-11,589,1,0.38000000000010914,0.03,0.7375,73.75,2024,2026,2021.0,Ministry of Statistics and Programme Implementation,Infrastructure and Project Monitoring Division,PAIMANA,Projects Report - Public Dashboard,March 2026,True,False
843,Roads & Highways,Ministry of Road Transport & Highways,National Highways Authority of India [NHAI],619216,6L access Controlled Greenfield Highway from Adhoya Musalmana to Sadopur section of Shamli -Ambala Package-III Design Ch. Form km 84.400 to km 121.786,1492,1122.86,644.11,71,2025-05-01,2026-12-31,2022-05-30,609,1,-369.1400000000001,-24.74,0.4317,43.17,2025,2026,2022.0,Ministry of Statistics and Programme Implementation,Infrastructure and Project Monitoring Division,PAIMANA,Projects Report - Public Dashboard,March 2026,True,False
844,Roads & Highways,Ministry of Road Transport & Highways,National Highways Authority of India [NHAI],618722,6L access Controlled Greenfield Highway from Gogwan Jalalpur Shamli to Ranipur Barsi Saharanpur of Shamli -Ambala section Package-I Design Ch. Form km 00.600 to km 45.500,1844,1247.55,636.74,59,2025-05-15,2026-07-25,2022-06-23,436,1,-596.45,-32.35,0.3453,34.53,2025,2026,2022.0,Ministry of Statistics and Programme Implementation,Infrastructure and Project Monitoring Division,PAIMANA,Projects Report - Public Dashboard,March 2026,True,False
845,Roads & Highways,Ministry of Road Transport & Highways,National Highways Authority of India [NHAI],618712,6L Access Controlled Greenfield Highway from Kodur Ch. 0000 to Vanavolu Ch. 24300 of [NH-544G] Package-1,913,798.25,331.07,84,2026-02-03,2026-07-31,2023-01-03,178,1,-114.75,-12.57,0.3626,36.26,2026,2026,2023.0,Ministry of Statistics and Programme Implementation,Infrastructure and Project Monitoring Division,PAIMANA,Projects Report - Public Dashboard,March 2026,True,False
846,Roads & Highways,Ministry of Road Transport & Highways,National Highways Authority of India [NHAI],618714,6L Access Controlled Greenfield Highway from Nallacheruvu palli Ch. 96300 to Yerragudipadu Ch. 129000 of [NH-544G] Package-5,1253,1095.78,297.2,58,2026-02-10,2026-11-11,2022-02-18,274,1,-157.22000000000003,-12.55,0.2372,23.72,2026,2026,2022.0,Ministry of Statistics and Programme Implementation,Infrastructure and Project Monitoring Division,PAIMANA,Projects Report - Public Dashboard,March 2026,True,False
847,Roads & Highways,Ministry of Road Transport & Highways,National Highways Authority of India [NHAI],618715,6L Access Controlled Greenfield Highway from Odulapalle Ch. 72000 to Nallacheruvu-palli Ch. 96300 of [NH-544G]Package-4,1059,946.1,367.65,72,2026-02-03,2026-08-30,2023-01-03,208,1,-112.89999999999998,-10.66,0.3472,34.72,2026,2026,2023.0,Ministry of Statistics and Programme Implementation,Infrastructure and Project Monitoring Division,PAIMANA,Projects Report - Public Dashboard,March 2026,True,False
848,Roads & Highways,Ministry of Road Transport & Highways,National Highways Authority of India [NHAI],619124,6L Access Controlled Greenfield Highway from Polavaram Ch. 260000 to Marripudi Ch. 285500 of [NH-544G]Package-12,747,626.83,204.06,66,2026-02-10,2026-08-13,2023-02-18,184,1,-120.16999999999996,-16.09,0.2732,27.32,2026,2026,2023.0,Ministry of Statistics and Programme Implementation,Infrastructure and Project Monitoring Division,PAIMANA,Projects Report - Public Dashboard,March 2026,True,False
849,Roads & Highways,Ministry of Road Transport & Highways,National Highways Authority of India [NHAI],618723,6L access Controlled Greenfield Highway from Ranipur Barsi to Adhoya Musalmana section of Shamli -Ambala Package-II Design Ch. Form km 45.500 to km 84.400,1554,1241.89,721.32,74,2025-05-16,2026-12-31,2022-06-22,594,1,-312.1099999999999,-20.08,0.4642,46.42,2025,2026,2022.0,Ministry of Statistics and Programme Implementation,Infrastructure and Project Monitoring Division,PAIMANA,Projects Report - Public Dashboard,March 2026,True,False
850,Roads & Highways,Ministry of Road Transport & Highways,National Highways Authority of India [NHAI],618717,6L Access Controlled Greenfield Highway from Vanavolu Ch. 24300 to Vankarakunta Ch. 45700 of [NH-544G] Package-2,751,626.91,203.15,81,2026-03-01,2026-07-31,2023-01-03,152,1,-124.09000000000003,-16.52,0.2705,27.05,2026,2026,2023.0,Ministry of Statistics and Programme Implementation,Infrastructure and Project Monitoring Division,PAIMANA,Projects Report - Public Dashboard,March 2026,True,False
851,Roads & Highways,Ministry of Road Transport & Highways,National Highways Authority of India [NHAI],618716,6L Access Controlled Greenfield Highway from Vankarakunta Ch. 45700 to Odulapalle Ch. 72000 of [NH-544G]Package-3,993,888.07,279.56,71,2026-03-01,2026-07-31,2022-12-12,152,1,-104.92999999999995,-10.57,0.2815,28.15,2026,2026,2022.0,Ministry of Statistics and Programme Implementation,Infrastructure and Project Monitoring Division,PAIMANA,Projects Report - Public Dashboard,March 2026,True,False
852,Roads & Highways,Ministry of Road Transport & Highways,National Highways Authority of India [NHAI],618713,6L Access Controlled Greenfield Highway from Yerragudipadu Ch. 129000 to Audireddipalle Ch. 160000 of [NH 544G] Package-6,1200,1019.69,178.35,31,2026-02-10,2027-02-28,2023-02-15,383,1,-180.30999999999995,-15.03,0.1486,14.86,2026,2027,2023.0,Ministry of Statistics and Programme Implementation,Infrastructure and Project Monitoring Division,PAIMANA,Projects Report - Public Dashboard,March 2026,True,False
853,Roads & Highways,Ministry of Road Transport & Highways,National Highways Authority of India [NHAI],619212,6L Access Controlled Greenfield Highway of Julekal village to Dinnedevarapadu village from Km 242.200 to Km 280.400 Pkg-2,1228,1315.87,489.45,65,2025-01-03,2026-09-30,2022-01-27,635,1,87.86999999999989,7.16,0.3986,39.86,2025,2026,2022.0,Ministry of Statistics and Programme Implementation,Infrastructure and Project Monitoring Division,PAIMANA,Projects Report - Public Dashboard,March 2026,True,False
854,Roads & Highways,Ministry of Road Transport & Highways,National Highways Authority of India [NHAI],619168,6L access controlled Greenfield highway of Junction of EPE Vill.-Mavikalan to Vill.-Lohadda from Km. 0.000 to Km. 27.000 Pkg-1,1602,1497.94,1198.22,99,2024-09-02,2026-04-14,2021-03-18,589,1,-104.05999999999995,-6.5,0.748,74.8,2024,2026,2021.0,Ministry of Statistics and Programme Implementation,Infrastructure and Project Monitoring Division,PAIMANA,Projects Report - Public Dashboard,March 2026,True,False
855,Roads & Highways,Ministry of Road Transport & Highways,National Highways Authority of India [NHAI],618632,6L Access Controlled Greenfield Highway of Nandinne village to Julekal village from Km 202.900 to Km 242.200 Pkg-1,972,1044.06,406.31,90,2025-01-03,2026-06-30,2022-02-04,543,1,72.05999999999995,7.41,0.418,41.8,2025,2026,2022.0,Ministry of Statistics and Programme Implementation,Infrastructure and Project Monitoring Division,PAIMANA,Projects Report - Public Dashboard,March 2026,True,False
856,Roads & Highways,Ministry of Road Transport & Highways,National Highways Authority of India [NHAI],618578,6L Access Controlled Highway from DND Maharani Bagh - Jn. with Jaitpur - Pushta Road of NH-148NA from km. 0.00 to km. 9.00 in NCR,1467,2510.34,1373.75,98,2024-07-08,2026-04-30,2020-07-30,661,1,1043.3400000000001,71.12,0.9364,93.64,2024,2026,2020.0,Ministry of Statistics and Programme Implementation,Infrastructure and Project Monitoring Division,PAIMANA,Projects Report - Public Dashboard,March 2026,True,False
857,Roads & Highways,Ministry of Road Transport & Highways,National Highways Authority of India [NHAI],618757,6L access controlled Highway from Km 40080 to Km 86513 Mator to Barodameo Section,2010,1565.88,664.82,37,2026-03-14,2026-05-17,2022-09-27,64,1,-444.1199999999999,-22.1,0.3308,33.08,2026,2026,2022.0,Ministry of Statistics and Programme Implementation,Infrastructure and Project Monitoring Division,PAIMANA,Projects Report - Public Dashboard,March 2026,True,False
858,Roads & Highways,Ministry of Road Transport & Highways,National Highways Authority of India [NHAI],618647,6L Access Controlled Ludhiana-Bathinda Greenfield highway from Jn. with Amritsar-Bathanda Greenfield Road NH-754A near Rampura Phul to Jn. with Moga-Barnala Road NH-703 near village Tallewal from Km 0.0 to Km 30.3 of NH-754AD Pkg-1,907,1020.52,445.16,82,2025-09-13,2026-07-14,2021-06-24,304,1,113.51999999999998,12.52,0.4908,49.08,2025,2026,2021.0,Ministry of Statistics and Programme Implementation,Infrastructure and Project Monitoring Division,PAIMANA,Projects Report - Public Dashboard,March 2026,True,False
859,Roads & Highways,Ministry of Road Transport & Highways,National Highways Authority of India [NHAI],619105,6L Access Controlled Ludhiana-Bathinda Greenfield highway from Jn. with Moga-Barnala Road NH-703 near village Tallewal to Jn. with Delhi-Katra Expressway NE-5 near Ludhiana village Ballowal from Km 30.300 to Km 75.543 of NH-754AD Pkg-2,1555,1564.66,138.54,20,2027-09-29,2027-09-29,2021-07-05,0,0,9.660000000000082,0.62,0.0891,8.91,2027,2027,2021.0,Ministry of Statistics and Programme Implementation,Infrastructure and Project Monitoring Division,PAIMANA,Projects Report - Public Dashboard,March 2026,True,False
860,Roads & Highways,Ministry of Road Transport & Highways,NHAI,619308,6L access-controlled highway from Ganeshpur tonear Mohand of Ganeshpur Dehradun section from Km.0 to Km.8.3 of NH-72A Package-1,836,835.74,807.97,99,2023-10-07,2026-04-15,2020-11-26,921,1,-0.2599999999999909,-0.03,0.9665,96.65,2023,2026,2020.0,Ministry of Statistics and Programme Implementation,Infrastructure and Project Monitoring Division,PAIMANA,Projects Report - Public Dashboard,March 2026,True,False
861,Roads & Highways,Ministry of Road Transport & Highways,National Highways Authority of India [NHAI],618758,6L accesscontrolled highway from km 0000 to km 40080 Paniyala to Mator Section of Paniyala-Barodameo ICR,1765,1239.24,272.55,35,2026-09-15,2026-09-15,2022-09-27,0,0,-525.76,-29.79,0.1544,15.44,2026,2026,2022.0,Ministry of Statistics and Programme Implementation,Infrastructure and Project Monitoring Division,PAIMANA,Projects Report - Public Dashboard,March 2026,True,False
862,Roads & Highways,Ministry of Road Transport & Highways,National Highways Authority of India [NHAI],618681,6L Aluru - Jakkuva Section of NH-130CD Road from km 365.033 to km 396.800 Pkg. 1,1216,1241.66,630.41,95,2024-03-29,2026-06-30,2021-02-10,823,1,25.660000000000082,2.11,0.5184,51.84,2024,2026,2021.0,Ministry of Statistics and Programme Implementation,Infrastructure and Project Monitoring Division,PAIMANA,Projects Report - Public Dashboard,March 2026,True,False
863,Roads & Highways,Ministry of Road Transport & Highways,National Highways Authority of India [NHAI],619099,6L Amritsar-Bathinda Greenfield section from Jn. with Moga Jalandhar road NH-703 near Dharamkot to Jn. with Bhagta Bhai Ka-Bhadaur Road near Dyalpura Bhai Ka from km 39.000 to km 93.000 of NH-754A Pkg-2,1801,2172.71,580.27,64,2026-06-26,2026-12-31,2021-03-30,188,1,371.71000000000004,20.64,0.3222,32.22,2026,2026,2021.0,Ministry of Statistics and Programme Implementation,Infrastructure and Project Monitoring Division,PAIMANA,Projects Report - Public Dashboard,March 2026,True,False
864,Roads & Highways,Ministry of Road Transport & Highways,National Highways Authority of India [NHAI],618618,6L Amritsar-Bathinda Greenfield section from Jn. with Bhagta Bhai Ka-Bhadaur Road near Dyalpura Bhai Ka to Jn. with Mandi Dabwali Bathinda Road on NH-54 near Sangat Kalan from km 93.000 to km 154.866 of NH-754A Pkg-3,2029,2677.23,509.27,70,2026-06-16,2026-06-15,2021-03-31,0,0,648.23,31.95,0.251,25.1,2026,2026,2021.0,Ministry of Statistics and Programme Implementation,Infrastructure and Project Monitoring Division,PAIMANA,Projects Report - Public Dashboard,March 2026,True,False
865,Roads & Highways,Ministry of Road Transport & Highways,National Highways Authority of India [NHAI],618617,6L Amritsar-Bathinda Greenfield section from village Tiba on NE-5A to Jn. with Moga Jalandhar road NH-703 near Dharamkot from km 0.000 to km 39.000 of NH-754A Pkg-1,1229,1549.32,771.63,70,2024-11-13,2027-06-30,2021-03-30,959,1,320.31999999999994,26.06,0.6279,62.79,2024,2027,2021.0,Ministry of Statistics and Programme Implementation,Infrastructure and Project Monitoring Division,PAIMANA,Projects Report - Public Dashboard,March 2026,True,False
866,Roads & Highways,Ministry of Road Transport & Highways,National Highways Authority of India [NHAI],618738,6L Bridge and its approaches across River Ganga as Part of Patna Ring Road NH-131G starting from Km 8.480 near Sherpur to Km 23.000 near Dighwara,6292,3351.62,501.89,17,2027-09-05,2028-09-04,2022-09-27,365,1,-2940.38,-46.73,0.0798,7.98,2027,2028,2022.0,Ministry of Statistics and Programme Implementation,Infrastructure and Project Monitoring Division,PAIMANA,Projects Report - Public Dashboard,March 2026,True,False
867,Roads & Highways,Ministry of Road Transport & Highways,National Highways Authority of India [NHAI],618805,6L Connectivity to Port Road from Sabbavaram Sheelanagar-NH516C,977,,0.0,0,2028-02-13,2028-02-12,2024-12-31,0,0,,,0.0,0.0,2028,2028,2024.0,Ministry of Statistics and Programme Implementation,Infrastructure and Project Monitoring Division,PAIMANA,Projects Report - Public Dashboard,March 2026,True,False
868,Roads & Highways,Ministry of Road Transport & Highways,National Highways Authority of India [NHAI],618499,6L Elevated Kanpur - Lucknow Exeressway Pkg-1 from Km. 10980 to Km. 28500,1973,1943.27,766.05,94,2025-07-30,2026-04-10,2021-12-29,254,1,-29.730000000000018,-1.51,0.3883,38.83,2025,2026,2021.0,Ministry of Statistics and Programme Implementation,Infrastructure and Project Monitoring Division,PAIMANA,Projects Report - Public Dashboard,March 2026,True,False
869,Roads & Highways,Ministry of Road Transport & Highways,National Highways Authority of India [NHAI],618808,6L Elevated Kona Expressway from Km. 0.145 to Km. 7.337 of NH-117,1213,1203.11,283.87,37,2026-12-03,2027-12-31,2023-03-24,393,1,-9.8900000000001,-0.82,0.234,23.4,2026,2027,2023.0,Ministry of Statistics and Programme Implementation,Infrastructure and Project Monitoring Division,PAIMANA,Projects Report - Public Dashboard,March 2026,True,False
870,Roads & Highways,Ministry of Road Transport & Highways,National Highways Authority of India [NHAI],618704,6L Flyover including RE Wall approaches with Flexible Pavement in the Elephant Corridor of Angul Sambalpur Section of NH-42 New NH-55 Km.202.533,151,106.32,102.13,100,2027-01-20,2026-06-20,2023-09-19,0,0,-44.68000000000001,-29.59,0.6764,67.64,2027,2026,2023.0,Ministry of Statistics and Programme Implementation,Infrastructure and Project Monitoring Division,PAIMANA,Projects Report - Public Dashboard,March 2026,True,False
871,Roads & Highways,Ministry of Road Transport & Highways,National Highways Authority of India [NHAI],618515,6L from Belgaum to Sankeshwar Bypass from Km. 515.000 to Km. 555.017 of NH-48 Pkg-I,1479,1237.04,1136.31,100,2025-04-23,2026-04-15,2021-11-12,357,1,-241.96000000000004,-16.36,0.7683,76.83,2025,2026,2021.0,Ministry of Statistics and Programme Implementation,Infrastructure and Project Monitoring Division,PAIMANA,Projects Report - Public Dashboard,March 2026,True,False
872,Roads & Highways,Ministry of Road Transport & Highways,National Highways Authority of India [NHAI],618516,6L from Sankeshwar Bypass to MH-KNT Border from Km. 555.017 to Km. 592.853 of NH-48 Pkg-II,1389,1066.86,1045.3,81,2025-04-23,2026-11-30,2022-01-20,586,1,-322.1400000000001,-23.19,0.7526,75.26,2025,2026,2022.0,Ministry of Statistics and Programme Implementation,Infrastructure and Project Monitoring Division,PAIMANA,Projects Report - Public Dashboard,March 2026,True,False
873,Roads & Highways,Ministry of Road Transport & Highways,National Highways Authority of India [NHAI],618680,6L Greenfield Kandili - Aluru Section of NH-130-CD Road from km 342500 to km 365033 Package-OD-8,1493,1912.84,988.5,97,2024-10-17,2026-06-30,2021-12-20,621,1,419.8399999999999,28.12,0.6621,66.21,2024,2026,2021.0,Ministry of Statistics and Programme Implementation,Infrastructure and Project Monitoring Division,PAIMANA,Projects Report - Public Dashboard,March 2026,True,False
874,Roads & Highways,Ministry of Road Transport & Highways,National Highways Authority of India [NHAI],618678,6L Greenfield Baunsaguar - Baraja Section of NH-130-CD Road from km 293000 to km 338500 Package OD-6,1266,1635.44,843.72,99,2024-05-31,2026-05-15,2021-08-26,714,1,369.44000000000005,29.18,0.6664,66.64,2024,2026,2021.0,Ministry of Statistics and Programme Implementation,Infrastructure and Project Monitoring Division,PAIMANA,Projects Report - Public Dashboard,March 2026,True,False
875,Roads & Highways,Ministry of Road Transport & Highways,National Highways Authority of India [NHAI],618677,6L Greenfield Kaliagura Baunsaguar Section of NH-130-CD Road from km 249000 to km 293000 Package OD-5,1540,1918.49,952.14,94,2024-05-29,2026-06-30,2021-09-03,762,1,378.49,24.58,0.6183,61.83,2024,2026,2021.0,Ministry of Statistics and Programme Implementation,Infrastructure and Project Monitoring Division,PAIMANA,Projects Report - Public Dashboard,March 2026,True,False
876,Roads & Highways,Ministry of Road Transport & Highways,National Highways Authority of India [NHAI],618498,6L Greenfield Kanpur - Lucknow Expressway Pkg II from km. 28.500 to km. 73.744,2472,2489.0,1178.84,100,2025-05-08,2026-04-10,2021-12-29,337,1,17.0,0.69,0.4769,47.69,2025,2026,2021.0,Ministry of Statistics and Programme Implementation,Infrastructure and Project Monitoring Division,PAIMANA,Projects Report - Public Dashboard,March 2026,True,False
877,Roads & Highways,Ministry of Road Transport & Highways,National Highways Authority of India [NHAI],618734,6L Greenfield Varanasi- Ranchi- Kolkata Highway from junction with NH-320 in Lepo village to Kamlapur villageJH/WB border from km 358.500 to km 387.200 Pkg -13,1154,1319.18,47.59,10,2027-09-29,2027-09-29,2023-03-29,0,0,165.18000000000006,14.31,0.0412,4.12,2027,2027,2023.0,Ministry of Statistics and Programme Implementation,Infrastructure and Project Monitoring Division,PAIMANA,Projects Report - Public Dashboard,March 2026,True,False
878,Roads & Highways,Ministry of Road Transport & Highways,National Highways Authority of India [NHAI],618724,6L Greenfield Varanasi-Ranchi-Kolkata Highway from Anarbansalea village to Sagrampur village From KM. 151200 to KM. 184700Package-7,1719,1723.42,64.54,17,2027-06-30,2027-06-30,2023-03-24,0,0,4.420000000000073,0.26,0.0375,3.75,2027,2027,2023.0,Ministry of Statistics and Programme Implementation,Infrastructure and Project Monitoring Division,PAIMANA,Projects Report - Public Dashboard,March 2026,True,False
879,Roads & Highways,Ministry of Road Transport & Highways,National Highways Authority of India [NHAI],618727,6L Greenfield Varanasi-Ranchi-Kolkata Highway from junction with Bhabhua-Adhaura road in Bhairopur village to Konki village From KM. 54.000 to KM. 90.000Pkg-3,1577,1711.44,18.69,11,2027-10-05,2027-10-05,2023-03-27,0,0,134.44000000000005,8.53,0.0119,1.19,2027,2027,2023.0,Ministry of Statistics and Programme Implementation,Infrastructure and Project Monitoring Division,PAIMANA,Projects Report - Public Dashboard,March 2026,True,False
880,Roads & Highways,Ministry of Road Transport & Highways,National Highways Authority of India [NHAI],618726,6L Greenfield Varanasi-Ranchi-Kolkata Highway from junction with Chandauli-Chainpur Road near Khainti village to junction with Bhabhua-Adhaura road near Palka village from Km. 27.000 to Km. 54.000 Pkg-2,1241,1341.52,32.81,12,2027-10-05,2027-10-05,2023-03-24,0,0,100.51999999999998,8.1,0.0264,2.64,2027,2027,2023.0,Ministry of Statistics and Programme Implementation,Infrastructure and Project Monitoring Division,PAIMANA,Projects Report - Public Dashboard,March 2026,True,False
881,Roads & Highways,Ministry of Road Transport & Highways,National Highways Authority of India [NHAI],618728,6L Greenfield Varanasi-Ranchi-Kolkata Highway from junction with NH-19 & Varanasi Ring Road near Rewasa village to junction with Chandauli-Chainpur road near Khainti village from Km. 0.000 to Km. 27.000 - Pkg-1,1433,1564.15,332.46,38,2026-11-24,2027-05-18,2023-03-24,175,1,131.1500000000001,9.15,0.232,23.2,2026,2027,2023.0,Ministry of Statistics and Programme Implementation,Infrastructure and Project Monitoring Division,PAIMANA,Projects Report - Public Dashboard,March 2026,True,False
882,Roads & Highways,Ministry of Road Transport & Highways,National Highways Authority of India [NHAI],618725,6L Greenfield Varanasi-Ranchi-Kolkata Highway from Pachmon village to Anarbansalea village From KM. 116000 to KM. 151200 Package-6,1916,1920.21,0.87,7,2027-09-03,2027-09-03,2023-03-24,0,0,4.210000000000036,0.22,0.0005,0.05,2027,2027,2023.0,Ministry of Statistics and Programme Implementation,Infrastructure and Project Monitoring Division,PAIMANA,Projects Report - Public Dashboard,March 2026,True,False
883,Roads & Highways,Ministry of Road Transport & Highways,National Highways Authority of India [NHAI],619111,6L Jakkuva Korlam Section of NH-130CD Road from km 396.800 to km 421.100 Pkg 2,841,840.51,495.8,99,2024-03-29,2026-05-31,2021-02-09,793,1,-0.4900000000000091,-0.06,0.5895,58.95,2024,2026,2021.0,Ministry of Statistics and Programme Implementation,Infrastructure and Project Monitoring Division,PAIMANA,Projects Report - Public Dashboard,March 2026,True,False
884,Roads & Highways,Ministry of Road Transport & Highways,National Highways Authority of India [NHAI],619112,6L Kantakapalle Sabbavaram Section of NH-130CD Road from Km 445.100 to Km 464.662 Pkg-4,1013,1012.57,508.13,81,2024-10-04,2026-12-31,2021-02-25,818,1,-0.42999999999995,-0.04,0.5016,50.16,2024,2026,2021.0,Ministry of Statistics and Programme Implementation,Infrastructure and Project Monitoring Division,PAIMANA,Projects Report - Public Dashboard,March 2026,True,False
885,Roads & Highways,Ministry of Road Transport & Highways,National Highways Authority of India [NHAI],618682,6L Korlam-Kantakapalle Section of NH-130CD Road from Km 421.100 to Km 445.100 Pkg-3,1113,1127.63,782.77,99,2024-02-18,2026-05-31,2021-02-25,833,1,14.63000000000011,1.31,0.7033,70.33,2024,2026,2021.0,Ministry of Statistics and Programme Implementation,Infrastructure and Project Monitoring Division,PAIMANA,Projects Report - Public Dashboard,March 2026,True,False
886,Roads & Highways,Ministry of Road Transport & Highways,National Highways Authority of India [NHAI],618598,6L Minor Bridge Paloli Palam at km. 203.160 & Major Bridge Morad at km. 204.895 and allied works,210,216.94,77.9,100,2022-06-11,2026-04-08,2020-03-11,1397,1,6.939999999999998,3.3,0.371,37.1,2022,2026,2020.0,Ministry of Statistics and Programme Implementation,Infrastructure and Project Monitoring Division,PAIMANA,Projects Report - Public Dashboard,March 2026,True,False
887,Roads & Highways,Ministry of Road Transport & Highways,National Highways Authority of India [NHAI],618676,6L of Dhanara - Hatibena Section from Km 124.611 to km 146.50 of NH-130-CD Package OD-1,478,638.32,297.98,100,2024-03-23,2026-04-30,2021-02-11,768,1,160.32000000000005,33.54,0.6234,62.34,2024,2026,2021.0,Ministry of Statistics and Programme Implementation,Infrastructure and Project Monitoring Division,PAIMANA,Projects Report - Public Dashboard,March 2026,True,False
888,Roads & Highways,Ministry of Road Transport & Highways,National Highways Authority of India [NHAI],618601,6L of Kappirikkad to Thalikulam section from km 335.85 to km 369.015 of NH - 66 old NH-17,4226,4225.59,648.31,88,2025-01-26,2026-06-30,2021-06-08,520,1,-0.4099999999998545,-0.01,0.1534,15.34,2025,2026,2021.0,Ministry of Statistics and Programme Implementation,Infrastructure and Project Monitoring Division,PAIMANA,Projects Report - Public Dashboard,March 2026,True,False
890,Roads & Highways,Ministry of Road Transport & Highways,National Highways Authority of India [NHAI],619134,6L of Ambala-Chandigarh greenfield section from Km. 0.000 to Km. 25.000 with 4L spur to Lalru from Km. 0.000 to Km. 5.828 & spur to PR-7 road from Km. 0.000 to Km. 11.157,1642,1904.79,537.04,81,2025-10-12,2026-06-30,2022-03-31,261,1,262.78999999999996,16.0,0.3271,32.71,2025,2026,2022.0,Ministry of Statistics and Programme Implementation,Infrastructure and Project Monitoring Division,PAIMANA,Projects Report - Public Dashboard,March 2026,True,False
891,Roads & Highways,Ministry of Road Transport & Highways,National Highways Authority of India [NHAI],618579,6L of Anandapuram Pendurthi Anakapalli Section from km. 681.000 to km. 731.780 of NH-16,2527,2957.25,924.33,100,2021-07-01,2026-04-30,2018-01-19,1764,1,430.25,17.03,0.3658,36.58,2021,2026,2018.0,Ministry of Statistics and Programme Implementation,Infrastructure and Project Monitoring Division,PAIMANA,Projects Report - Public Dashboard,March 2026,True,False
892,Roads & Highways,Ministry of Road Transport & Highways,National Highways Authority of India [NHAI],618532,6L of Aurangabad to Bihar-Jharkhand border Chordaha section from km. 209.827 to Km. 249.525 of NH-19 PKG-02,1822,738.11,585.79,96,2024-03-27,2026-04-30,2021-06-03,764,1,-1083.8899999999999,-59.49,0.3215,32.15,2024,2026,2021.0,Ministry of Statistics and Programme Implementation,Infrastructure and Project Monitoring Division,PAIMANA,Projects Report - Public Dashboard,March 2026,True,False
893,Roads & Highways,Ministry of Road Transport & Highways,National Highways Authority of India [NHAI],618531,6L of Aurangabad to Bihar-Jharkhand border Chordaha section from km. 180.000 to km. 209.827 of NH-2 PKG-01,1054,786.81,98.83,20,2026-12-17,2026-12-17,2021-02-10,0,0,-267.19000000000005,-25.35,0.0938,9.38,2026,2026,2021.0,Ministry of Statistics and Programme Implementation,Infrastructure and Project Monitoring Division,PAIMANA,Projects Report - Public Dashboard,March 2026,True,False
894,Roads & Highways,Ministry of Road Transport & Highways,National Highways Authority of India [NHAI],618597,6L of Azhiyur-Vengalam from km. 189.200 to km. 230.400 of NH-66,3206,3898.46,771.49,60,2024-07-04,2027-05-31,2020-10-14,1061,1,692.46,21.6,0.2406,24.06,2024,2027,2020.0,Ministry of Statistics and Programme Implementation,Infrastructure and Project Monitoring Division,PAIMANA,Projects Report - Public Dashboard,March 2026,True,False
895,Roads & Highways,Ministry of Road Transport & Highways,National Highways Authority of India [NHAI],619109,6L of Badakumari - Karki Section from Km 179.000 to km 226.500 of NH-130-CD Package OD-3,1102,1374.43,560.92,100,2024-04-11,2026-05-31,2021-03-25,780,1,272.43000000000006,24.72,0.509,50.9,2024,2026,2021.0,Ministry of Statistics and Programme Implementation,Infrastructure and Project Monitoring Division,PAIMANA,Projects Report - Public Dashboard,March 2026,True,False
896,Roads & Highways,Ministry of Road Transport & Highways,National Highways Authority of India [NHAI],619075,6L of Bhubaneswar - Jagatpur - Chandikhole Section of NH-16,639,632.89,2.07,97,2014-06-10,2026-04-30,2009-01-29,4342,1,-6.110000000000014,-0.96,0.0032,0.32,2014,2026,2009.0,Ministry of Statistics and Programme Implementation,Infrastructure and Project Monitoring Division,PAIMANA,Projects Report - Public Dashboard,March 2026,True,False
897,Roads & Highways,Ministry of Road Transport & Highways,National Highways Authority of India [NHAI],618595,6L of Chengala - Neeleshwaram from km. 56.200 to km. 93.468,1746,2538.06,785.78,90,2024-04-15,2027-03-31,2020-06-02,1080,1,792.06,45.36,0.45,45.0,2024,2027,2020.0,Ministry of Statistics and Programme Implementation,Infrastructure and Project Monitoring Division,PAIMANA,Projects Report - Public Dashboard,March 2026,True,False
898,Roads & Highways,Ministry of Road Transport & Highways,National Highways Authority of India [NHAI],619067,6L of Chiloda-Naroda section from Km. 540.595 to Km. 555.595 of NH-8Package-VII,357,463.03,103.1,100,2019-05-10,2026-05-31,2016-11-15,2578,1,106.02999999999997,29.7,0.2888,28.88,2019,2026,2016.0,Ministry of Statistics and Programme Implementation,Infrastructure and Project Monitoring Division,PAIMANA,Projects Report - Public Dashboard,March 2026,True,False
899,Roads & Highways,Ministry of Road Transport & Highways,National Highways Authority of India [NHAI],618559,6L of existing 4L from Gundlapochampally to Bowenpally from km 471.300 to km 481.331 of NH-44,522,528.21,256.53,50,2024-07-30,2026-04-22,2021-12-27,631,1,6.210000000000036,1.19,0.4914,49.14,2024,2026,2021.0,Ministry of Statistics and Programme Implementation,Infrastructure and Project Monitoring Division,PAIMANA,Projects Report - Public Dashboard,March 2026,True,False
900,Roads & Highways,Ministry of Road Transport & Highways,National Highways Authority of India [NHAI],618585,6L of Gonde Km. 439.038 to Pimpri Sado Km. 459.905 section of NH-848 Old NH-3,857,718.84,88.54,30,2027-04-11,2027-11-04,2024-02-28,207,1,-138.15999999999997,-16.12,0.1033,10.33,2027,2027,2024.0,Ministry of Statistics and Programme Implementation,Infrastructure and Project Monitoring Division,PAIMANA,Projects Report - Public Dashboard,March 2026,True,False
901,Roads & Highways,Ministry of Road Transport & Highways,National Highways Authority of India [NHAI],618526,6L of Gundugolanu Design km 1023.280 to Kalaparru Design km 1050.680 of NH-5 New NH-16,666,665.59,509.4,96,2021-07-30,2026-04-30,2018-10-31,1735,1,-0.40999999999996817,-0.06,0.7649,76.49,2021,2026,2018.0,Ministry of Statistics and Programme Implementation,Infrastructure and Project Monitoring Division,PAIMANA,Projects Report - Public Dashboard,March 2026,True,False
902,Roads & Highways,Ministry of Road Transport & Highways,National Highways Authority of India [NHAI],619213,6L of Hatibena - Badakumari Section from Km 146.50 to km 179.00 of NH-130-CD Package OD-2,791,1070.63,631.22,100,2024-03-02,2026-05-31,2021-02-11,820,1,279.6300000000001,35.35,0.798,79.8,2024,2026,2021.0,Ministry of Statistics and Programme Implementation,Infrastructure and Project Monitoring Division,PAIMANA,Projects Report - Public Dashboard,March 2026,True,False
903,Roads & Highways,Ministry of Road Transport & Highways,National Highways Authority of India [NHAI],618610,6L of Jodhpur Romana Bathinda - Mandi Dabwali Punjab Haryana Border section of NH-54 from km. 0.000 to km. 27.400 of NH-54,789,1318.91,501.33,99,2025-08-10,2026-04-30,2020-05-19,263,1,529.9100000000001,67.16,0.6354,63.54,2025,2026,2020.0,Ministry of Statistics and Programme Implementation,Infrastructure and Project Monitoring Division,PAIMANA,Projects Report - Public Dashboard,March 2026,True,False
904,Roads & Highways,Ministry of Road Transport & Highways,National Highways Authority of India [NHAI],618513,6L of Kagal-Satara section from Km 592.500 to Km 658.000 of NH-48 Pkg-I,2112,1435.46,627.39,49,2025-01-11,2026-04-30,2021-12-22,474,1,-676.54,-32.03,0.2971,29.71,2025,2026,2021.0,Ministry of Statistics and Programme Implementation,Infrastructure and Project Monitoring Division,PAIMANA,Projects Report - Public Dashboard,March 2026,True,False
905,Roads & Highways,Ministry of Road Transport & Highways,National Highways Authority of India [NHAI],618514,6L of Kagal-Satara section from Km 658.000 to Km 725.000 of NH-48 Pkg-II,2331,317.4,186.26,74,2024-12-15,2026-05-31,2021-12-22,532,1,-2013.6,-86.38,0.0799,7.99,2024,2026,2021.0,Ministry of Statistics and Programme Implementation,Infrastructure and Project Monitoring Division,PAIMANA,Projects Report - Public Dashboard,March 2026,True,False
906,Roads & Highways,Ministry of Road Transport & Highways,National Highways Authority of India [NHAI],618603,6L of Kodugallur to Edapppally section from km 397.750 to km 423.780 of NH - 66 old NH-17,3466,3606.2,767.68,65,2025-04-21,2026-12-31,2021-11-09,619,1,140.19999999999982,4.05,0.2215,22.15,2025,2026,2021.0,Ministry of Statistics and Programme Implementation,Infrastructure and Project Monitoring Division,PAIMANA,Projects Report - Public Dashboard,March 2026,True,False
907,Roads & Highways,Ministry of Road Transport & Highways,National Highways Authority of India [NHAI],618772,6L of Kumarajapet to Veera Kaveri Raja Puram from km 43.800 to km 61.380 of NH-716B Pkg-II,703,799.36,363.9,97,2025-10-29,2026-04-30,2021-02-10,183,1,96.36000000000001,13.71,0.5176,51.76,2025,2026,2021.0,Ministry of Statistics and Programme Implementation,Infrastructure and Project Monitoring Division,PAIMANA,Projects Report - Public Dashboard,March 2026,True,False
908,Roads & Highways,Ministry of Road Transport & Highways,National Highways Authority of India [NHAI],618631,6L of MH/KN Border Nimbal Village to KN/TS Border Singnodi Village from Km. 162.5 to Km. 203.100 in Raichur of NH-150C Pkg-IV,1500,1457.48,774.35,100,2025-05-13,2026-04-30,2022-03-16,352,1,-42.51999999999998,-2.83,0.5162,51.62,2025,2026,2022.0,Ministry of Statistics and Programme Implementation,Infrastructure and Project Monitoring Division,PAIMANA,Projects Report - Public Dashboard,March 2026,True,False
909,Roads & Highways,Ministry of Road Transport & Highways,National Highways Authority of India [NHAI],618630,6L of MH/KN Border Nimbal Village to KN/TS Border Singnodi Village from Km. 26.000 to Km. 97.000 in Gulbarga of NH-150C Pkg-II,2356,1923.3,824.34,74,2025-06-27,2026-08-31,2022-02-24,430,1,-432.70000000000005,-18.37,0.3499,34.99,2025,2026,2022.0,Ministry of Statistics and Programme Implementation,Infrastructure and Project Monitoring Division,PAIMANA,Projects Report - Public Dashboard,March 2026,True,False
910,Roads & Highways,Ministry of Road Transport & Highways,National Highways Authority of India [NHAI],619211,6L of MH/KN Border Nimbal Village to KN/TS Border Singnodi Village from Km. 97.000 to Km. 162.500 in Yadgir of NH-150C Pkg-III,2105,2065.83,690.04,74,2025-10-22,2026-12-31,2022-03-04,435,1,-39.17000000000007,-1.86,0.3278,32.78,2025,2026,2022.0,Ministry of Statistics and Programme Implementation,Infrastructure and Project Monitoring Division,PAIMANA,Projects Report - Public Dashboard,March 2026,True,False
911,Roads & Highways,Ministry of Road Transport & Highways,National Highways Authority of India [NHAI],619140,6L of Naidupeta Junction - Turpukanupur Section from km 57.046 to km 91.927,1399,965.58,274.15,42,2025-10-19,2027-02-28,2022-08-10,497,1,-433.41999999999996,-30.98,0.196,19.6,2025,2027,2022.0,Ministry of Statistics and Programme Implementation,Infrastructure and Project Monitoring Division,PAIMANA,Projects Report - Public Dashboard,March 2026,True,False
912,Roads & Highways,Ministry of Road Transport & Highways,National Highways Authority of India [NHAI],619206,6L of Perole Nileshwar town to Taliparamba from Km 94.248 to Km 134.650 of NH-66,3042,3867.66,966.76,86,2024-01-11,2027-03-31,2020-06-19,1175,1,825.6599999999999,27.14,0.3178,31.78,2024,2027,2020.0,Ministry of Statistics and Programme Implementation,Infrastructure and Project Monitoring Division,PAIMANA,Projects Report - Public Dashboard,March 2026,True,False
913,Roads & Highways,Ministry of Road Transport & Highways,National Highways Authority of India [NHAI],618635,6L of Pondavakkam to Kannigaipair from km 96.040 to km 116.100 of NH 716B Pkg-IV,1360,1359.81,302.35,36,2025-01-23,2026-09-30,2021-02-10,615,1,-0.19000000000005457,-0.01,0.2223,22.23,2025,2026,2021.0,Ministry of Statistics and Programme Implementation,Infrastructure and Project Monitoring Division,PAIMANA,Projects Report - Public Dashboard,March 2026,True,False
914,Roads & Highways,Ministry of Road Transport & Highways,National Highways Authority of India [NHAI],618599,6L of Ramanatukkara Junction to start of Valanchery bypass section of NH-66,4924,4919.46,1762.86,100,2024-07-19,2026-04-30,2021-01-28,650,1,-4.539999999999964,-0.09,0.358,35.8,2024,2026,2021.0,Ministry of Statistics and Programme Implementation,Infrastructure and Project Monitoring Division,PAIMANA,Projects Report - Public Dashboard,March 2026,True,False
915,Roads & Highways,Ministry of Road Transport & Highways,National Highways Authority of India [NHAI],618596,6L of Taliparamba to Muzhappilangad from Km 134.650 to Km 170.6 of NH-66,2715,3557.65,1008.4,82,2024-05-26,2027-12-31,2020-08-03,1314,1,842.6500000000001,31.04,0.3714,37.14,2024,2027,2020.0,Ministry of Statistics and Programme Implementation,Infrastructure and Project Monitoring Division,PAIMANA,Projects Report - Public Dashboard,March 2026,True,False
916,Roads & Highways,Ministry of Road Transport & Highways,National Highways Authority of India [NHAI],618602,6L of Thalikulam to Kodugallur section from km 369.015 to km 397.850 of NH - 66 old NH-17,4302,4302.06,705.39,84,2025-02-14,2026-06-30,2021-06-24,501,1,0.06000000000040018,0.0,0.164,16.4,2025,2026,2021.0,Ministry of Statistics and Programme Implementation,Infrastructure and Project Monitoring Division,PAIMANA,Projects Report - Public Dashboard,March 2026,True,False
917,Roads & Highways,Ministry of Road Transport & Highways,National Highways Authority of India [NHAI],618600,6L of Valanchery bypass to Kappirikkad of NH 66 from km. 298500 to km 335850,4024,4023.94,1466.03,99,2024-07-19,2026-04-30,2021-02-10,650,1,-0.05999999999994543,-0.0,0.3643,36.43,2024,2026,2021.0,Ministry of Statistics and Programme Implementation,Infrastructure and Project Monitoring Division,PAIMANA,Projects Report - Public Dashboard,March 2026,True,False
918,Roads & Highways,Ministry of Road Transport & Highways,National Highways Authority of India [NHAI],618771,6L of Varadharajula to Kumarajapet from km 0.000 to km 43.800 of NH-716B Pkg-I,1925,1887.38,947.66,99,2024-12-05,2026-04-10,2021-02-10,491,1,-37.61999999999989,-1.95,0.4923,49.23,2024,2026,2021.0,Ministry of Statistics and Programme Implementation,Infrastructure and Project Monitoring Division,PAIMANA,Projects Report - Public Dashboard,March 2026,True,False
919,Roads & Highways,Ministry of Road Transport & Highways,National Highways Authority of India [NHAI],618634,6L of Veera Kaveri Raja Puram to Pondavakkam from km 61.380 to km 96.040 of NH 716B Pkg-III,1440,1439.77,685.7,99,2025-01-24,2026-04-10,2021-03-31,441,1,-0.2300000000000182,-0.02,0.4762,47.62,2025,2026,2021.0,Ministry of Statistics and Programme Implementation,Infrastructure and Project Monitoring Division,PAIMANA,Projects Report - Public Dashboard,March 2026,True,False
921,Roads & Highways,Ministry of Road Transport & Highways,National Highways Authority of India [NHAI],618711,6L with access control provision Saharanpur bypass to Ganeshpur section from 13.89 Km to 41.820 Km of Delhi- Dehradun Economic Corridor package-2,797,560.03,499.72,99,2024-11-03,2026-04-15,2022-04-28,528,1,-236.97000000000003,-29.73,0.627,62.7,2024,2026,2022.0,Ministry of Statistics and Programme Implementation,Infrastructure and Project Monitoring Division,PAIMANA,Projects Report - Public Dashboard,March 2026,True,False
922,Roads & Highways,Ministry of Road Transport & Highways,National Highways Authority of India [NHAI],618564,6L with PS of Samakhiyali to Santalpur section from km. 339.700 to Km. 430.100 of NH-27,1554,34.34,27.83,51,2025-12-27,2027-01-11,2023-01-17,380,1,-1519.66,-97.79,0.0179,1.79,2025,2027,2023.0,Ministry of Statistics and Programme Implementation,Infrastructure and Project Monitoring Division,PAIMANA,Projects Report - Public Dashboard,March 2026,True,False
923,Roads & Highways,Ministry of Road Transport & Highways,National Highways Authority of India [NHAI],619090,8L of Dwarka Expressway Pkg-II RuB near Dwarka Sector 21-DL/HR Border from 5.300 Km.to 9.500 Km. of NH-248BB,2068,2670.22,1886.88,100,2021-10-16,2026-04-30,2018-01-18,1657,1,602.2199999999998,29.12,0.9124,91.24,2021,2026,2018.0,Ministry of Statistics and Programme Implementation,Infrastructure and Project Monitoring Division,PAIMANA,Projects Report - Public Dashboard,March 2026,True,False
924,Roads & Highways,Ministry of Road Transport & Highways,National Highways Authority of India [NHAI],619161,Access Controlled Highway of 4 Lane with Paved Shoulders from Tiruvallur Design Chainage Km 1756 to TN/AP Broder Design Chainage Km 6151 of NH-716 Chennai-Tirupati Package-1,1376,1247.7,133.95,34,2026-12-27,2026-12-27,2024-03-07,0,0,-128.29999999999995,-9.32,0.0973,9.73,2026,2026,2024.0,Ministry of Statistics and Programme Implementation,Infrastructure and Project Monitoring Division,PAIMANA,Projects Report - Public Dashboard,March 2026,True,False
925,Roads & Highways,Ministry of Road Transport & Highways,National Highways Authority of India [NHAI],618920,Access Controlled Highway of 4 Lane with Paved Shoulders from TN/AP Border Design Chainage Km 6151 to Puttur Design Chainage Km 81540 of NH-716 & 6 Lane with Paved Shoulders from Mallavaram to Renigunta,1347,1260.37,128.38,34,2026-12-13,2026-12-13,2024-03-11,0,0,-86.63000000000011,-6.43,0.0953,9.53,2026,2026,2024.0,Ministry of Statistics and Programme Implementation,Infrastructure and Project Monitoring Division,PAIMANA,Projects Report - Public Dashboard,March 2026,True,False
926,Roads & Highways,Ministry of Road Transport & Highways,National Highways Authority of India [NHAI],618505,Additional Structures on 6LGurgaon-Jaipur Section of NH-48 between KM 42.700 to KM 273.00,410,290.64,191.99,87,2024-06-25,2026-05-31,2022-08-03,705,1,-119.36000000000001,-29.11,0.4683,46.83,2024,2026,2022.0,Ministry of Statistics and Programme Implementation,Infrastructure and Project Monitoring Division,PAIMANA,Projects Report - Public Dashboard,March 2026,True,False
927,Roads & Highways,Ministry of Road Transport & Highways,National Highways Authority of India [NHAI],618620,"Additional works 2VUPs, MR-10 junction flyover and underpass in Six lane Indore-Dewas section of NH-52 in the state of Madhya Pradesh on EPC Mode",208,211.27,108.66,65,2024-07-17,2026-06-06,2022-08-04,689,1,3.2700000000000102,1.57,0.5224,52.24,2024,2026,2022.0,Ministry of Statistics and Programme Implementation,Infrastructure and Project Monitoring Division,PAIMANA,Projects Report - Public Dashboard,March 2026,True,False
928,Roads & Highways,Ministry of Road Transport & Highways,National Highways Authority of India [NHAI],618707,Additional works under BM1 to ensure road safety under 6L of Bengaluru Mysuru Access control with close toll from Km.17.300 to Km.136.300 of NH-275,738,,0.0,5,2028-01-19,2028-01-19,2024-11-08,0,0,,,0.0,0.0,2028,2028,2024.0,Ministry of Statistics and Programme Implementation,Infrastructure and Project Monitoring Division,PAIMANA,Projects Report - Public Dashboard,March 2026,True,False
929,Roads & Highways,Ministry of Road Transport & Highways,National Highways Authority of India [NHAI],618501,Ahmedabad - Dholera Pkg I from km. 0.00 to km. 22.00 [Sardar Patel Ring Road - Sindhrej Village],1298,1421.05,1007.59,100,2024-01-10,2026-04-30,2020-05-05,841,1,123.04999999999995,9.48,0.7763,77.63,2024,2026,2020.0,Ministry of Statistics and Programme Implementation,Infrastructure and Project Monitoring Division,PAIMANA,Projects Report - Public Dashboard,March 2026,True,False
930,Roads & Highways,Ministry of Road Transport & Highways,National Highways Authority of India [NHAI],618502,Ahmedabad - Dholera Pkg II from km. 22.00 to km. 48.52 [Sindhrej Village - Vejallka Village],1415,1729.69,1345.38,99,2024-01-21,2026-04-30,2020-05-05,830,1,314.69000000000005,22.24,0.9508,95.08,2024,2026,2020.0,Ministry of Statistics and Programme Implementation,Infrastructure and Project Monitoring Division,PAIMANA,Projects Report - Public Dashboard,March 2026,True,False
931,Roads & Highways,Ministry of Road Transport & Highways,National Highways Authority of India [NHAI],618503,Ahmedabad - Dholera Pkg III from km. 48.52 to km. 71.06 [Vejallka Village - Start of DSIR zone],1034,1155.41,947.67,100,2023-07-19,2026-04-30,2020-05-05,1016,1,121.41000000000008,11.74,0.9165,91.65,2023,2026,2020.0,Ministry of Statistics and Programme Implementation,Infrastructure and Project Monitoring Division,PAIMANA,Projects Report - Public Dashboard,March 2026,True,False
932,Roads & Highways,Ministry of Road Transport & Highways,National Highways Authority of India [NHAI],618504,Ahmedabad - Dholera Pkg IV from km. 71.06 to km. 109.019 [Start of DSIR zone - Adhelai Village],1182,1358.73,1203.89,98,2023-12-13,2026-04-30,2020-05-05,869,1,176.73000000000002,14.95,1.0185,101.85,2023,2026,2020.0,Ministry of Statistics and Programme Implementation,Infrastructure and Project Monitoring Division,PAIMANA,Projects Report - Public Dashboard,March 2026,True,False
933,Roads & Highways,Ministry of Road Transport & Highways,National Highways Authority of India [NHAI],618636,Akkalkot MH/KN border New Greenfield corridor from Km 512.000 to Km 548.400 of NH-150C part of Akkalkot KN/TS Border section Package XIV,1371,1403.49,212.1,44,2026-10-02,2026-10-02,2023-03-28,0,0,32.49000000000001,2.37,0.1547,15.47,2026,2026,2023.0,Ministry of Statistics and Programme Implementation,Infrastructure and Project Monitoring Division,PAIMANA,Projects Report - Public Dashboard,March 2026,True,False
934,Roads & Highways,Ministry of Road Transport & Highways,National Highways Authority of India [NHAI],619122,Akshardham - DL/UP Border Pkg-01,1479,1476.75,1327.39,100,2024-12-23,2026-04-16,2020-09-08,479,1,-2.25,-0.15,0.8975,89.75,2024,2026,2020.0,Ministry of Statistics and Programme Implementation,Infrastructure and Project Monitoring Division,PAIMANA,Projects Report - Public Dashboard,March 2026,True,False
935,Roads & Highways,Ministry of Road Transport & Highways,National Highways Authority of India [NHAI],618692,Aligarh-Kanpur Pkg I [Aligarh-Bhadwas],1227,2069.6,646.5,100,2022-06-06,2026-04-05,2018-03-01,1399,1,842.5999999999999,68.67,0.5269,52.69,2022,2026,2018.0,Ministry of Statistics and Programme Implementation,Infrastructure and Project Monitoring Division,PAIMANA,Projects Report - Public Dashboard,March 2026,True,False
936,Roads & Highways,Ministry of Road Transport & Highways,National Highways Authority of India [NHAI],618795,Amritsar Bypass Pkg III from km. 71.496 to km. 105.158,1475,1228.42,864.5,85,2024-08-30,2026-07-31,2021-02-11,700,1,-246.57999999999993,-16.72,0.5861,58.61,2024,2026,2021.0,Ministry of Statistics and Programme Implementation,Infrastructure and Project Monitoring Division,PAIMANA,Projects Report - Public Dashboard,March 2026,True,False
937,Roads & Highways,Ministry of Road Transport & Highways,National Highways Authority of India [NHAI],618794,Amritsarairport Junction - Ramdas from km. 100.835 to km. 139.813 Pkg - IV,525,416.58,380.9,95,2023-09-17,2026-05-31,2020-12-31,987,1,-108.42000000000002,-20.65,0.7255,72.55,2023,2026,2020.0,Ministry of Statistics and Programme Implementation,Infrastructure and Project Monitoring Division,PAIMANA,Projects Report - Public Dashboard,March 2026,True,False
938,Roads & Highways,Ministry of Road Transport & Highways,National Highways Authority of India [NHAI],618774,Ara - Mohania Pkg-II,985,827.51,798.12,100,2023-07-16,2025-11-30,2020-08-11,868,1,-157.49,-15.99,0.8103,81.03,2023,2025,2020.0,Ministry of Statistics and Programme Implementation,Infrastructure and Project Monitoring Division,PAIMANA,Projects Report - Public Dashboard,March 2026,True,False
939,Roads & Highways,Ministry of Road Transport & Highways,National Highways Authority of India [NHAI],618775,Ara Bypass,226,,0.49,8,2027-04-05,2027-04-05,2025-03-19,0,0,,,0.0022,0.22,2027,2027,2025.0,Ministry of Statistics and Programme Implementation,Infrastructure and Project Monitoring Division,PAIMANA,Projects Report - Public Dashboard,March 2026,True,False
940,Roads & Highways,Ministry of Road Transport & Highways,MoRTH,617947,Arawali Kante section of NH-17New NH-66 4L PS from Km.241/300 to 281/300,1007,1443.09,0.0,80,2019-11-13,2026-03-31,2016-03-31,2330,1,436.0899999999999,43.31,0.0,0.0,2019,2026,2016.0,Ministry of Statistics and Programme Implementation,Infrastructure and Project Monitoring Division,PAIMANA,Projects Report - Public Dashboard,March 2026,True,False
941,Roads & Highways,Ministry of Road Transport & Highways,National Highways Authority of India [NHAI],618604,Aroor-Thuravoor Thekku,2430,2382.83,1677.4,84,2026-01-30,2026-06-30,2022-08-18,151,1,-47.17000000000007,-1.94,0.6903,69.03,2026,2026,2022.0,Ministry of Statistics and Programme Implementation,Infrastructure and Project Monitoring Division,PAIMANA,Projects Report - Public Dashboard,March 2026,True,False
942,Roads & Highways,Ministry of Road Transport & Highways,National Highways Authority of India [NHAI],618839,Aunta - Simaria including Ganga Bridge,1309,2107.68,812.81,100,2022-02-07,2026-04-10,2017-01-12,1523,1,798.6799999999998,61.01,0.6209,62.09,2022,2026,2017.0,Ministry of Statistics and Programme Implementation,Infrastructure and Project Monitoring Division,PAIMANA,Projects Report - Public Dashboard,March 2026,True,False
943,Roads & Highways,Ministry of Road Transport & Highways,National Highways Authority of India [NHAI],619152,Bakhtiyarpur Km 153.300 to Mokama Km 197.900,1183,1898.84,867.69,100,2019-12-10,2026-04-30,2015-12-01,2333,1,715.8399999999999,60.51,0.7335,73.35,2019,2026,2015.0,Ministry of Statistics and Programme Implementation,Infrastructure and Project Monitoring Division,PAIMANA,Projects Report - Public Dashboard,March 2026,True,False
944,Roads & Highways,Ministry of Road Transport & Highways,National Highways Authority of India [NHAI],618861,Bakhtiyarpur-Rajauli Pkg-II from km. 54.405 to km.101.630,897,1397.47,838.02,98,2023-07-11,2026-04-30,2020-09-09,1024,1,500.47,55.79,0.9342,93.42,2023,2026,2020.0,Ministry of Statistics and Programme Implementation,Infrastructure and Project Monitoring Division,PAIMANA,Projects Report - Public Dashboard,March 2026,True,False
945,Roads & Highways,Ministry of Road Transport & Highways,National Highways Authority of India [NHAI],618862,Bakhtiyarpur-Rajauli Pkg-III from km. 101.630 to km.152.520,2156,3046.61,1589.83,99,2024-06-27,2026-04-30,2020-09-09,672,1,890.6100000000001,41.31,0.7374,73.74,2024,2026,2020.0,Ministry of Statistics and Programme Implementation,Infrastructure and Project Monitoring Division,PAIMANA,Projects Report - Public Dashboard,March 2026,True,False
946,Roads & Highways,Ministry of Road Transport & Highways,National Highways Authority of India [NHAI],618637,Bal. Works of Fagne Km. 510.000 to Maharashtra/Gujarat Border Km. 650.794,1654,1672.89,1328.25,98,2022-09-18,2026-04-30,2019-12-27,1320,1,18.8900000000001,1.14,0.8031,80.31,2022,2026,2019.0,Ministry of Statistics and Programme Implementation,Infrastructure and Project Monitoring Division,PAIMANA,Projects Report - Public Dashboard,March 2026,True,False
947,Roads & Highways,Ministry of Road Transport & Highways,National Highways Authority of India [NHAI],618569,Balance work - WB-10 Gandak Bridge Km 402.00 to Km 440.00 Devanpur - Kotwa,210,358.3,115.35,64,2024-01-30,2026-12-31,2021-11-10,1066,1,148.3,70.62,0.5493,54.93,2024,2026,2021.0,Ministry of Statistics and Programme Implementation,Infrastructure and Project Monitoring Division,PAIMANA,Projects Report - Public Dashboard,March 2026,True,False
948,Roads & Highways,Ministry of Road Transport & Highways,National Highways Authority of India [NHAI],618942,Balance work of 2L PS from Km 30.800 to Km 70.800 and 2L with Rigid Carriageway from Km 70.800 to km 84.120 of Khanapur- KA/GOA Border section of NH-4A,227,149.44,103.98,82,2024-05-21,2026-11-30,2022-01-17,923,1,-77.56,-34.17,0.4581,45.81,2024,2026,2022.0,Ministry of Statistics and Programme Implementation,Infrastructure and Project Monitoring Division,PAIMANA,Projects Report - Public Dashboard,March 2026,True,False
949,Roads & Highways,Ministry of Road Transport & Highways,NHAI,619089,Balance work of 4L of NarimbangloJatinga Junction- Harangajoroad section from Km 0.000 to Km 49.230 of NH-27,1910,2745.74,1170.13,93,2026-01-15,2026-06-30,2022-03-03,166,1,835.7399999999998,43.76,0.6126,61.26,2026,2026,2022.0,Ministry of Statistics and Programme Implementation,Infrastructure and Project Monitoring Division,PAIMANA,Projects Report - Public Dashboard,March 2026,True,False
950,Roads & Highways,Ministry of Road Transport & Highways,National Highways Authority of India [NHAI],618701,Balance work of 4L of Nauradehi Sanctuary de-scoped stretch of Hiran River to Sindoor River from Km. 66.00 to 130.00 NH-12 New NH-45,178,153.15,142.2,57,2023-07-18,2024-04-08,2021-01-04,265,1,-24.849999999999994,-13.96,0.7989,79.89,2023,2024,2021.0,Ministry of Statistics and Programme Implementation,Infrastructure and Project Monitoring Division,PAIMANA,Projects Report - Public Dashboard,March 2026,True,False
951,Roads & Highways,Ministry of Road Transport & Highways,National Highways Authority of India [NHAI],618594,Balance work of 4L Panvel to Indapur section of NH-66 Old NH- 17 from km 0.000 Panvel to km 42.300 Kasu,330,196.87,183.78,97,2024-10-22,2026-04-30,2022-12-13,555,1,-133.13,-40.34,0.5569,55.69,2024,2026,2022.0,Ministry of Statistics and Programme Implementation,Infrastructure and Project Monitoring Division,PAIMANA,Projects Report - Public Dashboard,March 2026,True,False
952,Roads & Highways,Ministry of Road Transport & Highways,National Highways Authority of India [NHAI],618592,"Balance work of 8 nos. of Elephant Underpasses EUPs, 1 no. of Vehicular Underpass VUP, 1 nos. of Light Vehicular Underpass LVUP, 1 nos. of Pedestrian Underpass PUP, 1 nos. of Foot Over Bridge FOB and A2 side approach of Jharpokharia Flyover at Km.215.270 in Baharagora-Singhara section of NH-49",321,244.85,16.35,16,2026-05-02,2027-03-31,2023-09-26,333,1,-76.15,-23.72,0.0509,5.09,2026,2027,2023.0,Ministry of Statistics and Programme Implementation,Infrastructure and Project Monitoring Division,PAIMANA,Projects Report - Public Dashboard,March 2026,True,False
953,Roads & Highways,Ministry of Road Transport & Highways,NHIDCL,618296,Balance work of Construction of 2-lane with hard shoulder of Kohima - Jessami road on NH-29 old NH-150 from existing km 98.380 near Chizami vill. to km120.367 Nagaland/Manipur Border [Design km 95.700 to design km 117.200] [Design Length 21.500 km] in the state of Nagaland Under Bharatmala Pariyojna on EPC Mode Package-V under NHO,331,,0.0,93,2025-11-21,2026-05-31,2020-03-30,191,1,,,0.0,0.0,2025,2026,2020.0,Ministry of Statistics and Programme Implementation,Infrastructure and Project Monitoring Division,PAIMANA,Projects Report - Public Dashboard,March 2026,True,False
954,Roads & Highways,Ministry of Road Transport & Highways,MoRTH,618009,Balance work of Construction of Ring Road for Raebareli City on eastern side of NH-24B Phase-1 on EPC mode.,320,347.8,0.0,95,2022-04-04,2026-06-30,2019-12-10,1548,1,27.80000000000001,8.69,0.0,0.0,2022,2026,2019.0,Ministry of Statistics and Programme Implementation,Infrastructure and Project Monitoring Division,PAIMANA,Projects Report - Public Dashboard,March 2026,True,False
955,Roads & Highways,Ministry of Road Transport & Highways,MoRTH,618031,Balance work of Construction of Two/Four lane with paved shoulder from Km 422.000 to 523.600 Chitradurga to Shivamogga of NH-13 in the state of Kanataka on EPC mode.,517,,105.04,75,2025-12-30,2026-08-30,2021-01-01,243,1,,,0.2032,20.32,2025,2026,2021.0,Ministry of Statistics and Programme Implementation,Infrastructure and Project Monitoring Division,PAIMANA,Projects Report - Public Dashboard,March 2026,True,False
956,Roads & Highways,Ministry of Road Transport & Highways,MoRTH,617945,Balance work of NH-66 from design Km 84/00 to Km 87/100 Indapur Bypass and Km 91/600 to Km 99/100 Mangaon Bypass to four lane with paved shoulder in State of Maharashtra under NHO on EPC Mode.,354,,0.0,47,2027-04-08,2027-04-08,2025-03-23,0,0,,,0.0,0.0,2027,2027,2025.0,Ministry of Statistics and Programme Implementation,Infrastructure and Project Monitoring Division,PAIMANA,Projects Report - Public Dashboard,March 2026,True,False
957,Roads & Highways,Ministry of Road Transport & Highways,National Highways Authority of India [NHAI],618819,Balance work of Panikoili Rimoli Section of new NH-20 from Km 0.00 to Km. 163.000,183,200.79,89.36,99,2022-03-11,2022-07-10,2020-09-08,121,1,17.789999999999992,9.72,0.4883,48.83,2022,2022,2020.0,Ministry of Statistics and Programme Implementation,Infrastructure and Project Monitoring Division,PAIMANA,Projects Report - Public Dashboard,March 2026,True,False
958,Roads & Highways,Ministry of Road Transport & Highways,MoRTH,618198,Balance work of Rehabilitation and Up-gradation to 2-lane road with paved shoulders configuration for NH- 965DD from Pacharal-Mandangad-Mhapral-Rajewadi Upto Junction of NH-66 Ch-22700 to 75100 Km and Ambadave connector Birth place of Dr. Babasaheb Ambedkar Ch-0000 to 7325 Km length Km 59.725 in the state of Maharashtra on EPC mode. Balance Work,389,341.69,0.0,93,2024-01-04,2026-06-30,2018-03-27,908,1,-47.31,-12.16,0.0,0.0,2024,2026,2018.0,Ministry of Statistics and Programme Implementation,Infrastructure and Project Monitoring Division,PAIMANA,Projects Report - Public Dashboard,March 2026,True,False
959,Roads & Highways,Ministry of Road Transport & Highways,MoRTH,618235,Balance work of Rehabilitation and Up-gradation to 4-Lane configuration of Ras-Beawar Section Km 00.000 to km 30.050 of NH-158 in the State of Rajasthan under Green National Highway Corridor Project GNHCP.,278,,28.44,37,2026-12-27,2026-12-27,2025-01-10,0,0,,,0.1023,10.23,2026,2026,2025.0,Ministry of Statistics and Programme Implementation,Infrastructure and Project Monitoring Division,PAIMANA,Projects Report - Public Dashboard,March 2026,True,False
960,Roads & Highways,Ministry of Road Transport & Highways,National Highways Authority of India [NHAI],618593,Balance work of Rehabilitation and Upgradation to four laning of Baharagora Singhara section of NH-49 from Km.229.727 to Km.238.990 Length 9.263 Km. including construction of five nos. of Elephant Underpasses EUP and fourteen nos. of Animal Underpasses AUP inside the buffer zone of Similipal Tiger Reserve Area in Bangriposi Ghat section in the State of Odisha on EPC Mode,263,163.07,8.76,8,2027-11-22,2027-11-22,2025-03-21,0,0,-99.93,-38.0,0.0333,3.33,2027,2027,2025.0,Ministry of Statistics and Programme Implementation,Infrastructure and Project Monitoring Division,PAIMANA,Projects Report - Public Dashboard,March 2026,True,False
961,Roads & Highways,Ministry of Road Transport & Highways,MoRTH,617954,Balance work of Rehabilitation and upgrading to 2lane/2lane with paved shoulder configuration and strengthening from from Km 343.80 to 400.33 of Gowribidanur-Chik Ballapur section in the state of Karnataka Under Annual Plan 2021-22 under EPC Mode.-952,398,,211.59,93,2025-02-23,2026-04-30,2022-03-31,431,1,,,0.5316,53.16,2025,2026,2022.0,Ministry of Statistics and Programme Implementation,Infrastructure and Project Monitoring Division,PAIMANA,Projects Report - Public Dashboard,March 2026,True,False
962,Roads & Highways,Ministry of Road Transport & Highways,National Highways Authority of India [NHAI],618507,"Balance work of Six Laning of Shamlaji-Motachiloda from Km. 401.200 to Km.494.410 section Design Chainage Km.447.385 to Km 540.595, Length- 93.210 Km of old NH-8 NH-48 in the state of Gujarat on single Percentage Item Rate Contract",467,501.48,432.48,84,2025-06-06,2026-04-30,2024-06-07,328,1,34.48000000000002,7.38,0.9261,92.61,2025,2026,2024.0,Ministry of Statistics and Programme Implementation,Infrastructure and Project Monitoring Division,PAIMANA,Projects Report - Public Dashboard,March 2026,True,False
963,Roads & Highways,Ministry of Road Transport & Highways,NHIDCL,618349,Balance work of Widening to 2 Two lane with hard shoulder of Churachandpur to Tuivai section of NH-102B from Design Chainage km 118850 to km 130000 Package-4A in the State of Manipur on EPC Mode,204,,0.0,21,2026-08-29,2026-08-29,2020-04-27,0,0,,,0.0,0.0,2026,2026,2020.0,Ministry of Statistics and Programme Implementation,Infrastructure and Project Monitoring Division,PAIMANA,Projects Report - Public Dashboard,March 2026,True,False
964,Roads & Highways,Ministry of Road Transport & Highways,NHIDCL,618348,Balance work of Widening to 2 Two lane with hard shoulder of Churachandpur to Tuivai section of NH-102B from km 130.000 to km 141.029 Package-4B in the State of Manipur on EPC Mode,178,,1.41,1,2026-11-07,2026-11-07,2020-06-15,0,0,,,0.0079,0.79,2026,2026,2020.0,Ministry of Statistics and Programme Implementation,Infrastructure and Project Monitoring Division,PAIMANA,Projects Report - Public Dashboard,March 2026,True,False
965,Roads & Highways,Ministry of Road Transport & Highways,National Highways Authority of India [NHAI],618898,Balance Works for Four laning of Vikravandi to Sethiyathope section from Km 0.0 to Km 65.96 of NH-45C in Tamil Nadu under NHDP Phase-IV on EPC mode,1163,834.46,138.72,22,2027-06-24,2027-06-24,2025-01-22,0,0,-328.53999999999996,-28.25,0.1193,11.93,2027,2027,2025.0,Ministry of Statistics and Programme Implementation,Infrastructure and Project Monitoring Division,PAIMANA,Projects Report - Public Dashboard,March 2026,True,False
966,Roads & Highways,Ministry of Road Transport & Highways,National Highways Authority of India [NHAI],618522,Balance Works for six laning of Sriperumbudur to karaipettai section of NH-4 New NH-48 from 37000 Existing Km 37000 to Km 71015 Existing Km 71000 in Tamilnadu on EPC mode underNHDP Phase-V,411,411.16,75.77,28,2026-10-27,2026-10-27,2024-06-07,0,0,0.160000000000025,0.04,0.1844,18.44,2026,2026,2024.0,Ministry of Statistics and Programme Implementation,Infrastructure and Project Monitoring Division,PAIMANA,Projects Report - Public Dashboard,March 2026,True,False
967,Roads & Highways,Ministry of Road Transport & Highways,National Highways Authority of India [NHAI],619160,Balance works in AP Portion and punch list items in TN & AP portion of NH-205,167,113.46,98.26,100,2025-01-04,2026-01-05,2022-10-06,366,1,-53.540000000000006,-32.06,0.5884,58.84,2025,2026,2022.0,Ministry of Statistics and Programme Implementation,Infrastructure and Project Monitoring Division,PAIMANA,Projects Report - Public Dashboard,March 2026,True,False
968,Roads & Highways,Ministry of Road Transport & Highways,NHAI,618784,Balance works of 4 lane divided carriageway of Missing Link section of NH-39 Rewa Bypass from junction with NH 30 near Bela to Junction with MPRDC ring road near Silpara on SH 9 design length 13.100 km on EPC Mode under Bharatmala Pariyojana in the State of Madhya Pradesh,355,355.36,189.7,80,2026-04-23,2026-04-23,2023-08-16,0,0,0.36000000000001364,0.1,0.5344,53.44,2026,2026,2023.0,Ministry of Statistics and Programme Implementation,Infrastructure and Project Monitoring Division,PAIMANA,Projects Report - Public Dashboard,March 2026,True,False
969,Roads & Highways,Ministry of Road Transport & Highways,National Highways Authority of India [NHAI],618574,Balance Works of 4L of NH-31D from Km. 113.200 to Km. 154.854 Package-II A Ghoshpukur-Salsalabari Section,1818,962.31,443.7,55,2027-06-01,2027-06-01,2023-11-14,0,0,-855.69,-47.07,0.2441,24.41,2027,2027,2023.0,Ministry of Statistics and Programme Implementation,Infrastructure and Project Monitoring Division,PAIMANA,Projects Report - Public Dashboard,March 2026,True,False
970,Roads & Highways,Ministry of Road Transport & Highways,National Highways Authority of India [NHAI],619222,"Balance works of four lane from km 43.950 Thiruvallur Bypass to km 61.470 Veppampattu Bypass passing through Thannerkulam, Thozur and Sevapet Bypass 17.520 kms of Tirupathi- Tiruttani- Chennai section of NH 205",468,699.68,443.83,98,2024-09-20,2026-04-30,2022-03-08,587,1,231.67999999999995,49.5,0.9484,94.84,2024,2026,2022.0,Ministry of Statistics and Programme Implementation,Infrastructure and Project Monitoring Division,PAIMANA,Projects Report - Public Dashboard,March 2026,True,False
971,Roads & Highways,Ministry of Road Transport & Highways,National Highways Authority of India [NHAI],619199,Bangalore Chennai Expressway Phase-II Pkg-I from km.71.000 to Km 96.000 Bethamangala in the state of Karnataka to Byreddypalli,1410,1410.01,240.02,98,2024-10-09,2022-10-10,2020-12-04,0,0,0.009999999999990905,0.0,0.1702,17.02,2024,2022,2020.0,Ministry of Statistics and Programme Implementation,Infrastructure and Project Monitoring Division,PAIMANA,Projects Report - Public Dashboard,March 2026,True,False
972,Roads & Highways,Ministry of Road Transport & Highways,National Highways Authority of India [NHAI],618475,Bangalore Chennai Expressway Phase-II Pkg-II from km.96.000 to Km 127.000 Baireddypalle to Bangarupalem section,2548,2548.04,1079.25,90,2025-06-07,2026-06-17,2021-02-19,375,1,0.03999999999996362,0.0,0.4236,42.36,2025,2026,2021.0,Ministry of Statistics and Programme Implementation,Infrastructure and Project Monitoring Division,PAIMANA,Projects Report - Public Dashboard,March 2026,True,False
973,Roads & Highways,Ministry of Road Transport & Highways,National Highways Authority of India [NHAI],618476,Bangalore Chennai Expressway Phase-II Pkg-III from km.127.000 to Km 156.000 Bangarupalem to Gudipala section,1407,1407.33,675.64,99,2024-10-03,2026-04-10,2020-11-23,554,1,0.32999999999992724,0.02,0.4802,48.02,2024,2026,2020.0,Ministry of Statistics and Programme Implementation,Infrastructure and Project Monitoring Division,PAIMANA,Projects Report - Public Dashboard,March 2026,True,False
974,Roads & Highways,Ministry of Road Transport & Highways,National Highways Authority of India [NHAI],618477,Bangalore Chennai Expressway Phase-III Package I Gudipala to Walajajhpet from Km 156.000 to Km 180.000,1482,1481.87,678.68,97,2024-05-28,2026-04-30,2020-10-21,702,1,-0.13000000000010914,-0.01,0.4579,45.79,2024,2026,2020.0,Ministry of Statistics and Programme Implementation,Infrastructure and Project Monitoring Division,PAIMANA,Projects Report - Public Dashboard,March 2026,True,False
975,Roads & Highways,Ministry of Road Transport & Highways,National Highways Authority of India [NHAI],618478,Bangalore Chennai Expressway Phase-III Package II Walajahpet to Arakkonam from Km 180.000 to Km 204.500,1107,1106.65,538.86,93,2024-07-14,2026-04-30,2021-01-08,655,1,-0.34999999999990905,-0.03,0.4868,48.68,2024,2026,2021.0,Ministry of Statistics and Programme Implementation,Infrastructure and Project Monitoring Division,PAIMANA,Projects Report - Public Dashboard,March 2026,True,False
976,Roads & Highways,Ministry of Road Transport & Highways,National Highways Authority of India [NHAI],618479,Bangalore Chennai Expressway Phase-III Package III Arakkonam to Kancheepuram from Km 204.500 to Km 230.000,1525,1525.1,353.88,54,2024-07-29,2027-03-31,2020-12-08,975,1,0.09999999999990905,0.01,0.2321,23.21,2024,2027,2020.0,Ministry of Statistics and Programme Implementation,Infrastructure and Project Monitoring Division,PAIMANA,Projects Report - Public Dashboard,March 2026,True,False
977,Roads & Highways,Ministry of Road Transport & Highways,National Highways Authority of India [NHAI],618519,Bangalore Ring Road STRR-NH-948A- Package-I of Phase-III from Belagondapalli TN to TN/KNT border from km 144.480 to 179.969,1261,1218.47,562.31,76,2025-05-16,2026-09-30,2022-03-16,502,1,-42.52999999999997,-3.37,0.4459,44.59,2025,2026,2022.0,Ministry of Statistics and Programme Implementation,Infrastructure and Project Monitoring Division,PAIMANA,Projects Report - Public Dashboard,March 2026,True,False
978,Roads & Highways,Ministry of Road Transport & Highways,National Highways Authority of India [NHAI],618706,Bangalore-Nidagatta Pkg. I,3496,4087.42,1375.0,99,2021-11-09,2026-04-30,2018-02-13,1633,1,591.4200000000001,16.92,0.3933,39.33,2021,2026,2018.0,Ministry of Statistics and Programme Implementation,Infrastructure and Project Monitoring Division,PAIMANA,Projects Report - Public Dashboard,March 2026,True,False
979,Roads & Highways,Ministry of Road Transport & Highways,National Highways Authority of India [NHAI],619072,Bangalore/TN border to Hoskote,1182,1297.76,775.99,94,2025-02-14,2026-07-31,2022-02-14,532,1,115.75999999999999,9.79,0.6565,65.65,2025,2026,2022.0,Ministry of Statistics and Programme Implementation,Infrastructure and Project Monitoring Division,PAIMANA,Projects Report - Public Dashboard,March 2026,True,False
980,Roads & Highways,Ministry of Road Transport & Highways,National Highways Authority of India [NHAI],618863,Barhi-Koderma Section of NH31 km 0.00 - km 27.5,662,826.59,478.47,98,2024-08-03,2026-04-30,2017-02-27,635,1,164.59000000000003,24.86,0.7228,72.28,2024,2026,2017.0,Ministry of Statistics and Programme Implementation,Infrastructure and Project Monitoring Division,PAIMANA,Projects Report - Public Dashboard,March 2026,True,False
981,Roads & Highways,Ministry of Road Transport & Highways,National Highways Authority of India [NHAI],618533,Barwa Adda Km. 398.240 to Panagarh Km. 521.120,1560,1568.22,90.45,100,2016-09-26,2026-04-08,2010-08-17,3481,1,8.220000000000027,0.53,0.058,5.8,2016,2026,2010.0,Ministry of Statistics and Programme Implementation,Infrastructure and Project Monitoring Division,PAIMANA,Projects Report - Public Dashboard,March 2026,True,False
982,Roads & Highways,Ministry of Road Transport & Highways,MoRTH,617887,Beawer Gomti 4LPS from km 58.245 to km 108.600 Pkg-I,379,,179.11,99,2023-10-13,2025-12-31,2020-12-02,810,1,,,0.4726,47.26,2023,2025,2020.0,Ministry of Statistics and Programme Implementation,Infrastructure and Project Monitoring Division,PAIMANA,Projects Report - Public Dashboard,March 2026,True,False
983,Roads & Highways,Ministry of Road Transport & Highways,National Highways Authority of India [NHAI],618799,Belakeri Port to Kumta - Sirsi road from km 0.00 - km 4.265 of Belekeri Port Road Link Rd. and km 4.965 - km 60.00 of SH-69,457,456.79,395.56,90,2022-12-07,2026-05-04,2018-03-27,1244,1,-0.20999999999997954,-0.05,0.8656,86.56,2022,2026,2018.0,Ministry of Statistics and Programme Implementation,Infrastructure and Project Monitoring Division,PAIMANA,Projects Report - Public Dashboard,March 2026,True,False
984,Roads & Highways,Ministry of Road Transport & Highways,National Highways Authority of India [NHAI],619164,Belgaum-Khanapur Pkg I Km 0.000-Km 30.800 of NH-4A,1214,1195.74,479.2,71,2021-09-02,2027-03-31,2018-03-04,2036,1,-18.25999999999999,-1.5,0.3947,39.47,2021,2027,2018.0,Ministry of Statistics and Programme Implementation,Infrastructure and Project Monitoring Division,PAIMANA,Projects Report - Public Dashboard,March 2026,True,False
985,Roads & Highways,Ministry of Road Transport & Highways,MoRTH,617908,Bemetara Bypass NH 30,162,,0.0,32,2027-04-28,2027-04-28,2024-01-08,0,0,,,0.0,0.0,2027,2027,2024.0,Ministry of Statistics and Programme Implementation,Infrastructure and Project Monitoring Division,PAIMANA,Projects Report - Public Dashboard,March 2026,True,False
986,Roads & Highways,Ministry of Road Transport & Highways,National Highways Authority of India [NHAI],618664,Berkhedi to Godpehra on NH-44 Sagar link road,525,471.31,333.98,78,2024-11-03,2026-06-30,2022-02-03,604,1,-53.69,-10.23,0.6362,63.62,2024,2026,2022.0,Ministry of Statistics and Programme Implementation,Infrastructure and Project Monitoring Division,PAIMANA,Projects Report - Public Dashboard,March 2026,True,False
987,Roads & Highways,Ministry of Road Transport & Highways,National Highways Authority of India [NHAI],618523,Bhadrak KM 136.500 to Baleshwar KM 199.141,845,1394.82,495.58,91,2021-09-15,2026-06-30,2014-11-27,1749,1,549.8199999999999,65.07,0.5865,58.65,2021,2026,2014.0,Ministry of Statistics and Programme Implementation,Infrastructure and Project Monitoring Division,PAIMANA,Projects Report - Public Dashboard,March 2026,True,False
988,Roads & Highways,Ministry of Road Transport & Highways,National Highways Authority of India [NHAI],618925,Bijnor-Kotawali,301,334.48,247.27,97,2023-05-02,2026-04-30,2021-02-25,1094,1,33.48000000000002,11.12,0.8215,82.15,2023,2026,2021.0,Ministry of Statistics and Programme Implementation,Infrastructure and Project Monitoring Division,PAIMANA,Projects Report - Public Dashboard,March 2026,True,False
989,Roads & Highways,Ministry of Road Transport & Highways,National Highways Authority of India [NHAI],618572,Binnaguri Bypass-Descoped portion of Ghoshpukur-Dhupguri Section of NH-31Dpkg-1,310,306.02,0.15,1,2027-11-06,2027-11-06,2025-03-21,0,0,-3.980000000000018,-1.28,0.0005,0.05,2027,2027,2025.0,Ministry of Statistics and Programme Implementation,Infrastructure and Project Monitoring Division,PAIMANA,Projects Report - Public Dashboard,March 2026,True,False
990,Roads & Highways,Ministry of Road Transport & Highways,National Highways Authority of India [NHAI],618693,Bodhre - Dhule,1345,1292.7,767.85,98,2024-07-27,2026-05-31,2021-02-03,673,1,-52.299999999999955,-3.89,0.5709,57.09,2024,2026,2021.0,Ministry of Statistics and Programme Implementation,Infrastructure and Project Monitoring Division,PAIMANA,Projects Report - Public Dashboard,March 2026,True,False
991,Roads & Highways,Ministry of Road Transport & Highways,National Highways Authority of India [NHAI],618825,Bridge over Ganga River at d/s of Farraka Barrage including Approaches connecting Farakka-Raiganj,622,646.1,339.47,96,2021-12-18,2026-04-30,2018-08-09,1594,1,24.100000000000023,3.87,0.5458,54.58,2021,2026,2018.0,Ministry of Statistics and Programme Implementation,Infrastructure and Project Monitoring Division,PAIMANA,Projects Report - Public Dashboard,March 2026,True,False
992,Roads & Highways,Ministry of Road Transport & Highways,National Highways Authority of India [NHAI],619150,BRT Tiger Reserve Boundary Km.287.500 to Bangalore Section Km.458.420 of NH-209 in Karnataka,2083,2859.93,718.08,100,2019-08-20,2026-05-31,2016-04-07,2476,1,776.9299999999998,37.3,0.3447,34.47,2019,2026,2016.0,Ministry of Statistics and Programme Implementation,Infrastructure and Project Monitoring Division,PAIMANA,Projects Report - Public Dashboard,March 2026,True,False
993,Roads & Highways,Ministry of Road Transport & Highways,National Highways Authority of India [NHAI],618619,Bypass on Western side of Gwalior City,999,,15.92,0,2028-01-12,2028-01-12,2025-03-30,0,0,,,0.0159,1.59,2028,2028,2025.0,Ministry of Statistics and Programme Implementation,Infrastructure and Project Monitoring Division,PAIMANA,Projects Report - Public Dashboard,March 2026,True,False
994,Roads & Highways,Ministry of Road Transport & Highways,National Highways Authority of India [NHAI],618652,Chakur Loha Section of NH-361 from km 114.600 to km 187.80,1241,3342.11,785.13,100,2021-03-24,2024-02-21,2018-03-01,1064,1,2101.11,169.31,0.6327,63.27,2021,2024,2018.0,Ministry of Statistics and Programme Implementation,Infrastructure and Project Monitoring Division,PAIMANA,Projects Report - Public Dashboard,March 2026,True,False
995,Roads & Highways,Ministry of Road Transport & Highways,National Highways Authority of India [NHAI],618698,Challakere to Hariyur section from km 358.500 to km 414.205 of NH-150 A,1168,1873.58,843.6,100,2023-01-24,2025-06-30,2018-03-24,888,1,705.5799999999999,60.41,0.7223,72.23,2023,2025,2018.0,Ministry of Statistics and Programme Implementation,Infrastructure and Project Monitoring Division,PAIMANA,Projects Report - Public Dashboard,March 2026,True,False
996,Roads & Highways,Ministry of Road Transport & Highways,National Highways Authority of India [NHAI],619086,Chengapalli km 102.035 to Neelambur Km144.680 and Madukkarai Km 170.880 to Walayar K183.010 Package No. NS-2/BOT/TN-08,852,285.55,5.01,100,2013-03-07,2026-04-30,2009-10-18,4802,1,-566.45,-66.48,0.0059,0.59,2013,2026,2009.0,Ministry of Statistics and Programme Implementation,Infrastructure and Project Monitoring Division,PAIMANA,Projects Report - Public Dashboard,March 2026,True,False
997,Roads & Highways,Ministry of Road Transport & Highways,National Highways Authority of India [NHAI],618904,Chhapra - Hajipur from km. 143.200 to km. 209.200,2128,2171.6,98.07,90,2013-07-24,2026-04-30,2010-07-05,4663,1,43.59999999999991,2.05,0.0461,4.61,2013,2026,2010.0,Ministry of Statistics and Programme Implementation,Infrastructure and Project Monitoring Division,PAIMANA,Projects Report - Public Dashboard,March 2026,True,False
998,Roads & Highways,Ministry of Road Transport & Highways,MoRTH,618209,Construction & up gradation of existing road to 2-Lane with paved shoulder from existing chainage km 468000 to km 489350 Design Chainage km 465150 to km 471500 of NH-07 Old NH-58 including Joshimath bypass on EPC mode in the state of Uttarakhand Length 6.35 km,259,,0.0,36,2025-09-13,2027-08-27,2022-03-15,713,1,,,0.0,0.0,2025,2027,2022.0,Ministry of Statistics and Programme Implementation,Infrastructure and Project Monitoring Division,PAIMANA,Projects Report - Public Dashboard,March 2026,True,False
999,Roads & Highways,Ministry of Road Transport & Highways,NHIDCL,618449,Construction & Upgradation of existing road to 2-lane with paved shoulder from km27.200 End of Rongli bypass to km37.600New Rolep Bridge of Rhenok-Menla spur NH-717B on EPC Mode under SARDP-NE Phase-A in Sikkim Pkg-II B,230,244.91,0.0,80,2023-04-15,2026-06-30,2020-07-09,1172,1,14.909999999999997,6.48,0.0,0.0,2023,2026,2020.0,Ministry of Statistics and Programme Implementation,Infrastructure and Project Monitoring Division,PAIMANA,Projects Report - Public Dashboard,March 2026,True,False
1000,Roads & Highways,Ministry of Road Transport & Highways,NHIDCL,618446,Construction & Upgradation of existing road to 2-lane with paved shoulder from New Rolep Bridge at km 37.600 to Chochenpheri at km 52.00 in the section of Rongli to Chochenpheri of NH 717B Pkg-II C,493,478.79,0.0,77,2024-05-23,2026-06-30,2020-10-07,768,1,-14.20999999999998,-2.88,0.0,0.0,2024,2026,2020.0,Ministry of Statistics and Programme Implementation,Infrastructure and Project Monitoring Division,PAIMANA,Projects Report - Public Dashboard,March 2026,True,False
1001,Roads & Highways,Ministry of Road Transport & Highways,NHIDCL,618427,Construction & upgradation of existing road to 2-lane with paved shoulder including geometric improvement of Kafer- Lava More section from km 40.00 to km 61.100 of NH717-A on EPC under SARDP-NE A in state of West Bengal Pkg-VA,311,273.78,6.11,95,2023-04-05,2026-05-22,2020-06-25,1143,1,-37.22000000000003,-11.97,0.0196,1.96,2023,2026,2020.0,Ministry of Statistics and Programme Implementation,Infrastructure and Project Monitoring Division,PAIMANA,Projects Report - Public Dashboard,March 2026,True,False
1002,Roads & Highways,Ministry of Road Transport & Highways,NHIDCL,618429,Construction & upgradation of existing road to 2-lane with paved shoulder including geometric improvement of sect. from Pedong bypass to Reshi Border km 79.700 to km 96.254 of NH-717A under SARDP-NE-A on EPC as part of Alternate connectivity to Gangtok Lava More-Reshi Border Pkg-VB,345,395.59,395.8,94,2022-04-17,2026-05-15,2020-06-29,1489,1,50.589999999999975,14.66,1.1472,114.72,2022,2026,2020.0,Ministry of Statistics and Programme Implementation,Infrastructure and Project Monitoring Division,PAIMANA,Projects Report - Public Dashboard,March 2026,True,False
1003,Roads & Highways,Ministry of Road Transport & Highways,NHIDCL,618396,Construction & Upgradation to 2 lane with paved shoulder from Design Km. 31.449 Khellani Ex. Km 44.946 to Km 51.700 Prem Nagar Ex. Km 68617 of 20.251 Km length on Khellani - Kishtwar - Chattroo section of NH-244 in the UT of J&K on EPC Mode under NHO-Gen PKG- 1,486,,0.0,0,2022-08-28,2024-10-02,2021-02-02,766,1,,,0.0,0.0,2022,2024,2021.0,Ministry of Statistics and Programme Implementation,Infrastructure and Project Monitoring Division,PAIMANA,Projects Report - Public Dashboard,March 2026,True,False
1004,Roads & Highways,Ministry of Road Transport & Highways,NHIDCL,618395,"Construction & Upgradation to 2-lane with paved shoulder from Design Ch. Km 51700 at Premnagar km 66315 to Km 66535 New Thatri at Start of Km 83rd, Tunnel Km 82665 of 14.835 Km design length on Chenani-Sudhmahadev-Goha Khellani-Kishtwar-Vailoo Donipawa-Ashajipora section of NH-244 in the UT of J&K on EPC Mode under NHO-Gen Pkg - 2",512,,155.69,53,2023-02-24,2026-10-31,2021-03-30,1345,1,,,0.3041,30.41,2023,2026,2021.0,Ministry of Statistics and Programme Implementation,Infrastructure and Project Monitoring Division,PAIMANA,Projects Report - Public Dashboard,March 2026,True,False
1005,Roads & Highways,Ministry of Road Transport & Highways,NHIDCL,618400,Construction & Upgradation to 2-lane with paved shoulder from Design Km 67.805 at the end of Km 83rd Tunnel near Dhrabshalla Ex. Km 83905 to Km 80.675 start of Kishtwar Bypass - Dulhasti Ex. Km 970751 of 12.870 Km length on chenani-Sudhmahadev-Goha Khellani-Kishtwar-vailoo-Donipawa-Ashajipora seition of NH-244 in the UT of J&K on EPC Mode under NHO-Gen Pkg-3,399,,99.35,99,2022-12-31,2025-08-31,2021-03-30,974,1,,,0.249,24.9,2022,2025,2021.0,Ministry of Statistics and Programme Implementation,Infrastructure and Project Monitoring Division,PAIMANA,Projects Report - Public Dashboard,March 2026,True,False
1006,Roads & Highways,Ministry of Road Transport & Highways,MoRTH,617968,Construction & Widening Including Augustmuni Bypass Ch-16.545 to Ch - 19.890 to 2L/PS from Km 16.545-Km 33.130 & 45.980 -57.975 Augustmuni to Kund & Guptkashi to Sitapur on NH 109 in UK,419,,422.72,95,2020-02-16,2024-03-15,2017-03-20,1489,1,,,1.0089,100.89,2020,2024,2017.0,Ministry of Statistics and Programme Implementation,Infrastructure and Project Monitoring Division,PAIMANA,Projects Report - Public Dashboard,March 2026,True,False
1007,Roads & Highways,Ministry of Road Transport & Highways,NHIDCL,618289,Construction and up gradation to 4-Lane of existing two lane with paved shoulder from Hapachara to Tulungia road of NH-117 of existing Km 0.00 to km 14.050 and Design Km 0.000 to km 14.660 under BMP on EPC mode,225,,204.31,98,2022-12-26,2026-03-31,2020-03-17,1191,1,,,0.908,90.8,2022,2026,2020.0,Ministry of Statistics and Programme Implementation,Infrastructure and Project Monitoring Division,PAIMANA,Projects Report - Public Dashboard,March 2026,True,False
1010,Roads & Highways,Ministry of Road Transport & Highways,NHIDCL,618391,"Construction for Mitigation Measures of 5 Nos. Landslides, 05 No. Sinking Zones and 01 No. Bridge from Ch. 450.00 to Ch. 468.00 18 Km. Length on NH-07 Package-III",250,,0.0,81,2025-12-05,2026-12-31,2023-12-07,391,1,,,0.0,0.0,2025,2026,2023.0,Ministry of Statistics and Programme Implementation,Infrastructure and Project Monitoring Division,PAIMANA,Projects Report - Public Dashboard,March 2026,True,False
1011,Roads & Highways,Ministry of Road Transport & Highways,NHIDCL,618392,"Construction for Mitigation Measures of 5 Nos. Landslides, 5 Nos. Sinking Zones in between Ch. 433.00 to 450.00 BANERPANI VILLAGE on NH-07 on EPC mode in the state of Uttarakhand Package-2",260,,0.0,53,2026-06-08,2026-06-08,2023-12-07,0,0,,,0.0,0.0,2026,2026,2023.0,Ministry of Statistics and Programme Implementation,Infrastructure and Project Monitoring Division,PAIMANA,Projects Report - Public Dashboard,March 2026,True,False
1012,Roads & Highways,Ministry of Road Transport & Highways,MoRTH,617923,Construction of Daspalla Bypass from km 195.250 To 200.635 of NH-57 including land acquisition in the state of Odisha on EPC mode under Annual Plan 2022-23.,156,,36.6,18,2027-05-16,2027-05-16,2023-02-28,0,0,,,0.2346,23.46,2027,2027,2023.0,Ministry of Statistics and Programme Implementation,Infrastructure and Project Monitoring Division,PAIMANA,Projects Report - Public Dashboard,March 2026,True,False
1013,Roads & Highways,Ministry of Road Transport & Highways,NHIDCL,618356,Construction of 2 -Lane with paved shoulders road from Tamenglong to Mahur in the state of Manipur from km 31.430 at Old Tamenglong to km 43.480 ending near Phelong on EPC Mode Package-3,234,,196.29,100,2022-12-20,2025-12-31,2021-03-30,1107,1,,,0.8388,83.88,2022,2025,2021.0,Ministry of Statistics and Programme Implementation,Infrastructure and Project Monitoring Division,PAIMANA,Projects Report - Public Dashboard,March 2026,True,False
1014,Roads & Highways,Ministry of Road Transport & Highways,NHIDCL,618357,Construction of 2 -Lane with paved shoulders road from Tamenglong to Mahur NH-137 in Manipur starting from km 54.180 near Azuram to km 80.630 near Mandeu on EPC Mode Package 5,478,,330.1,85,2023-05-19,2026-01-31,2021-09-09,988,1,,,0.6906,69.06,2023,2026,2021.0,Ministry of Statistics and Programme Implementation,Infrastructure and Project Monitoring Division,PAIMANA,Projects Report - Public Dashboard,March 2026,True,False
1015,Roads & Highways,Ministry of Road Transport & Highways,NHIDCL,618358,Construction of 2 -Lane with paved shoulders road from Tamenglong to Mahur NH-137 starting from km 80.630 near Mandeu to km 96.870 near Jiri River on EPC Mode Package-6,311,,230.69,85,2023-05-20,2025-12-31,2021-09-13,956,1,,,0.7418,74.18,2023,2025,2021.0,Ministry of Statistics and Programme Implementation,Infrastructure and Project Monitoring Division,PAIMANA,Projects Report - Public Dashboard,March 2026,True,False
1016,Roads & Highways,Ministry of Road Transport & Highways,MoRTH,618034,Construction of 2 lane Barpeta Bypass from Km 77900Baradi to Km 86150 Deurikuchi Length8.25Km on NH-427 in the state of Assam under EPC ModeJob No.427/AS/2022-23/245,174,,8.07,20,2026-08-14,2026-08-13,2023-03-28,0,0,,,0.0464,4.64,2026,2026,2023.0,Ministry of Statistics and Programme Implementation,Infrastructure and Project Monitoring Division,PAIMANA,Projects Report - Public Dashboard,March 2026,True,False
1017,Roads & Highways,Ministry of Road Transport & Highways,MoRTH,618160,"Construction of 2 lane Major Bridge including approaches over Brahmaputra between Majuli on North Bank and Jorhat on South Bank from km. 11.690 to km. 19.715 length of bridge 6,812.5m Package - II on NH-715K in the state of Assam Job no. 715/AS/2020-21/213",1019,,0.0,0,2027-12-10,2027-12-10,2025-03-29,0,0,,,0.0,0.0,2027,2027,2025.0,Ministry of Statistics and Programme Implementation,Infrastructure and Project Monitoring Division,PAIMANA,Projects Report - Public Dashboard,March 2026,True,False
1018,Roads & Highways,Ministry of Road Transport & Highways,MoRTH,618200,Construction of 2 lane with Paved Shoulder for Northern Bypass Phase-II of Kota city in the State of Rajasthan.,318,,6.06,37,2025-04-14,2027-02-06,2022-03-31,663,1,,,0.0191,1.91,2025,2027,2022.0,Ministry of Statistics and Programme Implementation,Infrastructure and Project Monitoring Division,PAIMANA,Projects Report - Public Dashboard,March 2026,True,False
1019,Roads & Highways,Ministry of Road Transport & Highways,MoRTH,618011,Construction of 2 lane with paved shoulder for the work of Development of remaining sections of NH-325 Balotra to sanderao via Jalore to 2 lane with paved shoulder configuration by Construction of Byasses for town portions1 Asotra- Brahmdham bypass 2Siwana Bypass 3 Mokalsar Bypass 4 Major realignment at Kathadi 5 Major realignment at Bishangarh 6 Jalore Bypass 7 Ahore Town portion 8 Dujana Bypass in the state of Rajasthan on EPC Mode,411,,66.63,88,2024-05-11,2026-05-31,2021-12-07,750,1,,,0.1621,16.21,2024,2026,2021.0,Ministry of Statistics and Programme Implementation,Infrastructure and Project Monitoring Division,PAIMANA,Projects Report - Public Dashboard,March 2026,True,False
1020,Roads & Highways,Ministry of Road Transport & Highways,MoRTH,618184,Construction of 2 Lane with paved shoulder from km 55.6 to km 90.7 existing chainages of NH-766C complete Realignment of 13.76 km with 2 major Bridges across Sharavathi Backwaters on EPC mode under Annual Plan 2022-23 in the state of Karnataka NH-766C-KNT-2022-23 dated 14.10.2022,314,,0.0,47,2026-02-12,2027-12-21,2023-01-12,677,1,,,0.0,0.0,2026,2027,2023.0,Ministry of Statistics and Programme Implementation,Infrastructure and Project Monitoring Division,PAIMANA,Projects Report - Public Dashboard,March 2026,True,False
1021,Roads & Highways,Ministry of Road Transport & Highways,MoRTH,617929,Construction of 2 lane with paved shoulder of Kund Bypass from Design Km 35.130 to Km 47.700 existing Km 33.130 to Km 41.260 of NH-109 in the State of Uttarakhand,247,,110.98,74,2020-05-06,2026-12-31,2018-02-26,2430,1,,,0.4493,44.93,2020,2026,2018.0,Ministry of Statistics and Programme Implementation,Infrastructure and Project Monitoring Division,PAIMANA,Projects Report - Public Dashboard,March 2026,True,False
1022,Roads & Highways,Ministry of Road Transport & Highways,NHIDCL,618420,"Construction of 2 lane with paved shoulder of Shillong Western Bypass starting from NH-06 near Ladumsaw existing km 60.900 of old NH-40 to NH-106 old NH-44E, Package-II km 12800 to km 24700 under SARDP-NE Phase A in the State of Meghalaya on EPC Mode",686,,228.79,47,2026-09-01,2026-09-02,2023-03-16,1,1,,,0.3335,33.35,2026,2026,2023.0,Ministry of Statistics and Programme Implementation,Infrastructure and Project Monitoring Division,PAIMANA,Projects Report - Public Dashboard,March 2026,True,False
1024,Roads & Highways,Ministry of Road Transport & Highways,NHIDCL,618413,Construction of 2 laning with Hard shoulder of Peren-Dimapur section on NH 129A from Design Km 146.208 to Km 163.592 Length- 17.384 km in the state of Nagaland on EPC mode under NHO-TSP Package-III,178,199.02,0.0,91,2025-06-06,2026-06-06,2021-02-11,365,1,21.02000000000001,11.81,0.0,0.0,2025,2026,2021.0,Ministry of Statistics and Programme Implementation,Infrastructure and Project Monitoring Division,PAIMANA,Projects Report - Public Dashboard,March 2026,True,False
1025,Roads & Highways,Ministry of Road Transport & Highways,MoRTH,618127,Construction of 2- Lane with paved shoulder from km 56.45 Dharampur More to 93.050 Pakur of NH-333A in the State of Jharkhand on EPC mode,256,,0.0,6,2027-05-03,2027-05-03,2023-03-27,0,0,,,0.0,0.0,2027,2027,2023.0,Ministry of Statistics and Programme Implementation,Infrastructure and Project Monitoring Division,PAIMANA,Projects Report - Public Dashboard,March 2026,True,False
1027,Roads & Highways,Ministry of Road Transport & Highways,MoRTH,617892,Construction of 2-lane road of Potin to Pangin section of NH-13 from Km 163.59 to Km 206.66 Package-5 on EPC Mode in the State of Arunachal Pradesh under Arunachal Pradesh Package of Roads and Highways of SARDP-NE [Job No SARDP-NE/P-P/Pkg-A/NH-13/Ar.Pr./PWD/2018-19/116],451,,308.61,97,2023-11-18,2026-05-31,2019-03-01,925,1,,,0.6843,68.43,2023,2026,2019.0,Ministry of Statistics and Programme Implementation,Infrastructure and Project Monitoring Division,PAIMANA,Projects Report - Public Dashboard,March 2026,True,False
1028,Roads & Highways,Ministry of Road Transport & Highways,NHIDCL,618297,Construction of 2-lane with hard shoulder of Kohima - Jessami road on NH-29 Old NH-150 from existing Km 30.474 Near Kidwema road Chakahabama to existing Km 53.220 Near Kikruma Village Design Km 29.60 to Km 51.50 Design length-21.90 Km in the state of Nagaland Under Bharatmala Pariyojna on EPC Mode under NHO Package-II -Balance work,356,,0.0,40,2026-01-04,2026-12-31,2020-03-11,361,1,,,0.0,0.0,2026,2026,2020.0,Ministry of Statistics and Programme Implementation,Infrastructure and Project Monitoring Division,PAIMANA,Projects Report - Public Dashboard,March 2026,True,False
1029,Roads & Highways,Ministry of Road Transport & Highways,NHIDCL,618423,Construction of 2-Lane with hard shoulders of Merangkong-Tamlu-Mon MTM Road from existing Km 20.456 to Km 41.065 Design Km. 20 to Km. 40.0 Design Length-20.000 Km in the State of Nagaland under SARDP-NE Phase-A Pkg-2 Balance work,216,,28.64,100,2025-08-21,2026-03-13,2018-03-22,204,1,,,0.1326,13.26,2025,2026,2018.0,Ministry of Statistics and Programme Implementation,Infrastructure and Project Monitoring Division,PAIMANA,Projects Report - Public Dashboard,March 2026,True,False
1030,Roads & Highways,Ministry of Road Transport & Highways,NHIDCL,619059,Construction of 2-Lane with hard shoulders of Merangkong-Tamlu-Mon Road on EPC Basis from existing road Km. 76.640 to Km 98.065 Design chainage Km. 63.800 to Km. 86.835 Design Length-23.035 Km in the state of Nagaland under SARDP-NE PKG-IV Balance work,324,,70.46,75,2025-09-10,2026-12-31,2018-03-22,477,1,,,0.2175,21.75,2025,2026,2018.0,Ministry of Statistics and Programme Implementation,Infrastructure and Project Monitoring Division,PAIMANA,Projects Report - Public Dashboard,March 2026,True,False
1031,Roads & Highways,Ministry of Road Transport & Highways,NHIDCL,618422,"Construction of 2-lane with hard shoulders of Merangkong-Tamlu-Mon road Wakching Twon portion on EPC basis from existing Chainage Km 59000 to Km 73640 [Design Km. 59000 to Km, 72450] Design length - 13.450 Km under SARDP-NE package-V Balance work",162,,14.12,100,2025-09-07,2026-04-23,2021-03-31,228,1,,,0.0872,8.72,2025,2026,2021.0,Ministry of Statistics and Programme Implementation,Infrastructure and Project Monitoring Division,PAIMANA,Projects Report - Public Dashboard,March 2026,True,False
1032,Roads & Highways,Ministry of Road Transport & Highways,NHIDCL,618290,"Construction of 2-lane with Paved shoulder of Kohima- Bypass Road Connecting NH-39New NH-02, NH-150New NH-02, NH-61New NH-29, NH-39New NH-02 from Design Km 32.00 to Design Km 43.454Design Length-11.454 Km in the State of Nagaland under SARDP-NE on EPC Mode Package-IV",202,,94.2,46,2022-04-17,2026-12-31,2020-07-31,1719,1,,,0.4663,46.63,2022,2026,2020.0,Ministry of Statistics and Programme Implementation,Infrastructure and Project Monitoring Division,PAIMANA,Projects Report - Public Dashboard,March 2026,True,False
1033,Roads & Highways,Ministry of Road Transport & Highways,NHIDCL,618292,Construction of 2-Lane with paved shoulder of Kohima-Bypass Road connecting New NH-02 and New NH-29 from Design Km 10.500 to design Km 21.000 [Design Length- 10.500 km] including TUNNEL of 500m at Ch. 11.000 in the state of Nagaland Under SARDP-NE on EPC Mode Package-2,277,,192.45,70,2022-10-15,2026-06-30,2020-07-07,1354,1,,,0.6948,69.48,2022,2026,2020.0,Ministry of Statistics and Programme Implementation,Infrastructure and Project Monitoring Division,PAIMANA,Projects Report - Public Dashboard,March 2026,True,False
1034,Roads & Highways,Ministry of Road Transport & Highways,NHIDCL,618291,"Construction of 2-lane with Paved shoulder of Kohima-Bypass Road connecting NH- 39 New NH-02, NH150New NH-02, NH7-61 New NH-29 and NH-39 New NH-02 from Design km 21.000 to km 32.268 [Design length11.268 km] in the state of Nagaland Under SARDP-NE on EPC Mode Package- 3",160,342.29,84.22,37,2025-06-15,2026-12-31,2020-07-31,564,1,182.29000000000002,113.93,0.5264,52.64,2025,2026,2020.0,Ministry of Statistics and Programme Implementation,Infrastructure and Project Monitoring Division,PAIMANA,Projects Report - Public Dashboard,March 2026,True,False
1035,Roads & Highways,Ministry of Road Transport & Highways,NHIDCL,618293,"Construction of 2-Lane with paved shoulder of Kohima-Bypass Road connecting NH-39New NH-02, NH-150New NH-02, NH-61New NH-29 and NH-39New NH-02 from design Km 0.00 to Km 10.500 in the State of Nagaland under SARDP-NE on EPC Mode Package-1 -Balance work",232,350.88,12.48,26,2026-11-08,2026-11-08,2020-07-07,0,0,118.88,51.24,0.0538,5.38,2026,2026,2020.0,Ministry of Statistics and Programme Implementation,Infrastructure and Project Monitoring Division,PAIMANA,Projects Report - Public Dashboard,March 2026,True,False
1036,Roads & Highways,Ministry of Road Transport & Highways,NHIDCL,618421,"Construction of 2-Lane with paved shoulder of Shillong Western Bypass starting from NH-06 near Ladumsaw Existing km 60.900 of old NH-40 to NH106 old NH-44E, km 0000 to km 12800 Package-I under SARDP-NE PHASE A in the State of Meghalaya on EPC Mode Greenfield alignment",620,,215.93,69,2026-09-01,2026-09-02,2023-03-07,1,1,,,0.3483,34.83,2026,2026,2023.0,Ministry of Statistics and Programme Implementation,Infrastructure and Project Monitoring Division,PAIMANA,Projects Report - Public Dashboard,March 2026,True,False
1037,Roads & Highways,Ministry of Road Transport & Highways,NHIDCL,618419,"Construction of 2-Lane with paved shoulders of Shillong Western Bypass starting from NH-06 near Ladumsaw existing Km 60.900 of old NH40 to NH106 old NH 44E Package-III, from km 24700 to km 38256 under SARDP-NE PHASE A in the state of Meghalaya on EPC Mode Greenfield alignment",562,,85.88,51,2026-09-01,2026-09-02,2023-03-13,1,1,,,0.1528,15.28,2026,2026,2023.0,Ministry of Statistics and Programme Implementation,Infrastructure and Project Monitoring Division,PAIMANA,Projects Report - Public Dashboard,March 2026,True,False
1038,Roads & Highways,Ministry of Road Transport & Highways,NHIDCL,618363,Construction of 2-laning with hard shoulder configuration of Chhumkhum to Tlabung from Design Chainage Km 37.420 to Km 74.950 of NH-302 in Mizoram under Bharatmala Pariyojana on EPC mode [Pkg-B],741,,430.45,61,2023-01-09,2026-12-31,2021-06-28,1452,1,,,0.5809,58.09,2023,2026,2021.0,Ministry of Statistics and Programme Implementation,Infrastructure and Project Monitoring Division,PAIMANA,Projects Report - Public Dashboard,March 2026,True,False
1039,Roads & Highways,Ministry of Road Transport & Highways,NHIDCL,618362,Construction of 2-laning with hard shoulder of Lunglei to Chhumkhum from Design Chainage Km 0.000 to Km 37.420 of NH-302 [Lunglei-Tlabung] Package-A,698,,556.91,65,2022-12-30,2026-06-30,2021-03-30,1278,1,,,0.7979,79.79,2022,2026,2021.0,Ministry of Statistics and Programme Implementation,Infrastructure and Project Monitoring Division,PAIMANA,Projects Report - Public Dashboard,March 2026,True,False
1040,Roads & Highways,Ministry of Road Transport & Highways,NHIDCL,618387,Construction of 2-laning with Hard shoulder of Ukhrul Tolloi - Tadubi section of NH-102A from Design Chainage km 9450 to km 50850 in the State of Manipur on EPC mode under NHO-NE Package-2,579,,249.29,80,2026-03-01,2026-04-30,2023-03-07,60,1,,,0.4306,43.06,2026,2026,2023.0,Ministry of Statistics and Programme Implementation,Infrastructure and Project Monitoring Division,PAIMANA,Projects Report - Public Dashboard,March 2026,True,False
1041,Roads & Highways,Ministry of Road Transport & Highways,NHIDCL,618388,Construction of 2-laning with Hard shoulder road of Ukhrul - Tolloi - Tadubi section of NH-102A from Design Chainage 50.850 km to 81.870 km in the State of Manipur on EPC mode under NHO-TSP Package -3,316,,227.98,91,2025-01-20,2026-07-31,2021-09-09,557,1,,,0.7215,72.15,2025,2026,2021.0,Ministry of Statistics and Programme Implementation,Infrastructure and Project Monitoring Division,PAIMANA,Projects Report - Public Dashboard,March 2026,True,False
1042,Roads & Highways,Ministry of Road Transport & Highways,NHIDCL,618389,Construction of 2-laning with Hard shoulder road of Ukhrul - Tolloi - Tadubi section of NH-102A from Design Chainage 81.870 km to 105.825 km in the State of Manipur on EPC mode under NHO-TSP Package -4,311,,247.28,97,2024-02-28,2026-04-30,2021-09-07,792,1,,,0.7951,79.51,2024,2026,2021.0,Ministry of Statistics and Programme Implementation,Infrastructure and Project Monitoring Division,PAIMANA,Projects Report - Public Dashboard,March 2026,True,False
1043,Roads & Highways,Ministry of Road Transport & Highways,NHIDCL,618445,Construction of 2-Laning with hard shoulders of Demwe-Brahmakund section of NH-13 from Ch.0.00 km to 18.464 km on EPC under SARDP-NE NHO-NE -Balance Work,354,,0.0,18,2027-12-18,2027-12-18,2020-08-19,0,0,,,0.0,0.0,2027,2027,2020.0,Ministry of Statistics and Programme Implementation,Infrastructure and Project Monitoring Division,PAIMANA,Projects Report - Public Dashboard,March 2026,True,False
1044,Roads & Highways,Ministry of Road Transport & Highways,NHIDCL,618448,Construction of 2-Laning with Paved Shoulder of New Greenfield Alignment From Chochenpheri at Km 52000 to Helipad near Menla at Km 82000 of Rhenock-Menla Spur NH-717B Package-IIIA on EPC Basis under SARDP-NE Phase 'A' in the State of Sikkim.,817,786.6,32.28,61,2023-12-09,2026-10-31,2020-10-07,1057,1,-30.399999999999977,-3.72,0.0395,3.95,2023,2026,2020.0,Ministry of Statistics and Programme Implementation,Infrastructure and Project Monitoring Division,PAIMANA,Projects Report - Public Dashboard,March 2026,True,False
1045,Roads & Highways,Ministry of Road Transport & Highways,NHIDCL,618447,Construction of 2-Laning with Paved Shoulder of New Greenfield Alignment From Helipad near Menla at Km 82000 to Menla at Km 94030 of Rhenock-Menla Spur NH-717B Package-IIIB on EPC Basis under SARDP-NE Phase 'A' in the State of Sikkim.,411,379.3,0.0,82,2024-02-24,2026-05-31,2021-01-18,827,1,-31.69999999999999,-7.71,0.0,0.0,2024,2026,2021.0,Ministry of Statistics and Programme Implementation,Infrastructure and Project Monitoring Division,PAIMANA,Projects Report - Public Dashboard,March 2026,True,False
1046,Roads & Highways,Ministry of Road Transport & Highways,National Highways Authority of India [NHAI],618556,"Construction of 26 VUPs, Major Bridge, Service Road etc. on Lalitpur-Sagar-Lakhnadon section of NH-44 NS",666,665.91,482.76,93,2026-03-05,2026-04-30,2023-02-01,56,1,-0.09000000000003183,-0.01,0.7249,72.49,2026,2026,2023.0,Ministry of Statistics and Programme Implementation,Infrastructure and Project Monitoring Division,PAIMANA,Projects Report - Public Dashboard,March 2026,True,False
1047,Roads & Highways,Ministry of Road Transport & Highways,NHAI,619293,Construction of 4 Lane Access Controlled Bypass for Dehradun on NH307 from Design Chainage km 0050 Jhajra on NH-07 to Design Chainage km 12220 Asharori on EPC Mode in the State of Uttarakhand under NHO,716,337.11,115.32,43,2027-04-23,2027-04-23,2023-12-07,0,0,-378.89,-52.92,0.1611,16.11,2027,2027,2023.0,Ministry of Statistics and Programme Implementation,Infrastructure and Project Monitoring Division,PAIMANA,Projects Report - Public Dashboard,March 2026,True,False
1048,Roads & Highways,Ministry of Road Transport & Highways,MoRTH,617917,"Construction of 4 Lane Flyover at Nagpur RTO Chowk To Nagpur University Campus from Ch 2/250 to 5/100 and 4 lane flyover at wadi/midc junction from km 8/360 to km, 10/300 on NH 53 in state of Maharashtra.",479,490.52,0.0,95,2024-03-01,2025-04-02,2021-03-31,397,1,11.519999999999982,2.41,0.0,0.0,2024,2025,2021.0,Ministry of Statistics and Programme Implementation,Infrastructure and Project Monitoring Division,PAIMANA,Projects Report - Public Dashboard,March 2026,True,False
1049,Roads & Highways,Ministry of Road Transport & Highways,MoRTH,617896,"Construction of 4 lane Gauripur Bypass Starting bfrom Km 852.56 of NH-31Dumardoha Pt-II and Terminating at Km 862.17 Baladmara via. Khudimari Pt.- II, Fulkumari, Charaldanga, Sajuakuti,Geramari Pt.-III and finally meeting at km 862.17 of NH-17New/ NH-31Old in the State of Assam under EPC Mode Job no. 31/AS/ 2023-24/265",421,,0.0,17,2026-10-24,2026-10-24,2024-03-15,0,0,,,0.0,0.0,2026,2026,2024.0,Ministry of Statistics and Programme Implementation,Infrastructure and Project Monitoring Division,PAIMANA,Projects Report - Public Dashboard,March 2026,True,False
1050,Roads & Highways,Ministry of Road Transport & Highways,MoRTH,618247,Construction of 4 lane Mirzapur bypass including bridge over river Ganga from km 0.000 to km 15.000 of NH 135A in the State of Uttar Pradesh on HAM Mode.,1709,,0.0,2,2029-01-17,2029-01-17,2024-03-07,0,0,,,0.0,0.0,2029,2029,2024.0,Ministry of Statistics and Programme Implementation,Infrastructure and Project Monitoring Division,PAIMANA,Projects Report - Public Dashboard,March 2026,True,False
1051,Roads & Highways,Ministry of Road Transport & Highways,MoRTH,617969,Construction of 4 Lane ROB and its approaches at the level crossing LC No 29 B of Km 29 Ekangarsarai at NH 110 New NH 33 & Railway Km 32.63 at Fatwa FUT Islampur IPR section in the state of Bihar on EPC mode.,201,,0.01,52,2026-07-19,2026-07-19,2023-03-11,0,0,,,0.0,0.0,2026,2026,2023.0,Ministry of Statistics and Programme Implementation,Infrastructure and Project Monitoring Division,PAIMANA,Projects Report - Public Dashboard,March 2026,True,False
1052,Roads & Highways,Ministry of Road Transport & Highways,MoRTH,617905,Construction of 4 lane ROB with approaches in lieu of LC No. RV-172 at km 176.00 of NH-201 present NH-26 at Kesinga including land acquisition in the state of Odisha on EPC mode under Annual Plan 2021-22,324,,84.57,70,2025-05-08,2026-10-31,2021-12-30,541,1,,,0.261,26.1,2025,2026,2021.0,Ministry of Statistics and Programme Implementation,Infrastructure and Project Monitoring Division,PAIMANA,Projects Report - Public Dashboard,March 2026,True,False
1053,Roads & Highways,Ministry of Road Transport & Highways,MoRTH,618205,"Construction of 4 lane with paved shoulder from Existing Ch. 14200 to 24320 Design Ch. 14200 to 24400, Ch. 33760 to 42780 Design Ch. 35300 to 44294 & Ch. 43440 to 47020 Design Ch. 44958 to 48500 Delina Flyover including construction of flyover length 1.704 km of total length 22.736 kms in AOR of 760 BRTF on road SRINAGAR BARAMULA URI NH-01 in the UT of Jammu & Kashmir under project BEACON, Border Roads Organization BRO Package-IJob No NH-1-J&K-2022-23-110",823,,262.57,82,2025-08-24,2026-08-31,2022-06-29,372,1,,,0.319,31.9,2025,2026,2022.0,Ministry of Statistics and Programme Implementation,Infrastructure and Project Monitoring Division,PAIMANA,Projects Report - Public Dashboard,March 2026,True,False
1055,Roads & Highways,Ministry of Road Transport & Highways,MoRTH,617919,Construction of 4 Nos Grade separtor between km. 281.000 to km. 307.600 km. 286.400 kumhari km. 299.000 Transport Nagar km. 302.000 Power House km. 304.000 Chandra Moura Chowk to km. 305.000 supeia of NH-53 old NH-06 Raipur -Durg 4 Lane on EPC mode in the state of chhattisgarh job NO. NH-53old NH-06 CG-2017-18-56,349,,0.0,98,2021-01-27,2025-08-31,2018-03-22,1677,1,,,0.0,0.0,2021,2025,2018.0,Ministry of Statistics and Programme Implementation,Infrastructure and Project Monitoring Division,PAIMANA,Projects Report - Public Dashboard,March 2026,True,False
1056,Roads & Highways,Ministry of Road Transport & Highways,NHIDCL,619057,Construction of 4-Lane Badarpur Bypass from Design Chainage km 27300 at crossing with NH-6 Old NH-44 Near Siddeswar Pt.-I Village to Design Chainage km 38600 on NH-37 Old NH-44 at Kandigram Chaita Village on Silchar - Churaibari stretch in the State of Assam on EPC Mode under Bharatmala Pariyojana in Economic Corridors Silchar- Churaibari Pkg-3,574,,316.32,71,2026-08-09,2026-08-10,2023-02-28,1,1,,,0.5511,55.11,2026,2026,2023.0,Ministry of Statistics and Programme Implementation,Infrastructure and Project Monitoring Division,PAIMANA,Projects Report - Public Dashboard,March 2026,True,False
1057,Roads & Highways,Ministry of Road Transport & Highways,NHIDCL,618373,"Construction of 4-Lane Bridge including approaches over River Brahmaputra between Dhubri on North Bank,Assam and Phulbari on south Bank,Meghalaya on NH-127B under JICA ODA Loan assistance Phase-III",4997,,2808.4,74,2028-09-12,2028-09-12,2019-05-06,0,0,,,0.562,56.2,2028,2028,2019.0,Ministry of Statistics and Programme Implementation,Infrastructure and Project Monitoring Division,PAIMANA,Projects Report - Public Dashboard,March 2026,True,False
1058,Roads & Highways,Ministry of Road Transport & Highways,National Highways Authority of India [NHAI],619142,Construction of 4-lane connectivity to Banbasa ICP at India Nepal border from NH-09 old NH-125 Sitarganj-Tanakpur at Km 40.00 near Jagbuda bridge under Bharatmala Priyojana of NH-109D on EPC mode in the State of Uttarakhand,217,237.01,152.33,75,2024-09-01,2027-04-11,2022-06-17,952,1,20.00999999999999,9.22,0.702,70.2,2024,2027,2022.0,Ministry of Statistics and Programme Implementation,Infrastructure and Project Monitoring Division,PAIMANA,Projects Report - Public Dashboard,March 2026,True,False
1059,Roads & Highways,Ministry of Road Transport & Highways,MoRTH,618001,"Construction of 4-lane flyover at Amberpet-X road, Hyderabad on NH-202 in the State of Telangana",217,265.88,154.05,92,2023-06-28,2026-02-10,2018-05-08,958,1,48.879999999999995,22.53,0.7099,70.99,2023,2026,2018.0,Ministry of Statistics and Programme Implementation,Infrastructure and Project Monitoring Division,PAIMANA,Projects Report - Public Dashboard,March 2026,True,False
1060,Roads & Highways,Ministry of Road Transport & Highways,MoRTH,618166,Construction of 4-lane green field highway from Km. 35.000 to Km. 49.155 of NH-731A with paved shoulders on Hybrid Annuity Mode in the state of Uttar Pradesh,698,,0.04,99,2025-10-29,2026-04-30,2022-01-06,183,1,,,0.0001,0.01,2025,2026,2022.0,Ministry of Statistics and Programme Implementation,Infrastructure and Project Monitoring Division,PAIMANA,Projects Report - Public Dashboard,March 2026,True,False
1061,Roads & Highways,Ministry of Road Transport & Highways,MoRTH,618165,Construction of 4-lane highway with paved shoulders from Km 49.155 to Km 74.700 of NH-731A on Hybrid Annuity Mode in the state of Uttar Pradesh,1157,,0.0,92,2026-01-31,2026-06-30,2022-01-08,150,1,,,0.0,0.0,2026,2026,2022.0,Ministry of Statistics and Programme Implementation,Infrastructure and Project Monitoring Division,PAIMANA,Projects Report - Public Dashboard,March 2026,True,False
1062,Roads & Highways,Ministry of Road Transport & Highways,NHIDCL,618308,Construction of 4-Lane Panchgram Bypass from Design Chainage km 15500 on NH-37 Old NH-53 at Kalinagar Pt.-I Village to Design Chainage km 27300 at crossing with NH-6 Old NH-44 Near Siddeswar Pt.-I Village on Silchar - Churaibari stretch in the State of Assam on EPC Mode under Bharatmala Pariyojana in Economic Corridors Silchar- Churaibari Package-2,676,728.97,0.0,57,2027-02-09,2027-02-09,2023-03-16,0,0,52.97000000000003,7.84,0.0,0.0,2027,2027,2023.0,Ministry of Statistics and Programme Implementation,Infrastructure and Project Monitoring Division,PAIMANA,Projects Report - Public Dashboard,March 2026,True,False
1066,Roads & Highways,Ministry of Road Transport & Highways,National Highways Authority of India [NHAI],618869,"Construction of 4/6 lane Highway of Southern Bareilly Bypass, starting at Ch. 237000 of NH 530 near Jhumka chauraha, Dhantiya village and ending at Ch. 267000 of NH 30 near Invertis University including Trumpet Interchange",1122,1869.59,52.15,5,2028-06-23,2028-06-23,2024-12-18,0,0,747.5899999999999,66.63,0.0465,4.65,2028,2028,2024.0,Ministry of Statistics and Programme Implementation,Infrastructure and Project Monitoring Division,PAIMANA,Projects Report - Public Dashboard,March 2026,True,False
1067,Roads & Highways,Ministry of Road Transport & Highways,NHIDCL,618330,Construction of 4/6 Laning from existing Km 159.400 of NH-36 to existing Km 102.500 of NH-39 and upto end point of Assam portion [Design Km 118.050 to design Km 132.375] Total New Alignment length of 14.325 Km of Daboka -Dimapur Section Dimapur Bypass in the state of Assam under SARDP-NE 'Phase-A' on EPC mode Assam Portion,511,,647.21,100,2022-11-25,2025-09-30,2018-03-09,1040,1,,,1.2666,126.66,2022,2025,2018.0,Ministry of Statistics and Programme Implementation,Infrastructure and Project Monitoring Division,PAIMANA,Projects Report - Public Dashboard,March 2026,True,False
1068,Roads & Highways,Ministry of Road Transport & Highways,NHIDCL,618329,Construction of 4/6 Laning from Km 132.375 to Km 153.058 Total New Alignment length of 20.683 Km of Daboka-Dimapur Section Dimapur Bypass Nagaland Portion of NH-36 & 39 in the State of Nagaland on EPC basis under PhaseA of SARDP-NE,819,,0.0,0,2020-09-04,2023-02-28,2017-02-16,907,1,,,0.0,0.0,2020,2023,2017.0,Ministry of Statistics and Programme Implementation,Infrastructure and Project Monitoring Division,PAIMANA,Projects Report - Public Dashboard,March 2026,True,False
1069,Roads & Highways,Ministry of Road Transport & Highways,National Highways Authority of India [NHAI],618500,Construction of 4L Connector from Delhi Meerut Expressway Km 50.000 of Pkg IV to Km 8.520 of NH-235 Pkg-5,1081,1116.19,410.98,76,2024-03-29,2025-12-31,2021-09-06,642,1,35.190000000000055,3.26,0.3802,38.02,2024,2025,2021.0,Ministry of Statistics and Programme Implementation,Infrastructure and Project Monitoring Division,PAIMANA,Projects Report - Public Dashboard,March 2026,True,False
1070,Roads & Highways,Ministry of Road Transport & Highways,National Highways Authority of India [NHAI],618609,Construction of 4L Flyover from MES College Junction to Bogmalo Junction on NH-566 from Km. 7.106 to Km. 10.460 and 4L VUP at Queeny Nagar Junction from Km. 3.330 to Km. 4.550,463,316.28,79.19,38,2026-07-31,2026-07-31,2024-01-18,0,0,-146.72000000000003,-31.69,0.171,17.1,2026,2026,2024.0,Ministry of Statistics and Programme Implementation,Infrastructure and Project Monitoring Division,PAIMANA,Projects Report - Public Dashboard,March 2026,True,False
1071,Roads & Highways,Ministry of Road Transport & Highways,National Highways Authority of India [NHAI],618524,Construction of 6 lane elevated corridor including its approaches from Km. 629880 to Km. 634470 Design Chainage of NH-16 in Ranasthalam Town portion in the state of Andhra Pradesh on EPC Mode under NHO.,258,192.85,37.1,31,2027-03-20,2027-03-20,2024-07-16,0,0,-65.15,-25.25,0.1438,14.38,2027,2027,2024.0,Ministry of Statistics and Programme Implementation,Infrastructure and Project Monitoring Division,PAIMANA,Projects Report - Public Dashboard,March 2026,True,False
1072,Roads & Highways,Ministry of Road Transport & Highways,MoRTH,617912,Construction of 6 lane flyover from Khapari ROB to Mihan Interchange design chainage km 8760 to 11450 L- 2.69 km and upgradation of existing 4L PS road to 6LPS with service road by flexible pavement design chainage km 11450 to 14500 L-3.05 [total project length 5.74 km] in section of Nagpur - Hyderabad NH-44 Old NH-7 in Nagpur district in the state of Maharashtra on HAM mode.,620,,0.0,6,2027-10-03,2027-10-02,2024-03-15,0,0,,,0.0,0.0,2027,2027,2024.0,Ministry of Statistics and Programme Implementation,Infrastructure and Project Monitoring Division,PAIMANA,Projects Report - Public Dashboard,March 2026,True,False
1073,Roads & Highways,Ministry of Road Transport & Highways,National Highways Authority of India [NHAI],618932,Construction of 6 lane Indore western bypass from km 0000 to Km 34000 Pkg -l in the State of Madhya Pradesh on Hybrid Annuity Mode under NHO,1535,1472.68,180.48,6,2027-12-31,2027-12-31,2024-02-28,0,0,-62.319999999999936,-4.06,0.1176,11.76,2027,2027,2024.0,Ministry of Statistics and Programme Implementation,Infrastructure and Project Monitoring Division,PAIMANA,Projects Report - Public Dashboard,March 2026,True,False
1075,Roads & Highways,Ministry of Road Transport & Highways,MoRTH,618233,Construction of 6-lane bridge on Ganga on NH-96 and its approaches in Phaphamau Allahabad on EPC mode,1948,1465.41,0.0,87,2024-02-15,2026-09-30,2018-07-11,958,1,-482.5899999999999,-24.77,0.0,0.0,2024,2026,2018.0,Ministry of Statistics and Programme Implementation,Infrastructure and Project Monitoring Division,PAIMANA,Projects Report - Public Dashboard,March 2026,True,False
1076,Roads & Highways,Ministry of Road Transport & Highways,MoRTH,618250,Construction of 6-Lane Elevated / Extra Dose Cable Bridge on River Ganga parallel to & Western side of Digha-Sonepur Rail cum-Road Bridge of NH 139W in the State of Bihar,3064,,0.0,10,2027-11-02,2028-12-31,2024-01-05,425,1,,,0.0,0.0,2027,2028,2024.0,Ministry of Statistics and Programme Implementation,Infrastructure and Project Monitoring Division,PAIMANA,Projects Report - Public Dashboard,March 2026,True,False
1077,Roads & Highways,Ministry of Road Transport & Highways,National Highways Authority of India [NHAI],618591,"Construction of 6-lane flyover at Ainthapali junction and a 2-lane ROB LHS on NH-53 Earlier NH-6 in Sambalpur, on EPC mode in Odisha under NHO",374,211.74,82.44,47,2026-12-18,2026-12-18,2024-03-11,0,0,-162.26,-43.39,0.2204,22.04,2026,2026,2024.0,Ministry of Statistics and Programme Implementation,Infrastructure and Project Monitoring Division,PAIMANA,Projects Report - Public Dashboard,March 2026,True,False
1078,Roads & Highways,Ministry of Road Transport & Highways,National Highways Authority of India [NHAI],618627,Construction of 7 Nos of Standalone safety structures/works at different locations on various NHs,169,112.03,9.76,11,2027-01-27,2027-01-20,2025-01-16,0,0,-56.97,-33.71,0.0578,5.78,2027,2027,2025.0,Ministry of Statistics and Programme Implementation,Infrastructure and Project Monitoring Division,PAIMANA,Projects Report - Public Dashboard,March 2026,True,False
1079,Roads & Highways,Ministry of Road Transport & Highways,MoRTH,618228,construction of a new 4 lane Parallel to existing MG Setu with its approaces from km 0.00 to km 14.500 across river Ganga on NH-19 at Patna in the state of Bihar.,2926,,0.0,70,2024-09-22,2027-06-30,2019-02-12,1011,1,,,0.0,0.0,2024,2027,2019.0,Ministry of Statistics and Programme Implementation,Infrastructure and Project Monitoring Division,PAIMANA,Projects Report - Public Dashboard,March 2026,True,False
1080,Roads & Highways,Ministry of Road Transport & Highways,MoRTH,618234,Construction of a new 4-lane major bridge across river Kosi at Phulaut including Rehabilitation and upgradation of existing Birpur and Bihpur section of NH-106 from km 106.000 to km 136.000 to 2-lane with paved shoulders in the State of Bihar on EPC mode,1478,,823.92,91,2024-06-06,2027-02-28,2018-09-20,997,1,,,0.5575,55.75,2024,2027,2018.0,Ministry of Statistics and Programme Implementation,Infrastructure and Project Monitoring Division,PAIMANA,Projects Report - Public Dashboard,March 2026,True,False
1081,Roads & Highways,Ministry of Road Transport & Highways,National Highways Authority of India [NHAI],618882,Construction of additional 3-Lane Bridge over River Ganga for connection between Buxar and Bharauli on NH-922 in the State of Uttar Pradesh and Bihar on Hybrid Annuity Mode,532,444.92,18.6,13,2028-02-19,2028-02-19,2024-03-15,0,0,-87.07999999999998,-16.37,0.035,3.5,2028,2028,2024.0,Ministry of Statistics and Programme Implementation,Infrastructure and Project Monitoring Division,PAIMANA,Projects Report - Public Dashboard,March 2026,True,False
1082,Roads & Highways,Ministry of Road Transport & Highways,MoRTH,617893,Construction of additional major Bridge with 4- lane configuration of length 1.48 km on NH-60 NH-14 over River Kangshabati from Km. 117.770 to Km 119.250 and additional major Bridge with 4- lane configuration of length 0.900 km on NH-60 NH-14 over River Shilabati from Km. 173.220 to Km 174.120 in the district of Paschim Medinipur of West Bengal under Annual Plan for FY 2023-24 on EPC mode. Job No 014-W8-2023-24/527 .,305,,0.0,0,2028-05-15,2028-05-15,2023-11-16,0,0,,,0.0,0.0,2028,2028,2023.0,Ministry of Statistics and Programme Implementation,Infrastructure and Project Monitoring Division,PAIMANA,Projects Report - Public Dashboard,March 2026,True,False
1083,Roads & Highways,Ministry of Road Transport & Highways,National Highways Authority of India [NHAI],618508,Construction of Additional Structures including Approaches in Vadodara Surat Section of NH48 between existing Km. 108.000 to Km. 250.000,907,907.39,240.75,46,2027-01-28,2027-01-28,2024-03-06,0,0,0.38999999999998636,0.04,0.2654,26.54,2027,2027,2024.0,Ministry of Statistics and Programme Implementation,Infrastructure and Project Monitoring Division,PAIMANA,Projects Report - Public Dashboard,March 2026,True,False
1084,Roads & Highways,Ministry of Road Transport & Highways,National Highways Authority of India [NHAI],618506,"Construction of Additional Structures, Improvement of Service Road & Maintenance of Six Lane Gurgaon-Jaipur Section of NH-48 old NH-8 between km 42700 to km 107100 in the State of Haryana",402,240.02,66.69,41,2027-05-05,2027-05-05,2024-05-29,0,0,-161.98,-40.29,0.1659,16.59,2027,2027,2024.0,Ministry of Statistics and Programme Implementation,Infrastructure and Project Monitoring Division,PAIMANA,Projects Report - Public Dashboard,March 2026,True,False
1085,Roads & Highways,Ministry of Road Transport & Highways,NHIDCL,618430,Construction of alternative highway to Gangtok in Sikkim via Bagrakot -Chuikhim-Nimbong -Kafer-Bakhim-Algarah-Rhenock in the State of West Bengal and from Rhenok-Rorathang-Pakyong along with spur from Aritar-Rolep-Menla in the State of Sikkim from Km 0.00 to Km 13.00 of Bagrakot -Kafer section of NH 717A on EPC Mode under Phase-A of SARDP-NE in the State of West Bengal PKG- IVA,403,,0.0,99,2022-04-03,2026-04-17,2018-03-22,1475,1,,,0.0,0.0,2022,2026,2018.0,Ministry of Statistics and Programme Implementation,Infrastructure and Project Monitoring Division,PAIMANA,Projects Report - Public Dashboard,March 2026,True,False
1086,Roads & Highways,Ministry of Road Transport & Highways,NHIDCL,618431,Construction of alternative highway to Gangtok in Sikkim via Bagrakot -Chuikhim-Nimbong -Kafer-Bakhim-Algarah-Rhenock in the State of West Bengal and from Rhenok-Rorathang-Pakyong along with spur from Aritar-Rolep-Menla in the State of Sikkim from Km 13.00 to Km 25.60 of Bagrakot -Kafer section of NH 717A on EPC Mode under Phase-A of SARDP-NE in the State of West Bengal PKG- IVB,296,,0.39,97,2023-04-05,2026-05-30,2018-03-22,1151,1,,,0.0013,0.13,2023,2026,2018.0,Ministry of Statistics and Programme Implementation,Infrastructure and Project Monitoring Division,PAIMANA,Projects Report - Public Dashboard,March 2026,True,False
1087,Roads & Highways,Ministry of Road Transport & Highways,MoRTH,618066,Construction of Amethi bypass Part-II at km.30.050 of NH-931 under EPC mode in the state of Uttar Pradesh,284,,24.5,42,2027-02-11,2027-02-11,2022-12-12,0,0,,,0.0863,8.63,2027,2027,2022.0,Ministry of Statistics and Programme Implementation,Infrastructure and Project Monitoring Division,PAIMANA,Projects Report - Public Dashboard,March 2026,True,False
1088,Roads & Highways,Ministry of Road Transport & Highways,NHAI,619301,Construction of Approach Road to Rail-cum- Road Bridge across river Ganga at Munger Ghat NH-333 B,538,633.91,197.77,100,2021-05-28,2026-04-30,,1798,1,95.90999999999997,17.83,0.3676,36.76,2021,2026,,Ministry of Statistics and Programme Implementation,Infrastructure and Project Monitoring Division,PAIMANA,Projects Report - Public Dashboard,March 2026,True,False
1089,Roads & Highways,Ministry of Road Transport & Highways,MoRTH,618157,Construction of Ater realignment & Bhind bypass Total length. 21.50 km Section of NH-552Extn. to Two lane with paved shoulder configuration in the State of Madhya Pradesh on EPC mode.,348,,0.0,68,2026-06-09,2026-06-09,2023-03-27,0,0,,,0.0,0.0,2026,2026,2023.0,Ministry of Statistics and Programme Implementation,Infrastructure and Project Monitoring Division,PAIMANA,Projects Report - Public Dashboard,March 2026,True,False
1090,Roads & Highways,Ministry of Road Transport & Highways,NHIDCL,618414,Construction of Balance work for 2-lane with hard shoulder of Peren- Dimapur section on NH-129A from Design Km 126.775 to Km 146.208 Length 19.433 Km in the state of Nagaland on EPC mode under NHO-TSP Package-II,259,,60.72,93,2025-09-09,2025-09-09,2021-01-18,0,0,,,0.2344,23.44,2025,2025,2021.0,Ministry of Statistics and Programme Implementation,Infrastructure and Project Monitoring Division,PAIMANA,Projects Report - Public Dashboard,March 2026,True,False
1091,Roads & Highways,Ministry of Road Transport & Highways,NHIDCL,618433,Construction of Balance work of 2-Lane with PS of Joram Koloriang Road from existing Km122.600 to km138.00 [Design Km108.724 to Km123.714] in Arunachal Pradesh on EPC Mode under SARDP-NE Pkg-7,185,,0.0,100,2022-04-02,2026-04-30,2017-02-15,1489,1,,,0.0,0.0,2022,2026,2017.0,Ministry of Statistics and Programme Implementation,Infrastructure and Project Monitoring Division,PAIMANA,Projects Report - Public Dashboard,March 2026,True,False
1092,Roads & Highways,Ministry of Road Transport & Highways,NHIDCL,618432,Construction of Balance work of 2-Lane with PS of Joram-Koloriang Road NH-713 on EPC basis from Design Km 44.989 to Km 61.547 Existing Km 50.050 to Km 70.000 in the state of Arunachal Pradesh under SARDP-NE Pkg-3,229,,0.0,100,2022-04-02,2023-07-03,2017-02-15,457,1,,,0.0,0.0,2022,2023,2017.0,Ministry of Statistics and Programme Implementation,Infrastructure and Project Monitoring Division,PAIMANA,Projects Report - Public Dashboard,March 2026,True,False
1093,Roads & Highways,Ministry of Road Transport & Highways,NHIDCL,618437,"Construction of Balance Work of 4-Laning of NH-37 Section between End of Moran Bypass to Bogibeel junction near Lapetketa Km. 561.700-Km. 580.875 under SARDP-NE, Phase 'A' in the State of Assam on EPC mode Pkg-I Road works & Toll Plaza",274,,90.6,100,2025-03-14,2025-08-11,2016-01-12,150,1,,,0.3307,33.07,2025,2025,2016.0,Ministry of Statistics and Programme Implementation,Infrastructure and Project Monitoring Division,PAIMANA,Projects Report - Public Dashboard,March 2026,True,False
1102,Roads & Highways,Ministry of Road Transport & Highways,NHIDCL,619186,Construction of Balance works of Major Bridge over Middle Strait Creek between Km.106.590 to km108.553 of NH-04 connecting South Andaman & Baratang Island in the Union Territory of Andaman & Nicobar Islands on EPC basis,263,371.88,0.0,10,2026-02-25,2026-12-31,2015-03-31,309,1,108.88,41.4,0.0,0.0,2026,2026,2015.0,Ministry of Statistics and Programme Implementation,Infrastructure and Project Monitoring Division,PAIMANA,Projects Report - Public Dashboard,March 2026,True,False
1103,Roads & Highways,Ministry of Road Transport & Highways,MoRTH,618054,Construction of Balrampur bypass with 2L flexible pavement configuration from km.223.000 of NH-330 to km.328.300 of NH-730 under EPC mode,516,,104.56,44,2026-02-02,2026-08-16,2022-12-13,195,1,,,0.2026,20.26,2026,2026,2022.0,Ministry of Statistics and Programme Implementation,Infrastructure and Project Monitoring Division,PAIMANA,Projects Report - Public Dashboard,March 2026,True,False
1104,Roads & Highways,Ministry of Road Transport & Highways,MoRTH,618243,Construction of Basti Ring Road Phase-I with 4L configuration for Basti City in the state of Uttar Pradesh on HAM mode,1139,,0.0,24,2027-06-12,2027-06-12,2022-12-08,0,0,,,0.0,0.0,2027,2027,2022.0,Ministry of Statistics and Programme Implementation,Infrastructure and Project Monitoring Division,PAIMANA,Projects Report - Public Dashboard,March 2026,True,False
1105,Roads & Highways,Ministry of Road Transport & Highways,MoRTH,618004,Construction of Bhabhua Bypass from Ch. 10800Design Ch. 10800 to Ch. 19860 Design Ch. 18150 and Chand Bypass from Ch. 38060 Design Ch. 36250 to Ch. 40460 Design Ch. 38650 and widening of existing road to 2 - lane with Paved shoulder from Ch. 40460 Design Ch. 38650 to Ch. 46860 Design Ch. 45050 of NH-219 Total length-16.150 Kmunder EPC mode in the state of Bihar,180,,0.0,0,2026-07-03,2027-04-30,2022-02-17,301,1,,,0.0,0.0,2026,2027,2022.0,Ministry of Statistics and Programme Implementation,Infrastructure and Project Monitoring Division,PAIMANA,Projects Report - Public Dashboard,March 2026,True,False
1106,Roads & Highways,Ministry of Road Transport & Highways,MoRTH,618083,Construction of byepass around Lohardaga town of NH-143A in the Sate of Jharkhand under EPC mode.,459,,0.0,2,2026-01-05,2026-09-30,2022-02-22,268,1,,,0.0,0.0,2026,2026,2022.0,Ministry of Statistics and Programme Implementation,Infrastructure and Project Monitoring Division,PAIMANA,Projects Report - Public Dashboard,March 2026,True,False
1107,Roads & Highways,Ministry of Road Transport & Highways,MoRTH,619005,Construction of bypass around Chatra Town on NH-22 old NH-99 in the state of Jharkhand under EPC Mode,235,199.2,0.0,5,2028-01-01,2026-01-05,2023-03-17,0,0,-35.80000000000001,-15.23,0.0,0.0,2028,2026,2023.0,Ministry of Statistics and Programme Implementation,Infrastructure and Project Monitoring Division,PAIMANA,Projects Report - Public Dashboard,March 2026,True,False
1108,Roads & Highways,Ministry of Road Transport & Highways,MoRTH,618028,"Construction of Bypass at Kuknoor, Yelburga, Gajendragada of Bhanapur Gaddanakeri section of NH-367 in the State of Karnataka under NHO on EPC mode under Annual Plan 2022-23. NH-367-KNT-2022-23-973 dated 08.02.2023",334,,37.36,20,2027-06-26,2027-06-25,2023-02-08,0,0,,,0.1119,11.19,2027,2027,2023.0,Ministry of Statistics and Programme Implementation,Infrastructure and Project Monitoring Division,PAIMANA,Projects Report - Public Dashboard,March 2026,True,False
1109,Roads & Highways,Ministry of Road Transport & Highways,MoRTH,617930,Construction of Bypass on NH-59 from Km 336/350 to 349/910 13.56 km near Berhampur town including 4-lane RoB in the state of Odisha.,197,,51.15,75,2025-12-11,2026-06-30,2021-03-31,201,1,,,0.2596,25.96,2025,2026,2021.0,Ministry of Statistics and Programme Implementation,Infrastructure and Project Monitoring Division,PAIMANA,Projects Report - Public Dashboard,March 2026,True,False
1111,Roads & Highways,Ministry of Road Transport & Highways,MoRTH,617904,Construction of Bypass road to Balangir town from km 72/400 Desing km 0/0 to km 79/800 Design km 11/670 of NH-26 in the State of Odisha.,239,,6.09,55,2025-10-25,2026-07-31,2022-02-22,279,1,,,0.0255,2.55,2025,2026,2022.0,Ministry of Statistics and Programme Implementation,Infrastructure and Project Monitoring Division,PAIMANA,Projects Report - Public Dashboard,March 2026,True,False
1112,Roads & Highways,Ministry of Road Transport & Highways,MoRTH,617925,Construction of Bypass to Khordha town from Km 294/000 to 300/300 on NH-57 including LA in the State of Odisha on EPC mode.,157,,33.61,82,2024-11-02,2026-06-30,2022-02-09,605,1,,,0.2141,21.41,2024,2026,2022.0,Ministry of Statistics and Programme Implementation,Infrastructure and Project Monitoring Division,PAIMANA,Projects Report - Public Dashboard,March 2026,True,False
1113,Roads & Highways,Ministry of Road Transport & Highways,MoRTH,617962,"Construction of Bypass to Madurai Achambathu Viratipathu in between km 6/850 10/382 of NH 49 Extn New NH 85 including Land Acquisition on Engineering, Procurement & Construction EPC basis Contract under NH O Annual Plan 2021-22 in the state of Tamil Nadu job No.NH-49 Extn New NH 85 - TN-2021-22-997",239,260.07,119.33,92,2026-08-23,2026-08-23,2022-03-21,0,0,21.069999999999993,8.82,0.4993,49.93,2026,2026,2022.0,Ministry of Statistics and Programme Implementation,Infrastructure and Project Monitoring Division,PAIMANA,Projects Report - Public Dashboard,March 2026,True,False
1114,Roads & Highways,Ministry of Road Transport & Highways,MoRTH,617924,Construction of bypass to Nayagarh town from km 235.469 to 252.482 of NH-57 including land acquisition in the state of Odisha.,300,,82.33,100,2025-04-30,2026-03-31,2022-01-20,335,1,,,0.2744,27.44,2025,2026,2022.0,Ministry of Statistics and Programme Implementation,Infrastructure and Project Monitoring Division,PAIMANA,Projects Report - Public Dashboard,March 2026,True,False
1115,Roads & Highways,Ministry of Road Transport & Highways,National Highways Authority of India [NHAI],618950,Construction of Bypass to NH-114A Connecting NH-333 and NH-133 Deoghar Bypass from design km 0.000 to design Km 49.000,1565,,0.12,4,2028-01-27,2028-03-27,2024-11-27,60,1,,,0.0001,0.01,2028,2028,2024.0,Ministry of Statistics and Programme Implementation,Infrastructure and Project Monitoring Division,PAIMANA,Projects Report - Public Dashboard,March 2026,True,False
1117,Roads & Highways,Ministry of Road Transport & Highways,MoRTH,618262,Construction of Deoria Bypass from existing Km. 27.140 to existing Km. 46.780 Design Km. 49.109 on NH727A Design length 21.969 Km. to four lane with paved shoulder configuration under Hybrid Annuity Mode HAM in the State of Uttar Pradesh,1735,,0.0,7,2027-07-31,2027-07-31,2023-03-27,0,0,,,0.0,0.0,2027,2027,2023.0,Ministry of Statistics and Programme Implementation,Infrastructure and Project Monitoring Division,PAIMANA,Projects Report - Public Dashboard,March 2026,True,False
1118,Roads & Highways,Ministry of Road Transport & Highways,MoRTH,618079,Construction of Dharmagarh Bypass on NH-130C including land acquisition in the state of Odisha on EPC Mode under Annual plan 2022-23.,173,,0.0,15,2026-10-21,2026-10-21,2023-03-13,0,0,,,0.0,0.0,2026,2026,2023.0,Ministry of Statistics and Programme Implementation,Infrastructure and Project Monitoring Division,PAIMANA,Projects Report - Public Dashboard,March 2026,True,False
1119,Roads & Highways,Ministry of Road Transport & Highways,MoRTH,619004,"Construction of Dubrajpur Bypass with 4-lane configuration of length 5.676 km on NH-60 new NH-14 from design chainage 0.00 existing km 316.135 on NH-60 to design chainage 5.676 existing km 320.980 on NH-60 in the district of Birbhum, West Bengal under Annual Plan 2022-23 in EPC Mode- reg. Job. No. 014-WB-2022-23/518 .",561,,0.0,2,2027-12-18,2027-12-18,2023-03-29,0,0,,,0.0,0.0,2027,2027,2023.0,Ministry of Statistics and Programme Implementation,Infrastructure and Project Monitoring Division,PAIMANA,Projects Report - Public Dashboard,March 2026,True,False
1120,Roads & Highways,Ministry of Road Transport & Highways,MoRTH,617935,"Construction of Elevated corridor from Km. 135.650 to 136.300 on 63, from Km. 249 to Km. 250.050 on old NH-4 and from Km. 192.910 to Km. 193.350 on NH-218 from decongestion of traffic in Ranichennamma circle in Hubli city in the state of Karnataka on EPC basis",298,349.49,167.23,52,2024-06-04,2026-11-30,2020-08-31,909,1,51.49000000000001,17.28,0.5612,56.12,2024,2026,2020.0,Ministry of Statistics and Programme Implementation,Infrastructure and Project Monitoring Division,PAIMANA,Projects Report - Public Dashboard,March 2026,True,False
1121,Roads & Highways,Ministry of Road Transport & Highways,National Highways Authority of India [NHAI],618525,Construction of flyover at Gammon Junction at Km.903.265 on NH16 including vent at Diwancheruvu junction at Km.902.308 Blackspot ID No.AP03299 in Andhra Pradesh on EPC mode under NHO,327,223.29,5.34,6,2027-10-20,2027-10-20,2025-03-07,0,0,-103.71000000000001,-31.72,0.0163,1.63,2027,2027,2025.0,Ministry of Statistics and Programme Implementation,Infrastructure and Project Monitoring Division,PAIMANA,Projects Report - Public Dashboard,March 2026,True,False
1122,Roads & Highways,Ministry of Road Transport & Highways,National Highways Authority of India [NHAI],619141,Construction of four lane access controlled highway from Chillakuru cross road to Turpu KanupurPart 1 of Package - II km 0.000 131.500 of NH - 16 to km 23.770 on New NH-516W including sixlane flyover and approaches on NH-16 length km 1.050 and six lane access controlled from TurpuKanupur to Port South Gate Part 2 of Package - II km 23.770 to km 35.015 on New NH-516W inthe state of Andhra Pradesh on HAM Mode under Bharatmala Pariyojana Phase I,864,844.39,294.13,50,2025-12-06,2026-11-22,2022-08-10,351,1,-19.610000000000014,-2.27,0.3404,34.04,2025,2026,2022.0,Ministry of Statistics and Programme Implementation,Infrastructure and Project Monitoring Division,PAIMANA,Projects Report - Public Dashboard,March 2026,True,False
1123,Roads & Highways,Ministry of Road Transport & Highways,National Highways Authority of India [NHAI],618853,Construction of Four lane Elevated Structure at Raniwada Circle in Sanchore City on NH-68,353,241.34,156.66,79,2026-07-11,2026-07-11,2024-01-29,0,0,-111.66,-31.63,0.4438,44.38,2026,2026,2024.0,Ministry of Statistics and Programme Implementation,Infrastructure and Project Monitoring Division,PAIMANA,Projects Report - Public Dashboard,March 2026,True,False
1124,Roads & Highways,Ministry of Road Transport & Highways,National Highways Authority of India [NHAI],618883,Construction of Four Lane Highway form Ghazipur- Ballia-UP/Bihar State Border Greenfield section of NH-31 Package I [from Hridaipur km 0.000 to Shahapur km 42.500] on EPC Mode in the state of Uttar Pradesh.,1706,1579.59,799.01,99,2025-07-02,2026-04-30,2022-10-07,302,1,-126.41000000000008,-7.41,0.4684,46.84,2025,2026,2022.0,Ministry of Statistics and Programme Implementation,Infrastructure and Project Monitoring Division,PAIMANA,Projects Report - Public Dashboard,March 2026,True,False
1125,Roads & Highways,Ministry of Road Transport & Highways,National Highways Authority of India [NHAI],618884,Construction of Four Lane Highway from Ghazipur- Ballia-UP/Bihar State Border Greenfield section of NH-31 Package II [from Shahapur km 42.500 to Pindari km 78.150] on EPC Mode in the state of Uttar Pradesh.,1494,1311.44,679.94,95,2025-10-26,2026-07-31,2022-10-14,278,1,-182.55999999999995,-12.22,0.4551,45.51,2025,2026,2022.0,Ministry of Statistics and Programme Implementation,Infrastructure and Project Monitoring Division,PAIMANA,Projects Report - Public Dashboard,March 2026,True,False
1126,Roads & Highways,Ministry of Road Transport & Highways,National Highways Authority of India [NHAI],619154,Construction of Four Lane Highway from Ghazipur- Ballia-UP/Bihar State Border Greenfield section of NH-31 Package III [from Pindari km 78.150 to Rawalganj Bypass Km 117.120] on EPC Mode in the state of Uttar Pradesh.,1494,1493.59,509.37,75,2025-08-28,2026-08-15,2022-10-05,352,1,-0.41000000000008185,-0.03,0.3409,34.09,2025,2026,2022.0,Ministry of Statistics and Programme Implementation,Infrastructure and Project Monitoring Division,PAIMANA,Projects Report - Public Dashboard,March 2026,True,False
1127,Roads & Highways,Ministry of Road Transport & Highways,National Highways Authority of India [NHAI],618885,Construction of Four Lane Highway from Ghazipur- Ballia-UP/Bihar State Border Greenfield section of NH-31 Package IV [from Buxur Spur of length km 17.270 on EPC Mode in the state of Uttar Pradesh.,618,549.02,232.0,84,2025-06-14,2026-08-31,2022-10-12,443,1,-68.98000000000002,-11.16,0.3754,37.54,2025,2026,2022.0,Ministry of Statistics and Programme Implementation,Infrastructure and Project Monitoring Division,PAIMANA,Projects Report - Public Dashboard,March 2026,True,False
1128,Roads & Highways,Ministry of Road Transport & Highways,MoRTH,618164,Construction of four lane highway with paved shoulder from Km.74.700 to Km.112.950 of NH-731A i/c Yamuna Bridge on HAM in the state of Uttar Pradesh.,1142,1157.31,0.0,80,2026-06-23,2026-06-23,2022-03-30,0,0,15.309999999999945,1.34,0.0,0.0,2026,2026,2022.0,Ministry of Statistics and Programme Implementation,Infrastructure and Project Monitoring Division,PAIMANA,Projects Report - Public Dashboard,March 2026,True,False
1129,Roads & Highways,Ministry of Road Transport & Highways,MoRTH,618003,Construction of four lane ROB and its approaches in lieu of existing Level Crossing No. RV-71 at km 435 on NH-217 New NH-353 at Khariar including land acquisition under NHO in Annual Plan 2021-22 for the state of Odisha for F.Y. 2021-22 to F.Y 2033-34,154,,22.32,72,2024-12-26,2026-06-30,2021-11-15,551,1,,,0.1449,14.49,2024,2026,2021.0,Ministry of Statistics and Programme Implementation,Infrastructure and Project Monitoring Division,PAIMANA,Projects Report - Public Dashboard,March 2026,True,False
1130,Roads & Highways,Ministry of Road Transport & Highways,MoRTH,618059,Construction of four-lane Concrete Road from Police Headquarter Gondia City to Rawanwadi Village Birsi Airport Junction from design km 0.000 to km 15.781 existing km 39/720 of NH-753 to existing Km 8/400 of NH 543 on sections from Kohmara- Goregaon- Police HeadquarterKaranja - Collector Office Square - Balaghat T Point- Rawanwadi- Rajegaon of NH-753 and NH-543 in Gondia District in the state of Maharashtra. Total Length of the project 15.781 Km.,328,,0.0,34,2025-08-14,2026-07-17,2023-02-14,337,1,,,0.0,0.0,2025,2026,2023.0,Ministry of Statistics and Programme Implementation,Infrastructure and Project Monitoring Division,PAIMANA,Projects Report - Public Dashboard,March 2026,True,False
1131,Roads & Highways,Ministry of Road Transport & Highways,MoRTH,618008,"Construction of four-lane elevated viaduct from km.4634 to km.6345 on NH-24A including Retaining wall, service lane, at grade road and improvement of junctions, on EPC mode",185,269.81,175.09,100,2023-09-27,2024-12-31,2021-03-31,461,1,84.81,45.84,0.9464,94.64,2023,2024,2021.0,Ministry of Statistics and Programme Implementation,Infrastructure and Project Monitoring Division,PAIMANA,Projects Report - Public Dashboard,March 2026,True,False
1132,Roads & Highways,Ministry of Road Transport & Highways,MoRTH,618120,construction of Four-Lane of chausa-Buxar Bypass from Km 45.000 to Km 65.915 Package - 2 in the State of Bihar on EPC Mode.,1060,,0.0,0,2028-01-13,2028-01-13,2022-09-22,0,0,,,0.0,0.0,2028,2028,2022.0,Ministry of Statistics and Programme Implementation,Infrastructure and Project Monitoring Division,PAIMANA,Projects Report - Public Dashboard,March 2026,True,False
1133,Roads & Highways,Ministry of Road Transport & Highways,National Highways Authority of India [NHAI],619068,Construction of Greenfield Connectivity to Jewar International Airport from DND-Faridabad-Ballabhgarh Bypass KMP Link - Spur to Delhi Mumbai Expressway,2921,3485.77,941.1,67,2025-06-21,2027-04-16,2022-07-07,664,1,564.77,19.33,0.3222,32.22,2025,2027,2022.0,Ministry of Statistics and Programme Implementation,Infrastructure and Project Monitoring Division,PAIMANA,Projects Report - Public Dashboard,March 2026,True,False
1134,Roads & Highways,Ministry of Road Transport & Highways,NHIDCL,618412,Construction of i Connecting Road from Z-Morh Tunnel to Zojila Tunnel Road Length 18.475km and ii 14.150 Km long 2-L Bi-directional single tube Zoji-la Tunnel across Zojila Pass on Sonamarg - Kargil section from Km 82 to Km 118 of NH-01 under PMDP,6809,,3214.27,66,2026-09-30,2028-02-28,2018-01-18,516,1,,,0.4721,47.21,2026,2028,2018.0,Ministry of Statistics and Programme Implementation,Infrastructure and Project Monitoring Division,PAIMANA,Projects Report - Public Dashboard,March 2026,True,False
1135,Roads & Highways,Ministry of Road Transport & Highways,NHIDCL,618405,"Construction of Intermediate Lane of Pango to Jorging Road from 0000 to Design Km Design Km 40000 Design Length 40.00 Km, Pkg-l, Greenfield Alignment in the State of Arunachal Pradesh on EPC mode Pkg-1",898,,0.0,35,2027-07-16,2027-07-16,2024-01-15,0,0,,,0.0,0.0,2027,2027,2024.0,Ministry of Statistics and Programme Implementation,Infrastructure and Project Monitoring Division,PAIMANA,Projects Report - Public Dashboard,March 2026,True,False
1136,Roads & Highways,Ministry of Road Transport & Highways,NHIDCL,618403,Construction of Intermediate Lane Road with hard shoulder from design Km 0.000 to Km 17.387 Total length 17.387 km of Hunli to Ithun Bridge section on NH-913 Frontier Highway in State of Arunachal Pradesh on EPC mode under NHO-NE,276,,0.0,49,2027-01-30,2027-01-30,2024-02-27,0,0,,,0.0,0.0,2027,2027,2024.0,Ministry of Statistics and Programme Implementation,Infrastructure and Project Monitoring Division,PAIMANA,Projects Report - Public Dashboard,March 2026,True,False
1137,Roads & Highways,Ministry of Road Transport & Highways,NHIDCL,618402,"Construction of Intermediate Lane with Hard Shoulder of Hunli to Hayuliang from Design Km 0.000 to Km 53.000 Design Length 53.000 km, Greenfield Section of Frontier Highway NH-913 in the State of Arunachal Pradesh on EPC Mode Package-I",1262,,233.81,17,2028-02-29,2028-03-01,2024-02-27,1,1,,,0.1853,18.53,2028,2028,2024.0,Ministry of Statistics and Programme Implementation,Infrastructure and Project Monitoring Division,PAIMANA,Projects Report - Public Dashboard,March 2026,True,False
1138,Roads & Highways,Ministry of Road Transport & Highways,NHIDCL,618401,"Construction of Intermediate Lane with Hard Shoulder of Hunli to Hayuliang Package-III from design Km 60.000 to Km 121.500 Design Length 61.500 km, Greenfield Section of Frontier Highway NH-913 in the State of Arunachal Pradesh on EPC Mode Pkg-3",1419,,0.0,2,2028-07-17,2028-07-17,2024-02-27,0,0,,,0.0,0.0,2028,2028,2024.0,Ministry of Statistics and Programme Implementation,Infrastructure and Project Monitoring Division,PAIMANA,Projects Report - Public Dashboard,March 2026,True,False
1140,Roads & Highways,Ministry of Road Transport & Highways,MoRTH,617922,Construction of Jharsuguda Bypass including Land acqusition on NH-49 from km 258.636 to km 283.300 design chainage 258.636 to km 289.876 under NHO in Annual Plan 2022-23 for the state of Odisha Job No.NH-49-OD-2022-23-655,587,,52.43,21,2027-07-07,2027-07-07,2021-09-26,0,0,,,0.0893,8.93,2027,2027,2021.0,Ministry of Statistics and Programme Implementation,Infrastructure and Project Monitoring Division,PAIMANA,Projects Report - Public Dashboard,March 2026,True,False
1141,Roads & Highways,Ministry of Road Transport & Highways,MoRTH,618068,"Construction of Kaithi-Padaria Kala bypass, Patna-Tamoli bypass, Jaso bypass and Nagod bypass total length 15.44 Km to 2-lane with paved shoulders flexible pavement on NH-943 in the State of Madhya Pradesh on EPC Mode.",158,,0.0,60,2025-10-06,2026-12-31,2022-03-04,451,1,,,0.0,0.0,2025,2026,2022.0,Ministry of Statistics and Programme Implementation,Infrastructure and Project Monitoring Division,PAIMANA,Projects Report - Public Dashboard,March 2026,True,False
1142,Roads & Highways,Ministry of Road Transport & Highways,MoRTH,618129,"Construction of Kasrawad bypass, Selani bypass, Khargone bypass & Bistan bypass Total length. 31.950 km Section of NH-347 C to Two lane with paved shoulder configuration in the State of Madhya Pradesh on EPC mode.",468,,0.0,86,2026-12-31,2026-12-31,2023-03-24,0,0,,,0.0,0.0,2026,2026,2023.0,Ministry of Statistics and Programme Implementation,Infrastructure and Project Monitoring Division,PAIMANA,Projects Report - Public Dashboard,March 2026,True,False
1143,Roads & Highways,Ministry of Road Transport & Highways,NHIDCL,618399,Construction of Kishtwar bypass with 2 lane with paved shoulder from Design Km. 80.675 Dulhasti to km 95.550 Bandarkoot of 14.88 km & a link road to Kishtwar town from 0000 to 1.871 of length1.871 Km on Khellani - Kishtwar - Chattroo section in UT of Jammu and Kashmir on EPC Mode Pkg-4,860,,308.95,50,2023-08-23,2027-06-30,2021-03-30,1407,1,,,0.3592,35.92,2023,2027,2021.0,Ministry of Statistics and Programme Implementation,Infrastructure and Project Monitoring Division,PAIMANA,Projects Report - Public Dashboard,March 2026,True,False
1144,Roads & Highways,Ministry of Road Transport & Highways,National Highways Authority of India [NHAI],618554,Construction of left out portion of Agra Inner Ring Road connecting village Deori to NH-44 village Bad from Km. 0.000 to Km. 7.772,879,787.58,611.57,91,2024-09-19,2026-05-31,2022-07-15,619,1,-91.41999999999996,-10.4,0.6958,69.58,2024,2026,2022.0,Ministry of Statistics and Programme Implementation,Infrastructure and Project Monitoring Division,PAIMANA,Projects Report - Public Dashboard,March 2026,True,False
1145,Roads & Highways,Ministry of Road Transport & Highways,NHIDCL,618404,Construction of lntermediate Lane Road with hard shoulder from design chainage Km 0.000 to Km 53.040 Existing Length68.500 Km & Total Design length 53.04 km of Tato to Monigong section of NH-913 Frontier Highway on Nafra Bomdila to Vijaynagar along China border in state of Arunachal pradesh on EPC mode,626,,0.0,21,2027-11-14,2027-11-14,2023-12-07,0,0,,,0.0,0.0,2027,2027,2023.0,Ministry of Statistics and Programme Implementation,Infrastructure and Project Monitoring Division,PAIMANA,Projects Report - Public Dashboard,March 2026,True,False
1147,Roads & Highways,Ministry of Road Transport & Highways,MoRTH,617989,Construction of Major Bridge at Km.180.865 across river Krishna on NH 167 Hagari Jadcherla section,157,187.61,103.33,68,2021-11-06,2026-03-31,2019-03-06,1606,1,30.610000000000014,19.5,0.6582,65.82,2021,2026,2019.0,Ministry of Statistics and Programme Implementation,Infrastructure and Project Monitoring Division,PAIMANA,Projects Report - Public Dashboard,March 2026,True,False
1148,Roads & Highways,Ministry of Road Transport & Highways,NHAI,618956,Construction of Major Bridge over Baghmati and Lakhandei River along with Approaches from Design km.16.500 to km.21.500,499,380.3,3.19,17,2027-04-30,2027-04-30,2024-02-14,0,0,-118.69999999999999,-23.79,0.0064,0.64,2027,2027,2024.0,Ministry of Statistics and Programme Implementation,Infrastructure and Project Monitoring Division,PAIMANA,Projects Report - Public Dashboard,March 2026,True,False
1149,Roads & Highways,Ministry of Road Transport & Highways,MoRTH,617895,Construction of Mangaldoi Bypass NH-15 starting at Ch 26400 and terminating at Ch 41505 under Rangia NH Division L 15.105 Km in the State of Assam. Job No. 15/AS/2021-22/234,535,,161.56,95,2025-04-28,2026-12-09,2022-03-30,590,1,,,0.302,30.2,2025,2026,2022.0,Ministry of Statistics and Programme Implementation,Infrastructure and Project Monitoring Division,PAIMANA,Projects Report - Public Dashboard,March 2026,True,False
1150,Roads & Highways,Ministry of Road Transport & Highways,MoRTH,618081,Construction of Mariahu Bypass with four lane paved shoulder configuration Km. 53.540 to Km.59.200 of NH-135A on EPC mode in the state of Uttar Pradesh,438,362.39,0.0,50,2026-02-28,2026-06-30,2023-03-01,122,1,-75.61000000000001,-17.26,0.0,0.0,2026,2026,2023.0,Ministry of Statistics and Programme Implementation,Infrastructure and Project Monitoring Division,PAIMANA,Projects Report - Public Dashboard,March 2026,True,False
1152,Roads & Highways,Ministry of Road Transport & Highways,MoRTH,618156,"Construction of Morena bypass, Ambah bypass & Porsa bypass Totat length 27.16 km Section of NH-552 Ext. to TWo lane with paved shoulder configuration in the state of Madhya Pradesh on EPC mode",493,,0.0,63,2026-10-02,2026-10-02,2023-02-08,0,0,,,0.0,0.0,2026,2026,2023.0,Ministry of Statistics and Programme Implementation,Infrastructure and Project Monitoring Division,PAIMANA,Projects Report - Public Dashboard,March 2026,True,False
1153,Roads & Highways,Ministry of Road Transport & Highways,MoRTH,618159,"Construction of new 2 Lane with paved shoulders of NH Standards from km 0.080 to km 11.690 L11.610 km in Majuli and from km 19.715 to km 27.484 L 7.769 km in Jorhat on the newly declared NH 715K and construction of 1.10 km flyover on NH-715 with its approaches and service roads L1.10 km, Total Length 20.479 km in the State of Assam Job No. 715K/AS/2023-24/256",382,,19.65,0,2027-03-28,2027-03-28,2024-02-23,0,0,,,0.0514,5.14,2027,2027,2024.0,Ministry of Statistics and Programme Implementation,Infrastructure and Project Monitoring Division,PAIMANA,Projects Report - Public Dashboard,March 2026,True,False
1154,Roads & Highways,Ministry of Road Transport & Highways,NHIDCL,618286,Construction of New 2-Lane Bridge with its approaches from km 0000 to Km 4385 across River Brahmaputra on NH-17 at Jogighopa in Assam on EPC mode,747,,410.28,76,2024-11-10,2026-12-18,2021-09-09,768,1,,,0.5492,54.92,2024,2026,2021.0,Ministry of Statistics and Programme Implementation,Infrastructure and Project Monitoring Division,PAIMANA,Projects Report - Public Dashboard,March 2026,True,False
1155,Roads & Highways,Ministry of Road Transport & Highways,MoRTH,617926,Construction of new 4 lane major bridge with approaches on Sabarmati River near Dharoi at Km. 82/00 to 86/00 Design length 3.300 km on NH-58 in the State of Gujarat on Hybrid Annuity Mode HAM,398,,0.0,28,2027-08-19,2027-08-19,2024-03-15,0,0,,,0.0,0.0,2027,2027,2024.0,Ministry of Statistics and Programme Implementation,Infrastructure and Project Monitoring Division,PAIMANA,Projects Report - Public Dashboard,March 2026,True,False
1156,Roads & Highways,Ministry of Road Transport & Highways,MoRTH,618246,Construction of New 4-Lane Bridge Parallel to existing Vikramashila Setufrom km 8920 to Km 13375including approach road 35m Naugachhia side &53 m Bhagalpur sideacross River Ganga on newly declared NH-131B at Bhagalpur in the State of Bihar,1110,,0.0,49,2027-05-08,2027-05-08,2020-07-17,0,0,,,0.0,0.0,2027,2027,2020.0,Ministry of Statistics and Programme Implementation,Infrastructure and Project Monitoring Division,PAIMANA,Projects Report - Public Dashboard,March 2026,True,False
1157,Roads & Highways,Ministry of Road Transport & Highways,National Highways Authority of India [NHAI],618801,Construction of New Double Tier 4-lane Elevated Corridor from Chennai Port to Maduravoyal in Chennai District from Km -0342 to Km 20223 Package 1 from Km -0342 to Km 4604,1389,1388.59,150.68,21,2026-05-20,2027-11-16,2023-03-15,545,1,-0.41000000000008185,-0.03,0.1085,10.85,2026,2027,2023.0,Ministry of Statistics and Programme Implementation,Infrastructure and Project Monitoring Division,PAIMANA,Projects Report - Public Dashboard,March 2026,True,False
1158,Roads & Highways,Ministry of Road Transport & Highways,National Highways Authority of India [NHAI],618800,Construction of New Double Tier 4L Elevated Corridor from Chennai Port to Maduravoyal in Chennai District from km -0.342 to Km 20.593 and Package II from Km 4.604 to Km 9.700,1617,1616.97,141.23,17,2026-05-20,2027-11-16,2023-03-15,545,1,-0.029999999999972715,-0.0,0.0873,8.73,2026,2027,2023.0,Ministry of Statistics and Programme Implementation,Infrastructure and Project Monitoring Division,PAIMANA,Projects Report - Public Dashboard,March 2026,True,False
1159,Roads & Highways,Ministry of Road Transport & Highways,National Highways Authority of India [NHAI],619139,Construction of New Double Tier 4L Elevated Corridor from Chennai Port to Maduravoyal in Chennai District from km -0.342 to Km 20.593 and Package III from Km 9.700 to Km 14.185,1299,1299.36,123.13,16,2026-05-20,2027-11-16,2023-03-15,545,1,0.35999999999989996,0.03,0.0948,9.48,2026,2027,2023.0,Ministry of Statistics and Programme Implementation,Infrastructure and Project Monitoring Division,PAIMANA,Projects Report - Public Dashboard,March 2026,True,False
1160,Roads & Highways,Ministry of Road Transport & Highways,National Highways Authority of India [NHAI],619045,Construction of New Double Tier 4L Elevated Corridor from Chennai Port to Maduravoyal in Chennai District from km -0.342 to Km 20.593 and Package IV from Km 14.185 to Km 20.593,1205,1210.21,39.06,7,2026-05-20,2027-11-16,2023-03-15,545,1,5.210000000000036,0.43,0.0324,3.24,2026,2027,2023.0,Ministry of Statistics and Programme Implementation,Infrastructure and Project Monitoring Division,PAIMANA,Projects Report - Public Dashboard,March 2026,True,False
1161,Roads & Highways,Ministry of Road Transport & Highways,MoRTH,617932,Construction of New Four Lane Bypass to Parbhani City Parwa to Asola Km 463/265 to Km 481/180 Design Ch. 19220 to Ch. 34434 Length-15.214 Km section of NH-61 on EPC mode in the State of Maharashtra.,497,,0.0,68,2024-10-15,2026-06-09,2022-03-29,602,1,,,0.0,0.0,2024,2026,2022.0,Ministry of Statistics and Programme Implementation,Infrastructure and Project Monitoring Division,PAIMANA,Projects Report - Public Dashboard,March 2026,True,False
1162,Roads & Highways,Ministry of Road Transport & Highways,MoRTH,617960,Construction of new road at the missing link portion of NH-81 along approved alignment between Harishchandrapur and Eastern approach of Kalindri Bridge from Km 46.550 to Km 59.697 in the district of Malda. Job No-081-WB-2015-16/400,271,291.2,209.23,84,2018-11-01,2026-06-30,2016-08-12,2798,1,20.19999999999999,7.45,0.7721,77.21,2018,2026,2016.0,Ministry of Statistics and Programme Implementation,Infrastructure and Project Monitoring Division,PAIMANA,Projects Report - Public Dashboard,March 2026,True,False
1163,Roads & Highways,Ministry of Road Transport & Highways,NHIDCL,618355,"Construction of of 2 -Lane with paved shoulders road from Tamenglong-Tousem-Lisang-Mahur Road NH-137 starting near Dialong Village from km 10.000 at Dialong to km 31.430 near Old Tamenglong , near Barak River on EPC Mode Package-2",484,,361.96,94,2023-03-16,2026-03-31,2021-07-20,1111,1,,,0.7479,74.79,2023,2026,2021.0,Ministry of Statistics and Programme Implementation,Infrastructure and Project Monitoring Division,PAIMANA,Projects Report - Public Dashboard,March 2026,True,False
1164,Roads & Highways,Ministry of Road Transport & Highways,MoRTH,618254,Construction of Paderu bypass Km 0000 to Km 13000 of 2- lane with paved shoulder on NH-516E,244,,11.67,13,2026-07-08,2026-12-31,2023-03-29,176,1,,,0.0478,4.78,2026,2026,2023.0,Ministry of Statistics and Programme Implementation,Infrastructure and Project Monitoring Division,PAIMANA,Projects Report - Public Dashboard,March 2026,True,False
1166,Roads & Highways,Ministry of Road Transport & Highways,MoRTH,617897,Construction of proposed 4Lane Revelgunj bypass NH-19 in the State of Bihar on EPC mode connecting NH 19 to 85 origin,295,,33.07,80,2025-07-09,2026-06-30,2022-03-31,356,1,,,0.1121,11.21,2025,2026,2022.0,Ministry of Statistics and Programme Implementation,Infrastructure and Project Monitoring Division,PAIMANA,Projects Report - Public Dashboard,March 2026,True,False
1167,Roads & Highways,Ministry of Road Transport & Highways,MoRTH,618244,Construction of Raebareli Ring Road Phase-2 with four Lane configuration for Raebareli City in the state of Uttar Pradesh on Hybrid Annuity Model HAM basis,1274,,0.0,42,2027-05-01,2027-05-01,2022-03-31,0,0,,,0.0,0.0,2027,2027,2022.0,Ministry of Statistics and Programme Implementation,Infrastructure and Project Monitoring Division,PAIMANA,Projects Report - Public Dashboard,March 2026,True,False
1168,Roads & Highways,Ministry of Road Transport & Highways,MoRTH,618204,Construction of realignment between Pandrass- Pashkyun Total length 27.10 km on road Zozila-Kargil -Leh NH-1 to 2 lane specifications i.e. Drass alignment 9.30 km Kharboo realignment 6.30 km & Kargil alignment 11.50 km under project Vijayak BRO in the UT of Ladakh on EPC Mode,426,,97.91,55,2025-06-18,2026-07-31,2021-11-09,408,1,,,0.2298,22.98,2025,2026,2021.0,Ministry of Statistics and Programme Implementation,Infrastructure and Project Monitoring Division,PAIMANA,Projects Report - Public Dashboard,March 2026,True,False
1169,Roads & Highways,Ministry of Road Transport & Highways,MoRTH,617909,Construction of Rewa Bypass to 4-lane with paved shoulder along with service road from Ratahara Chowk to Chorhata Chowk Road section of NH-30 from km 00.000 to 19.200 in the State of Madhya Pradesh on Hybrid Annuity Mode HAM.,648,,0.0,50,2027-02-26,2027-02-26,2024-03-15,0,0,,,0.0,0.0,2027,2027,2024.0,Ministry of Statistics and Programme Implementation,Infrastructure and Project Monitoring Division,PAIMANA,Projects Report - Public Dashboard,March 2026,True,False
1170,Roads & Highways,Ministry of Road Transport & Highways,National Highways Authority of India [NHAI],618540,Construction of Ring Road around Kanpur from Ch.23.325 to Ch.32.090 Chaudhariya to Transganga Package-IIA,1089,977.45,69.75,34,2027-10-31,2028-04-29,2024-08-02,181,1,-111.54999999999995,-10.24,0.064,6.4,2027,2028,2024.0,Ministry of Statistics and Programme Implementation,Infrastructure and Project Monitoring Division,PAIMANA,Projects Report - Public Dashboard,March 2026,True,False
1171,Roads & Highways,Ministry of Road Transport & Highways,National Highways Authority of India [NHAI],618538,Construction of Ring Road around kanpur from Ch.51.200 to Ch. 68.650 Badarka to Harbanch-Uchti Pkg-III,1793,1126.75,139.93,21,2027-07-27,2027-07-27,2023-09-06,0,0,-666.25,-37.16,0.078,7.8,2027,2027,2023.0,Ministry of Statistics and Programme Implementation,Infrastructure and Project Monitoring Division,PAIMANA,Projects Report - Public Dashboard,March 2026,True,False
1172,Roads & Highways,Ministry of Road Transport & Highways,National Highways Authority of India [NHAI],618536,Construction of Ring Road around Kanpur from Ch.68.650 to Ch.93.209 Jarkala to Pakari Package-IV in State of Uttar Pradesh.,1604,1192.16,157.34,28,2027-06-29,2027-06-29,2023-02-10,0,0,-411.8399999999999,-25.68,0.0981,9.81,2027,2027,2023.0,Ministry of Statistics and Programme Implementation,Infrastructure and Project Monitoring Division,PAIMANA,Projects Report - Public Dashboard,March 2026,True,False
1173,Roads & Highways,Ministry of Road Transport & Highways,National Highways Authority of India [NHAI],618537,Construction of Ring Road around Kanpur from Km.000 to Km. 23.325 Chachendi Sachendi I to Maharajpur Package-I,1754,1311.7,355.19,54,2026-06-06,2026-06-06,2023-01-01,0,0,-442.29999999999995,-25.22,0.2025,20.25,2026,2026,2023.0,Ministry of Statistics and Programme Implementation,Infrastructure and Project Monitoring Division,PAIMANA,Projects Report - Public Dashboard,March 2026,True,False
1174,Roads & Highways,Ministry of Road Transport & Highways,National Highways Authority of India [NHAI],618539,Construction of Ring Road Kanpur from Ch. 32.090 to Ch.51.200 Transganaga to Sathara Package-II B,1089,1106.92,36.93,12,2027-09-21,2027-09-21,2024-08-02,0,0,17.920000000000073,1.65,0.0339,3.39,2027,2027,2024.0,Ministry of Statistics and Programme Implementation,Infrastructure and Project Monitoring Division,PAIMANA,Projects Report - Public Dashboard,March 2026,True,False
1175,Roads & Highways,Ministry of Road Transport & Highways,MoRTH,617931,Construction of ROB and its approaches in lieu of LC No. 10/B/T at Km 307.050 of NH-60.,156,138.57,0.0,16,2025-08-06,2027-03-31,2016-03-04,602,1,-17.430000000000007,-11.17,0.0,0.0,2025,2027,2016.0,Ministry of Statistics and Programme Implementation,Infrastructure and Project Monitoring Division,PAIMANA,Projects Report - Public Dashboard,March 2026,True,False
1176,Roads & Highways,Ministry of Road Transport & Highways,MoRTH,617967,Construction of Rudraprayag tunnel of length 900.30 MTR including approaches and one major bridge on river Alaknanda connecting NH-107/old-109 to NH-07old-58 on EPC mode in the state of Uttarakhand.,252,,0.0,99,2025-07-25,2026-03-31,2021-02-16,249,1,,,0.0,0.0,2025,2026,2021.0,Ministry of Statistics and Programme Implementation,Infrastructure and Project Monitoring Division,PAIMANA,Projects Report - Public Dashboard,March 2026,True,False
1177,Roads & Highways,Ministry of Road Transport & Highways,National Highways Authority of India [NHAI],618912,Construction of Rudrapur Bypass Section from Km. 0.000 to 20.640 in the state of Uttar Pradesh & Uttarakhand,1052,1117.17,652.51,98,2026-01-11,2026-04-30,2023-03-27,109,1,65.17000000000007,6.19,0.6203,62.03,2026,2026,2023.0,Ministry of Statistics and Programme Implementation,Infrastructure and Project Monitoring Division,PAIMANA,Projects Report - Public Dashboard,March 2026,True,False
1178,Roads & Highways,Ministry of Road Transport & Highways,MoRTH,618260,"Construction of Salempur bypass to 4LPS from km 64.000 of NH-727A Km 171.00 of Sonauli Balia Marg, old SH-01, near Mahadahan Chauraha to km 61.500 of NH-727B Km 178.500 of Sonauli Balia Marg, old SH-01, near near Ahirauli Village under Hybrid Annuity Mode HAM in the State of Uttar Pradesh",1348,,0.0,24,2027-11-10,2027-11-11,2022-03-27,1,1,,,0.0,0.0,2027,2027,2022.0,Ministry of Statistics and Programme Implementation,Infrastructure and Project Monitoring Division,PAIMANA,Projects Report - Public Dashboard,March 2026,True,False
1179,Roads & Highways,Ministry of Road Transport & Highways,MoRTH,618057,Construction of Shohratgarh Bypass on NH-730 under EPC mode in the State of Uttar Pradesh,189,,0.0,46,2025-05-23,2026-12-31,2022-10-10,587,1,,,0.0,0.0,2025,2026,2022.0,Ministry of Statistics and Programme Implementation,Infrastructure and Project Monitoring Division,PAIMANA,Projects Report - Public Dashboard,March 2026,True,False
1181,Roads & Highways,Ministry of Road Transport & Highways,MoRTH,617980,Construction of six lane elevated corridor from km 7.950 Uppal to km 14.200 of NH-163 to De-Congest the urban limits of Hyderabad-Bhoopalapatnam section on EPC mode in the state of Telangana,627,,16.13,51,2020-07-01,2026-10-30,2018-03-27,2312,1,,,0.0257,2.57,2020,2026,2018.0,Ministry of Statistics and Programme Implementation,Infrastructure and Project Monitoring Division,PAIMANA,Projects Report - Public Dashboard,March 2026,True,False
1182,Roads & Highways,Ministry of Road Transport & Highways,MoRTH,617942,Construction of Six lane Elevated Corridor from Km. 508.000 to Km. 513.150 including approaches on NH-66,641,,0.0,79,2026-04-15,2026-10-14,2023-04-25,182,1,,,0.0,0.0,2026,2026,2023.0,Ministry of Statistics and Programme Implementation,Infrastructure and Project Monitoring Division,PAIMANA,Projects Report - Public Dashboard,March 2026,True,False
1183,Roads & Highways,Ministry of Road Transport & Highways,National Highways Authority of India [NHAI],618535,Construction of Six lane elevated flyover including reconstruction/rehabilitation of existing pavement from Km 406100 to Km 411150 Length 5.05 Km at Gobindpur area in the Barwa Adda Panagarh section of NH-19 from Km.398.240 to Km.521.120 including Panagarh Bypass in the State of Jharkhand on EPC Mode.,688,442.52,21.7,9,2028-03-21,2028-03-21,2025-01-27,0,0,-245.48000000000002,-35.68,0.0315,3.15,2028,2028,2025.0,Ministry of Statistics and Programme Implementation,Infrastructure and Project Monitoring Division,PAIMANA,Projects Report - Public Dashboard,March 2026,True,False
1184,Roads & Highways,Ministry of Road Transport & Highways,MoRTH,619042,"Construction of six lane Flyover at Katraj junction at Km, 3/880 of NH 548-DD Vadgaon - Katraj - Kondhwa - Mantarwadi Chowk - Loni Kalbhor - Theur Phata - Lonikand Road in Pune Dist of the State of Maharashtra. On Engineering Procurement and construction EPC Basis mode L.1.326 Km,",164,,0.0,78,2026-02-18,2023-02-25,2021-02-23,0,0,,,0.0,0.0,2026,2023,2021.0,Ministry of Statistics and Programme Implementation,Infrastructure and Project Monitoring Division,PAIMANA,Projects Report - Public Dashboard,March 2026,True,False
1185,Roads & Highways,Ministry of Road Transport & Highways,MoRTH,617950,Construction of Srinivasapura Bypass from existing Km 453.890 Design Ch. 0000 to existing Km 461.450 Design Ch 10080 on NH-69 in the State of Karnataka Under NH O in EPC mode under Annual Plan 2022-23 NH-69-KNT-2022-23-966 dated 22.11.2022,204,,0.0,0,2027-01-11,2027-01-11,2022-11-30,0,0,,,0.0,0.0,2027,2027,2022.0,Ministry of Statistics and Programme Implementation,Infrastructure and Project Monitoring Division,PAIMANA,Projects Report - Public Dashboard,March 2026,True,False
1186,Roads & Highways,Ministry of Road Transport & Highways,National Highways Authority of India [NHAI],618939,Construction of Standalone Flyover cum ROB from Design Ch.66.600 to Design Ch.68.800 in Gadchandur Town on NH-353B,191,107.76,17.78,27,2027-07-25,2027-07-25,2025-02-24,0,0,-83.24,-43.58,0.0931,9.31,2027,2027,2025.0,Ministry of Statistics and Programme Implementation,Infrastructure and Project Monitoring Division,PAIMANA,Projects Report - Public Dashboard,March 2026,True,False
1187,Roads & Highways,Ministry of Road Transport & Highways,National Highways Authority of India [NHAI],618480,Construction of Trumpet Interchange Connecting Bangalore Chennai Expressway km.261705 to km. 262800 with Maduravoyal to Walajapet Section of NH 48 near Sriperumbudur Toll Plaza at km. 35700,163,162.56,35.71,24,2025-08-23,2026-07-31,2023-05-03,342,1,-0.4399999999999977,-0.27,0.2191,21.91,2025,2026,2023.0,Ministry of Statistics and Programme Implementation,Infrastructure and Project Monitoring Division,PAIMANA,Projects Report - Public Dashboard,March 2026,True,False
1188,Roads & Highways,Ministry of Road Transport & Highways,National Highways Authority of India [NHAI],618549,Construction of twin tube tunnels on Jammu Kashmir Ring Road NH-244A Between Design Ch. 50600 to 51700 and design Ch. 53535 to 55700 on EPC mode under residual NHDP component of Bharatmala Pariyojna,243,731.59,638.36,84,2025-06-07,2026-06-30,2022-11-28,388,1,488.59000000000003,201.07,2.627,262.7,2025,2026,2022.0,Ministry of Statistics and Programme Implementation,Infrastructure and Project Monitoring Division,PAIMANA,Projects Report - Public Dashboard,March 2026,True,False
1190,Roads & Highways,Ministry of Road Transport & Highways,MoRTH,618170,Construction of Two lane with paved shoulder configuration of Shujalpur Bypass section of NH-752C from km 33100 Design to km. 42570 Design total design length 10.470 km in the State of Madhya Pradesh on EPC mode.,214,,0.0,35,2025-09-14,2026-05-29,2023-03-22,257,1,,,0.0,0.0,2025,2026,2023.0,Ministry of Statistics and Programme Implementation,Infrastructure and Project Monitoring Division,PAIMANA,Projects Report - Public Dashboard,March 2026,True,False
1191,Roads & Highways,Ministry of Road Transport & Highways,MoRTH,617891,"Construction of Two lane with Paved Shoulder for Fatehpur Bypass Design Km 0.000 to Km 7.400 , Mandawa Bypass Design Km 20.925 to Km 27.300 & Jhunjhunu Bypass Design Km 41.625 to Km 54.689 of NH-11 on EPC Mode in the state of Rajasthan .",186,,66.7,100,2024-08-13,2025-08-31,2022-03-30,383,1,,,0.3586,35.86,2024,2025,2022.0,Ministry of Statistics and Programme Implementation,Infrastructure and Project Monitoring Division,PAIMANA,Projects Report - Public Dashboard,March 2026,True,False
1192,Roads & Highways,Ministry of Road Transport & Highways,MoRTH,618075,Construction of two lane with paved shoulder from existing Km.0.000 to Km.55.610 design km. 0.000 to km. 54.048 of NH-124D,841,773.58,167.6,60,2026-02-08,2026-06-30,2021-12-22,142,1,-67.41999999999996,-8.02,0.1993,19.93,2026,2026,2021.0,Ministry of Statistics and Programme Implementation,Infrastructure and Project Monitoring Division,PAIMANA,Projects Report - Public Dashboard,March 2026,True,False
1193,Roads & Highways,Ministry of Road Transport & Highways,MoRTH,618071,Construction of two lane with paved shoulder Gangtok Bypass Road from Ranipool to Burtuk Ch 0.00 Km to 23.316 L23.316 Km in the State of Sikkim,385,342.89,0.0,90,2024-05-22,2026-06-30,2021-10-18,769,1,-42.110000000000014,-10.94,0.0,0.0,2024,2026,2021.0,Ministry of Statistics and Programme Implementation,Infrastructure and Project Monitoring Division,PAIMANA,Projects Report - Public Dashboard,March 2026,True,False
1194,Roads & Highways,Ministry of Road Transport & Highways,MoRTH,618169,Construction of Two Lane with paved shoulder highway from Design Ch.0.000 to Ch.49.2OO of NH-731B on EPC Mode,640,602.76,239.2,95,2025-11-29,2026-07-31,2022-03-24,244,1,-37.24000000000001,-5.82,0.3737,37.37,2025,2026,2022.0,Ministry of Statistics and Programme Implementation,Infrastructure and Project Monitoring Division,PAIMANA,Projects Report - Public Dashboard,March 2026,True,False
1196,Roads & Highways,Ministry of Road Transport & Highways,National Highways Authority of India [NHAI],618843,Construction of two lane with paved shoulders bypass to Mungrabadshapur town starting from near Kodahu at Km 47/225 of NH-319D and ending near Nauwadandi at Km 219/720 of NH-31 under NHO in the state of Uttar Pradesh on EPC mode,198,165.28,27.57,12,2027-03-21,2027-03-21,2025-02-13,0,0,-32.72,-16.53,0.1392,13.92,2027,2027,2025.0,Ministry of Statistics and Programme Implementation,Infrastructure and Project Monitoring Division,PAIMANA,Projects Report - Public Dashboard,March 2026,True,False
1197,Roads & Highways,Ministry of Road Transport & Highways,National Highways Authority of India [NHAI],618848,Construction of Underpass beneath airport runway on NH-31 old NH-56 for proposed expansion of runway of Babatpur Airport Varanasi,649,,0.09,7,2027-09-29,2027-09-29,2025-02-03,0,0,,,0.0001,0.01,2027,2027,2025.0,Ministry of Statistics and Programme Implementation,Infrastructure and Project Monitoring Division,PAIMANA,Projects Report - Public Dashboard,March 2026,True,False
1198,Roads & Highways,Ministry of Road Transport & Highways,MoRTH,617894,"Construction or 4 lane Raniganj Bypass of length 5.261 km on NH-60 new NH-14 from km 273.00 of NH to km 478.18 of NH-2 New NH 16 in paschim Bardhaman, West Bengal in EPC Mode- reg. Job No. 014-WB-2022-23/514",411,,157.03,63,2026-03-08,2026-12-31,2023-03-06,298,1,,,0.3821,38.21,2026,2026,2023.0,Ministry of Statistics and Programme Implementation,Infrastructure and Project Monitoring Division,PAIMANA,Projects Report - Public Dashboard,March 2026,True,False
1199,Roads & Highways,Ministry of Road Transport & Highways,MoRTH,617902,construction or By-pass road on NH-26 for Nabrangpur Town,169,,7.84,21,2026-12-01,2026-12-31,2023-03-27,30,1,,,0.0464,4.64,2026,2026,2023.0,Ministry of Statistics and Programme Implementation,Infrastructure and Project Monitoring Division,PAIMANA,Projects Report - Public Dashboard,March 2026,True,False
1200,Roads & Highways,Ministry of Road Transport & Highways,National Highways Authority of India [NHAI],618963,Construction work of 4-laning of Shahganj bypass end to Badi Package-IV of NH-146B from design km 102.000 to design km 142.357 Design length 40.357 km,784,836.64,284.02,40,2027-03-24,2027-03-24,2024-02-28,0,0,52.639999999999986,6.71,0.3623,36.23,2027,2027,2024.0,Ministry of Statistics and Programme Implementation,Infrastructure and Project Monitoring Division,PAIMANA,Projects Report - Public Dashboard,March 2026,True,False
1201,Roads & Highways,Ministry of Road Transport & Highways,NHIDCL,618390,"Construction, Operation & Maintenance of 2-L Bi-directional Silkyara Bend- Barkot Tunnel with escape passage including approaches Tunnel-4.531 & Approach road- 0.328 on Dharasu-Yamunotri section b/w Chainage 25.400km and 51.00km falling along NH-134 Old NH-94 on EPC mode",1384,,688.93,70,2022-07-08,2027-03-31,2018-03-09,1727,1,,,0.4978,49.78,2022,2027,2018.0,Ministry of Statistics and Programme Implementation,Infrastructure and Project Monitoring Division,PAIMANA,Projects Report - Public Dashboard,March 2026,True,False
1202,Roads & Highways,Ministry of Road Transport & Highways,NHIDCL,618426,Construction/Up gradation of Existing road to 2 Lane with Paved Shoulder including Geometric Improvement from Ranipool to Pakyong Balance work from Km 2.000 to 16.167 of NH-717-A on EPC basis under SARDP-NE Phase A in the State of Sikkim,265,380.94,0.0,85,2024-07-06,2026-04-30,2018-03-22,663,1,115.94,43.75,0.0,0.0,2024,2026,2018.0,Ministry of Statistics and Programme Implementation,Infrastructure and Project Monitoring Division,PAIMANA,Projects Report - Public Dashboard,March 2026,True,False
1203,Roads & Highways,Ministry of Road Transport & Highways,NHIDCL,619038,Construction/upgradation to 2-lane with paved shoulder from Design Km 95.55 Bandarkoot to Km. 111.06 Chattroo of 15.52 Km length on Khellani-Kishtwar-Chattroo section on NH-244 in UT of Jammu and Kashmir on EPC Mode Pkg-5,497,,240.1,100,2023-02-19,2025-06-06,2021-03-31,838,1,,,0.4831,48.31,2023,2025,2021.0,Ministry of Statistics and Programme Implementation,Infrastructure and Project Monitoring Division,PAIMANA,Projects Report - Public Dashboard,March 2026,True,False
1204,Roads & Highways,Ministry of Road Transport & Highways,National Highways Authority of India [NHAI],618849,Conversion of Partially Excavated Escape Tunnel to Uni-Directional 2L Tunnelincluding construction of cross passages and approach roads on either side of the tunnel from Km 12.732 to Km 14.568 of Kiratpur to Nerchowk Section of NH-21,444,412.88,394.6,100,2024-03-15,2026-04-30,2022-05-08,776,1,-31.120000000000005,-7.01,0.8887,88.87,2024,2026,2022.0,Ministry of Statistics and Programme Implementation,Infrastructure and Project Monitoring Division,PAIMANA,Projects Report - Public Dashboard,March 2026,True,False
1205,Roads & Highways,Ministry of Road Transport & Highways,National Highways Authority of India [NHAI],618550,Corridor Efficiency Improvement including removal of black spots in Lakhanpur - Samba section of NH-44 from Chainage Km. 16.300 to Km. 74.100,856,215.68,189.56,75,2024-06-11,2026-06-30,2022-06-16,749,1,-640.3199999999999,-74.8,0.2214,22.14,2024,2026,2022.0,Ministry of Statistics and Programme Implementation,Infrastructure and Project Monitoring Division,PAIMANA,Projects Report - Public Dashboard,March 2026,True,False
1206,Roads & Highways,Ministry of Road Transport & Highways,National Highways Authority of India [NHAI],619119,Cuttack-Angul Section of NH-42 New NH-55 from km 0.400 to km 60.200 Pkg-I in the State of Odisha,999,1178.31,497.62,99,2020-07-16,2026-04-30,2017-10-25,2114,1,179.30999999999995,17.95,0.4981,49.81,2020,2026,2017.0,Ministry of Statistics and Programme Implementation,Infrastructure and Project Monitoring Division,PAIMANA,Projects Report - Public Dashboard,March 2026,True,False
1207,Roads & Highways,Ministry of Road Transport & Highways,National Highways Authority of India [NHAI],619215,Cuttack-Angul Section of NH-42 New NH-55 from Km.60.200 to Km. 112.000 Pkg-II in the State of Odisha,991,1168.82,499.34,100,2020-09-06,2026-04-15,2017-10-25,2047,1,177.81999999999994,17.94,0.5039,50.39,2020,2026,2017.0,Ministry of Statistics and Programme Implementation,Infrastructure and Project Monitoring Division,PAIMANA,Projects Report - Public Dashboard,March 2026,True,False
1208,Roads & Highways,Ministry of Road Transport & Highways,National Highways Authority of India [NHAI],618518,Davanagere - Haveri of NH-48 Old NH-4 from km. 260.00 to km. 338.923,1455,1805.84,633.86,99,2020-07-24,2026-09-30,2017-01-12,2259,1,350.8399999999999,24.11,0.4356,43.56,2020,2026,2017.0,Ministry of Statistics and Programme Implementation,Infrastructure and Project Monitoring Division,PAIMANA,Projects Report - Public Dashboard,March 2026,True,False
1209,Roads & Highways,Ministry of Road Transport & Highways,National Highways Authority of India [NHAI],618804,Dedicated Port road to Krishnapatnam Port Package-I from Km. 0.000 to Km. 18.000,349,341.36,181.22,78,2020-12-19,2026-08-31,2018-03-27,2081,1,-7.639999999999986,-2.19,0.5193,51.93,2020,2026,2018.0,Ministry of Statistics and Programme Implementation,Infrastructure and Project Monitoring Division,PAIMANA,Projects Report - Public Dashboard,March 2026,True,False
1210,Roads & Highways,Ministry of Road Transport & Highways,National Highways Authority of India [NHAI],618497,Delhi Amritsar Katra Expressway Phase-II Pkg XVIII Development and Upgradation of Four lane Access Control Expressway from Design Chainage KM 530.00 to KM 545.300 Sidhra to Domel Section of NH-44,975,975.38,470.83,62,2025-11-19,2027-03-31,2022-12-20,497,1,0.37999999999999545,0.04,0.4829,48.29,2025,2027,2022.0,Ministry of Statistics and Programme Implementation,Infrastructure and Project Monitoring Division,PAIMANA,Projects Report - Public Dashboard,March 2026,True,False
1211,Roads & Highways,Ministry of Road Transport & Highways,National Highways Authority of India [NHAI],618482,Delhi-Amritsar-Katra Expressway Phase-I Pkg-I from Jussur Kheri on NH-KMP Expressway to Junction with Rohtak-Panipat road NH-709 near Rukhi Paani village Km 0000 to Km 34000,1866,2429.9,964.23,100,2023-12-26,2026-04-30,2020-12-07,856,1,563.9000000000001,30.22,0.5167,51.67,2023,2026,2020.0,Ministry of Statistics and Programme Implementation,Infrastructure and Project Monitoring Division,PAIMANA,Projects Report - Public Dashboard,March 2026,True,False
1212,Roads & Highways,Ministry of Road Transport & Highways,National Highways Authority of India [NHAI],618483,Delhi-Amritsar-Katra Expressway Phase-I Pkg-II from Junction with Rohtak-Panipat road NH-709 near Rukhi Paani village to Junction with Jind-Panipat road NH-352A near Gangana village Km 34000 to Km 60800,1534,1792.53,879.35,100,2024-01-13,2026-04-30,2020-12-23,838,1,258.53,16.85,0.5732,57.32,2024,2026,2020.0,Ministry of Statistics and Programme Implementation,Infrastructure and Project Monitoring Division,PAIMANA,Projects Report - Public Dashboard,March 2026,True,False
1213,Roads & Highways,Ministry of Road Transport & Highways,National Highways Authority of India [NHAI],618484,Delhi-Amritsar-Katra Expressway Phase-I Pkg-III from Junction with Jind-Panipat road NH-352A near Gangana village to Junction with Jind-Karnal road NH-709A near Alewa village Km 60800 to Km 91400,1606,1813.91,631.62,79,2023-12-23,2024-05-21,2020-12-17,150,1,207.91000000000008,12.95,0.3933,39.33,2023,2024,2020.0,Ministry of Statistics and Programme Implementation,Infrastructure and Project Monitoring Division,PAIMANA,Projects Report - Public Dashboard,March 2026,True,False
1214,Roads & Highways,Ministry of Road Transport & Highways,National Highways Authority of India [NHAI],618485,Delhi-Amritsar-Katra Expressway Phase-I Pkg-IV from Junction with Jind-Karnal road NH-709A near Alewa village to Junction with Ambala-Kaithal-Hissar road NH-152 near Kharak Pandwa village Km 91400 to Km 120250,1307,1578.66,563.2,76,2023-12-13,2024-03-28,2021-01-15,106,1,271.6600000000001,20.79,0.4309,43.09,2023,2024,2021.0,Ministry of Statistics and Programme Implementation,Infrastructure and Project Monitoring Division,PAIMANA,Projects Report - Public Dashboard,March 2026,True,False
1215,Roads & Highways,Ministry of Road Transport & Highways,National Highways Authority of India [NHAI],618489,Delhi-Amritsar-Katra Expressway Phase-I Pkg-IX from Junction with Ludhiana-Moga road NH-5 near Mullanpur Dakha to Junction with Jalandhar - Moga road NH-703 near Kang Sahibu village Km 260860 to km 303900,1851,2407.14,1331.72,73,2024-07-16,2026-06-30,2020-12-23,714,1,556.1399999999999,30.05,0.7195,71.95,2024,2026,2020.0,Ministry of Statistics and Programme Implementation,Infrastructure and Project Monitoring Division,PAIMANA,Projects Report - Public Dashboard,March 2026,True,False
1216,Roads & Highways,Ministry of Road Transport & Highways,National Highways Authority of India [NHAI],618486,Delhi-Amritsar-Katra Expressway Phase-I Pkg-V from Junction with Ambala-Kaithal-Hissar road NH-152 near Kharak Pandwa village to Junction with Patiala-Samana-Patran road SH-10 near Ghagga village Km 120250 to Km 157920,1742,2281.02,883.28,99,2024-05-22,2026-05-31,2021-01-28,739,1,539.02,30.94,0.507,50.7,2024,2026,2021.0,Ministry of Statistics and Programme Implementation,Infrastructure and Project Monitoring Division,PAIMANA,Projects Report - Public Dashboard,March 2026,True,False
1217,Roads & Highways,Ministry of Road Transport & Highways,National Highways Authority of India [NHAI],618487,Delhi-Amritsar-Katra Expressway Phase-I Pkg-VII from Junction with Patiala-Bathinda road NH-7 near Bhawanigarh to Junction with Ludhiana-Malerhkotla SH-11 near Bhogiwal village Km 188830 to km 225770,1760,1774.32,1250.45,96,2024-07-09,2026-06-30,2020-12-23,721,1,14.319999999999936,0.81,0.7105,71.05,2024,2026,2020.0,Ministry of Statistics and Programme Implementation,Infrastructure and Project Monitoring Division,PAIMANA,Projects Report - Public Dashboard,March 2026,True,False
1219,Roads & Highways,Ministry of Road Transport & Highways,National Highways Authority of India [NHAI],618490,Delhi-Amritsar-Katra Expressway Phase-I Pkg-X from Jn. with Jalandhar - Moga road NH-703 to Jn. with Jalandhar-Kapurthala road NH-703A and to Jn. with Kapurthala - Sultanpur Lodhi road NH-703A km 000 to km 24000 to Amritsar connectivity,2178,2062.74,1004.28,63,2024-07-09,2025-09-30,2020-12-23,448,1,-115.26000000000022,-5.29,0.4611,46.11,2024,2025,2020.0,Ministry of Statistics and Programme Implementation,Infrastructure and Project Monitoring Division,PAIMANA,Projects Report - Public Dashboard,March 2026,True,False
1221,Roads & Highways,Ministry of Road Transport & Highways,National Highways Authority of India [NHAI],618492,Delhi-Amritsar-Katra Expressway Phase-I Pkg-XII from Junction with Amritsar-Mehta-SriHargobindpur-Tanda road NH-503A near SriHargobindpur to Junction with Pathankot-Gurdaspur road NH-54 near Gurdaspur Km 362420 to km 397700,1734,1538.47,470.92,27,2025-12-30,2027-02-20,2021-03-04,417,1,-195.52999999999997,-11.28,0.2716,27.16,2025,2027,2021.0,Ministry of Statistics and Programme Implementation,Infrastructure and Project Monitoring Division,PAIMANA,Projects Report - Public Dashboard,March 2026,True,False
1222,Roads & Highways,Ministry of Road Transport & Highways,National Highways Authority of India [NHAI],618493,Delhi-Amritsar-Katra Expressway Phase-I Spur-I from Jn. with Kapurthala - Sultanpur Lodhi Road NH-703A near Isharwal village to Jn. with Kapurthala - Tarn Taran road NH-703AA near Goinwal Sahib [Km 24000 to Km 41000 of Amritsar connectivity],2165,1519.6,359.7,31,2026-04-16,2028-03-10,2021-12-13,694,1,-645.4000000000001,-29.81,0.1661,16.61,2026,2028,2021.0,Ministry of Statistics and Programme Implementation,Infrastructure and Project Monitoring Division,PAIMANA,Projects Report - Public Dashboard,March 2026,True,False
1223,Roads & Highways,Ministry of Road Transport & Highways,National Highways Authority of India [NHAI],619200,Delhi-Amritsar-Katra Expressway Phase-I Spur-III from Junction with Amritsar-Jalandhar road NH-3 near Bhishambarpura to Junction with Amritsar-Anjala road NH-354 near Amritsar Airport [Km 71000 to Km 99000 of Amritsar connectivity],1642,1951.7,983.87,31,2024-10-26,2027-06-21,2021-03-04,968,1,309.70000000000005,18.86,0.5992,59.92,2024,2027,2021.0,Ministry of Statistics and Programme Implementation,Infrastructure and Project Monitoring Division,PAIMANA,Projects Report - Public Dashboard,March 2026,True,False
1224,Roads & Highways,Ministry of Road Transport & Highways,National Highways Authority of India [NHAI],619066,Delhi-Amritsar-Katra Expressway Phase-II Pkg-XIV from Junction with Pathankot-Gurdaspur road NH-54 near Balsua to Junction with Hiranagar Road near village Gurha Baildaran km 423500 to km 468100,3044,3707.91,1538.57,84,2024-09-25,2026-06-30,2021-10-29,643,1,663.9099999999999,21.81,0.5054,50.54,2024,2026,2021.0,Ministry of Statistics and Programme Implementation,Infrastructure and Project Monitoring Division,PAIMANA,Projects Report - Public Dashboard,March 2026,True,False
1225,Roads & Highways,Ministry of Road Transport & Highways,National Highways Authority of India [NHAI],618494,Delhi-Amritsar-Katra Expressway Phase-II Pkg-XV [Junction with Hiranagar Road near village Gurha Baildaran to Junction with Jammu Ring Road NH-244A near Jakh village from Km 468100 to Km 503250],2715,3716.56,1620.48,89,2024-09-25,2026-10-30,2021-10-07,765,1,1001.56,36.89,0.5969,59.69,2024,2026,2021.0,Ministry of Statistics and Programme Implementation,Infrastructure and Project Monitoring Division,PAIMANA,Projects Report - Public Dashboard,March 2026,True,False
1226,Roads & Highways,Ministry of Road Transport & Highways,National Highways Authority of India [NHAI],618496,Delhi-Amritsar-Katra Expressway Phase-II Pkg-XVI Existing Jakh Vijaypur-Kunjwani section of NH-44 including spur Connectivity to Jammu Airport NH-144A [Km 503500 to km 514500],1822,2522.56,1157.4,94,2024-09-26,2026-06-30,2021-09-03,642,1,700.56,38.45,0.6352,63.52,2024,2026,2021.0,Ministry of Statistics and Programme Implementation,Infrastructure and Project Monitoring Division,PAIMANA,Projects Report - Public Dashboard,March 2026,True,False
1227,Roads & Highways,Ministry of Road Transport & Highways,National Highways Authority of India [NHAI],618457,Delhi-Vadodara Greenfield Alignment NH-148N Pkg-10 Ch. 292.950 to Ch. 319.400 [End of Interchange on NH-166 near village Mui to Hardeoganj village near Indergarh],1273,1265.16,1086.63,95,2023-05-21,2026-06-30,2019-11-25,1136,1,-7.839999999999918,-0.62,0.8536,85.36,2023,2026,2019.0,Ministry of Statistics and Programme Implementation,Infrastructure and Project Monitoring Division,PAIMANA,Projects Report - Public Dashboard,March 2026,True,False
1228,Roads & Highways,Ministry of Road Transport & Highways,National Highways Authority of India [NHAI],618456,Delhi-Vadodara Greenfield Alignment NH-148N Pkg-14 Ch. 388.420 to Ch. 419.000 [Junction with NH- 76 to Junction with NH-12 near village Ummedpura],1119,1194.17,975.7,100,2023-05-23,2025-03-05,2019-11-25,652,1,75.17000000000007,6.72,0.8719,87.19,2023,2025,2019.0,Ministry of Statistics and Programme Implementation,Infrastructure and Project Monitoring Division,PAIMANA,Projects Report - Public Dashboard,March 2026,True,False
1229,Roads & Highways,Ministry of Road Transport & Highways,National Highways Authority of India [NHAI],618458,Delhi-Vadodara Greenfield Alignment NH-148N Pkg-15 Ch. 419.000 to Ch.427.300 [Junction with NH-12 near village Ummedpura to Major bridge over Takli river near Nayagaon Jageer village],1855,1854.68,1331.43,92,2024-01-04,2026-05-31,2020-07-03,878,1,-0.31999999999993634,-0.02,0.7178,71.78,2024,2026,2020.0,Ministry of Statistics and Programme Implementation,Infrastructure and Project Monitoring Division,PAIMANA,Projects Report - Public Dashboard,March 2026,True,False
1230,Roads & Highways,Ministry of Road Transport & Highways,National Highways Authority of India [NHAI],618459,Delhi-Vadodara Greenfield Alignment NH-148N Pkg-26 Ch.696890 to Ch.726390,1555,1556.4,989.48,77,2024-08-31,2026-04-30,2020-09-08,607,1,1.400000000000091,0.09,0.6363,63.63,2024,2026,2020.0,Ministry of Statistics and Programme Implementation,Infrastructure and Project Monitoring Division,PAIMANA,Projects Report - Public Dashboard,March 2026,True,False
1231,Roads & Highways,Ministry of Road Transport & Highways,National Highways Authority of India [NHAI],619197,Delhi-Vadodara Greenfield Alignment NH-148N Pkg-27 Ch.729.700 to Ch.756.052,1186,1259.27,970.22,96,2024-02-14,2026-04-30,2020-09-08,806,1,73.26999999999998,6.18,0.8181,81.81,2024,2026,2020.0,Ministry of Statistics and Programme Implementation,Infrastructure and Project Monitoring Division,PAIMANA,Projects Report - Public Dashboard,March 2026,True,False
1232,Roads & Highways,Ministry of Road Transport & Highways,National Highways Authority of India [NHAI],618460,Delhi-Vadodara Greenfield Alignment NH-148N Pkg-28 Ch.756052 to Ch.781282,1263,1266.98,864.33,100,2023-11-15,2026-04-30,2020-09-08,897,1,3.980000000000018,0.32,0.6843,68.43,2023,2026,2020.0,Ministry of Statistics and Programme Implementation,Infrastructure and Project Monitoring Division,PAIMANA,Projects Report - Public Dashboard,March 2026,True,False
1233,Roads & Highways,Ministry of Road Transport & Highways,National Highways Authority of India [NHAI],618462,Delhi-Vadodara Greenfield Alignment NH-148N Pkg-31 Ch.824920 to Ch.844382 [Junction near Pratap nagar Village - Junction near Dodka Village],1645,1651.14,961.69,100,2023-05-18,2026-04-30,2019-11-25,1078,1,6.1400000000001,0.37,0.5846,58.46,2023,2026,2019.0,Ministry of Statistics and Programme Implementation,Infrastructure and Project Monitoring Division,PAIMANA,Projects Report - Public Dashboard,March 2026,True,False
1234,Roads & Highways,Ministry of Road Transport & Highways,National Highways Authority of India [NHAI],618612,Deogarh near Dhandhaniya-Rajasthan/Gujarat Border Phase-I AJ/DRGB-Package-6,847,740.62,671.43,100,2023-08-11,2026-04-30,2019-10-01,993,1,-106.38,-12.56,0.7927,79.27,2023,2026,2019.0,Ministry of Statistics and Programme Implementation,Infrastructure and Project Monitoring Division,PAIMANA,Projects Report - Public Dashboard,March 2026,True,False
1235,Roads & Highways,Ministry of Road Transport & Highways,National Highways Authority of India [NHAI],618613,Deogarh near Dhandhaniya-Rajasthan/Gujarat Border Phase-I AJ/DRGB-Package-7,662,597.77,507.78,99,2023-07-15,2026-04-30,2019-10-01,1020,1,-64.23000000000002,-9.7,0.767,76.7,2023,2026,2019.0,Ministry of Statistics and Programme Implementation,Infrastructure and Project Monitoring Division,PAIMANA,Projects Report - Public Dashboard,March 2026,True,False
1236,Roads & Highways,Ministry of Road Transport & Highways,National Highways Authority of India [NHAI],618803,Development of 4L Road from Samarlakota to Achampeta Junction as part of Kakinada Port Connectivity to NH-16 Rajanagaram Junction in East Godavari District,646,750.2,569.44,89,2025-08-15,2026-05-12,2022-09-05,270,1,104.20000000000005,16.13,0.8815,88.15,2025,2026,2022.0,Ministry of Statistics and Programme Implementation,Infrastructure and Project Monitoring Division,PAIMANA,Projects Report - Public Dashboard,March 2026,True,False
1237,Roads & Highways,Ministry of Road Transport & Highways,National Highways Authority of India [NHAI],618552,Development of 6L Greenfield Jalandhar Bypass starting from Kahlwan NH-03 ending at Kang Sahbu NH-703 via Sarmastpur NH-44 - Madara NH-03 - Khajurla NH-44,1755,2167.39,797.54,43,2025-01-14,2027-06-30,2021-03-31,897,1,412.3899999999999,23.5,0.4544,45.44,2025,2027,2021.0,Ministry of Statistics and Programme Implementation,Infrastructure and Project Monitoring Division,PAIMANA,Projects Report - Public Dashboard,March 2026,True,False
1238,Roads & Highways,Ministry of Road Transport & Highways,National Highways Authority of India [NHAI],618675,Development of 6L of Basanwahi Marangpuri Section from km 99.500 to km 124.661 of NH-130-CD,1307,1303.63,446.43,62,2025-10-15,2026-12-31,2022-03-21,442,1,-3.369999999999891,-0.26,0.3416,34.16,2025,2026,2022.0,Ministry of Statistics and Programme Implementation,Infrastructure and Project Monitoring Division,PAIMANA,Projects Report - Public Dashboard,March 2026,True,False
1239,Roads & Highways,Ministry of Road Transport & Highways,National Highways Authority of India [NHAI],618673,Development of 6L of Jhanki Sargi Section Road from km 0.000 to km 42.800 of NH-130CD Pkg-CG-1,1368,1129.14,621.25,98,2024-09-28,2026-12-31,2021-11-22,824,1,-238.8599999999999,-17.46,0.4541,45.41,2024,2026,2021.0,Ministry of Statistics and Programme Implementation,Infrastructure and Project Monitoring Division,PAIMANA,Projects Report - Public Dashboard,March 2026,True,False
1240,Roads & Highways,Ministry of Road Transport & Highways,National Highways Authority of India [NHAI],618674,Development of 6L Sargi Basanwahi Section from km 42.800 to km 99.500 of NH-130CD Pkg-CG-2,1471,1461.81,694.45,94,2025-01-08,2026-04-30,2021-12-20,477,1,-9.190000000000055,-0.62,0.4721,47.21,2025,2026,2021.0,Ministry of Statistics and Programme Implementation,Infrastructure and Project Monitoring Division,PAIMANA,Projects Report - Public Dashboard,March 2026,True,False
1241,Roads & Highways,Ministry of Road Transport & Highways,National Highways Authority of India [NHAI],618509,Development of 6L UER II [Package - I] NH-1 Near Bakoli till Karala Kanjhawala Road from km. 0.70 to km.15.00,2090,2203.45,1797.78,100,2023-10-27,2026-04-30,2020-07-03,916,1,113.44999999999982,5.43,0.8602,86.02,2023,2026,2020.0,Ministry of Statistics and Programme Implementation,Infrastructure and Project Monitoring Division,PAIMANA,Projects Report - Public Dashboard,March 2026,True,False
1242,Roads & Highways,Ministry of Road Transport & Highways,MoRTH,617977,Development of Chiloda - Gandhinagar- Sarkhej ofNH-147 Package -II,211,234.44,0.0,100,2020-11-21,2022-07-14,2018-04-13,600,1,23.439999999999998,11.11,0.0,0.0,2020,2022,2018.0,Ministry of Statistics and Programme Implementation,Infrastructure and Project Monitoring Division,PAIMANA,Projects Report - Public Dashboard,March 2026,True,False
1243,Roads & Highways,Ministry of Road Transport & Highways,NHIDCL,618455,Development of External Trunk Connectivity and Internal Infrastructure Works at Multi Model Logistics ParkMMLP at Jogighopa in the State of Assam on EPC Mode Package-I Road and Utility Works,694,,296.96,100,2022-04-01,2024-09-30,2020-02-03,913,1,,,0.4279,42.79,2022,2024,2020.0,Ministry of Statistics and Programme Implementation,Infrastructure and Project Monitoring Division,PAIMANA,Projects Report - Public Dashboard,March 2026,True,False
1244,Roads & Highways,Ministry of Road Transport & Highways,MoRTH,618010,Development to 4-lane with paved shoulder for the road section Talwandi Sabo-Raman road to refinery Road junction with Bathinda Dabwali Road of NH-254 from existing Km 131.600 to Km 155.650 Design Km 131600 to km 155600 in the State of Punjab. Job No NH-254-PB-2022-23-565,547,,0.0,45,2026-11-05,2026-11-05,2023-03-29,0,0,,,0.0,0.0,2026,2026,2023.0,Ministry of Statistics and Programme Implementation,Infrastructure and Project Monitoring Division,PAIMANA,Projects Report - Public Dashboard,March 2026,True,False
1245,Roads & Highways,Ministry of Road Transport & Highways,National Highways Authority of India [NHAI],618824,"Development to 4-laning of the de-scoped stretches from Km 115.342 to Km 191.700 of NH-34 in Nadia District 3.962 & Murshidabad District 5.538 pertaining to Krishnagar to Berhampore section of NH-34 New NH-12 , in the state of West Bengal under NHO.",201,197.74,47.32,48,2026-01-16,2026-07-16,2024-03-05,181,1,-3.259999999999991,-1.62,0.2354,23.54,2026,2026,2024.0,Ministry of Statistics and Programme Implementation,Infrastructure and Project Monitoring Division,PAIMANA,Projects Report - Public Dashboard,March 2026,True,False
1246,Roads & Highways,Ministry of Road Transport & Highways,MoRTH,618227,Development to 4/6-lanning of NH-31 New NH-10 with both side service roads from km 569.258 to km 581.030 end of AH-02 project on NH- 31 near Shivmandir to Sevoke Army Cantonment in districts of Darjeeling and Jalpaiguri in the state of West Bengal on EPC Mode Job No. 010/WB/2021-22/490,995,1059.2,456.48,69,2025-09-19,2027-03-31,2022-03-16,558,1,64.20000000000005,6.45,0.4588,45.88,2025,2027,2022.0,Ministry of Statistics and Programme Implementation,Infrastructure and Project Monitoring Division,PAIMANA,Projects Report - Public Dashboard,March 2026,True,False
1247,Roads & Highways,Ministry of Road Transport & Highways,MoRTH,618155,Development/Widening of Talegaon Chakan Shikrapur Nhavara Section of NH-548D from existing chainage km. 54/000 to 82/300 and Design chainage Km. 54/000 to 82/120 Shikrapur to Nhavara Section to 2LPS/4L Configuration on EPC Mode in the State of Maharashtra.,396,,85.57,63,2026-07-09,2026-07-04,2024-03-12,0,0,,,0.2161,21.61,2026,2026,2024.0,Ministry of Statistics and Programme Implementation,Infrastructure and Project Monitoring Division,PAIMANA,Projects Report - Public Dashboard,March 2026,True,False
1248,Roads & Highways,Ministry of Road Transport & Highways,National Highways Authority of India [NHAI],619100,Dhangaon - Borgaon section km 81.000 to km 139.000 [Indore - Edlabad Pkg IV],866,1185.04,590.91,100,2023-08-03,2026-05-31,2020-01-03,1032,1,319.03999999999996,36.84,0.6823,68.23,2023,2026,2020.0,Ministry of Statistics and Programme Implementation,Infrastructure and Project Monitoring Division,PAIMANA,Projects Report - Public Dashboard,March 2026,True,False
1249,Roads & Highways,Ministry of Road Transport & Highways,National Highways Authority of India [NHAI],619210,Dharampuri-Lonand from km. 117.00 to 166.40 Pkg-IV on Mohol-Alandi Section,1412,1358.68,1015.63,97,2023-09-14,2026-04-30,2021-01-15,959,1,-53.319999999999936,-3.78,0.7193,71.93,2023,2026,2021.0,Ministry of Statistics and Programme Implementation,Infrastructure and Project Monitoring Division,PAIMANA,Projects Report - Public Dashboard,March 2026,True,False
1250,Roads & Highways,Ministry of Road Transport & Highways,NHIDCL,618325,Dillai to Lahorijan Package-7,204,,0.0,0,2024-07-20,2025-12-04,2021-11-23,502,1,,,0.0,0.0,2024,2025,2021.0,Ministry of Statistics and Programme Implementation,Infrastructure and Project Monitoring Division,PAIMANA,Projects Report - Public Dashboard,March 2026,True,False
1252,Roads & Highways,Ministry of Road Transport & Highways,National Highways Authority of India [NHAI],618710,DL/UP Border - EPE Crossing Pkg-02,2003,1889.78,1732.8,100,2023-11-07,2026-04-16,2020-09-08,891,1,-113.22000000000003,-5.65,0.8651,86.51,2023,2026,2020.0,Ministry of Statistics and Programme Implementation,Infrastructure and Project Monitoring Division,PAIMANA,Projects Report - Public Dashboard,March 2026,True,False
1253,Roads & Highways,Ministry of Road Transport & Highways,MoRTH,618062,Dornala to Kunta Junction from Design Chainage Km 244000 to 267990 section of NH-765 Package-2,245,,0.0,100,2025-09-13,2026-01-31,2022-12-22,140,1,,,0.0,0.0,2025,2026,2022.0,Ministry of Statistics and Programme Implementation,Infrastructure and Project Monitoring Division,PAIMANA,Projects Report - Public Dashboard,March 2026,True,False
1254,Roads & Highways,Ministry of Road Transport & Highways,National Highways Authority of India [NHAI],618589,Durg-Raipur Bypass Section Package - 1 from km. 0.00 to km. 44.50 near Tendesara to near Khatti Village,1828,1656.73,626.17,69,2025-07-20,2026-12-31,2022-06-29,529,1,-171.26999999999998,-9.37,0.3425,34.25,2025,2026,2022.0,Ministry of Statistics and Programme Implementation,Infrastructure and Project Monitoring Division,PAIMANA,Projects Report - Public Dashboard,March 2026,True,False
1255,Roads & Highways,Ministry of Road Transport & Highways,National Highways Authority of India [NHAI],618590,Durg-Raipur-Arang Package - 2 from km. 44.50 to km. 92.23 near Khatti Village to near Aurang,1959,1561.97,536.21,66,2025-05-28,2026-12-31,2022-06-29,582,1,-397.03,-20.27,0.2737,27.37,2025,2026,2022.0,Ministry of Statistics and Programme Implementation,Infrastructure and Project Monitoring Division,PAIMANA,Projects Report - Public Dashboard,March 2026,True,False
1256,Roads & Highways,Ministry of Road Transport & Highways,MoRTH,618192,Duttalur at NH-565 Junction to Kavali Joining on NH-16 Chainage Km. 36/400 to Km. 107/224 excluding the stretch from Km 101.880 to 105.300 67.404 Km of NH-167BG from in the State of Andhra Pradesh on EPC mode,424,,0.0,95,2024-07-03,2026-04-30,2021-03-31,666,1,,,0.0,0.0,2024,2026,2021.0,Ministry of Statistics and Programme Implementation,Infrastructure and Project Monitoring Division,PAIMANA,Projects Report - Public Dashboard,March 2026,True,False
1257,Roads & Highways,Ministry of Road Transport & Highways,National Highways Authority of India [NHAI],619202,Dwarka Expressway from Km -0.600 to Km 5.300 - Pkg-I Shivmurti Chowk-RuB near Dwarka Sector 21,2145,3929.5,2990.33,99,2022-09-24,2026-04-30,2018-03-15,1314,1,1784.5,83.19,1.3941,139.41,2022,2026,2018.0,Ministry of Statistics and Programme Implementation,Infrastructure and Project Monitoring Division,PAIMANA,Projects Report - Public Dashboard,March 2026,True,False
1258,Roads & Highways,Ministry of Road Transport & Highways,National Highways Authority of India [NHAI],618577,Dwarka Expressway Pkg-III Delhi/HR Border to Start of RoB Gurugram,2228,2298.37,990.89,100,2020-11-27,2026-04-30,2018-01-18,1980,1,70.36999999999989,3.16,0.4447,44.47,2020,2026,2018.0,Ministry of Statistics and Programme Implementation,Infrastructure and Project Monitoring Division,PAIMANA,Projects Report - Public Dashboard,March 2026,True,False
1259,Roads & Highways,Ministry of Road Transport & Highways,NHIDCL,618454,"Earthwork in Formation, Road Work, Construction of Bridges, Blanketing, P. Way Linking works including Supply of P. Way Fittings and Track Ballast in connection with Construction of Railway Siding from Jogighopa Railway Station to MMLP at Jogighopa from Ch. 00 to 3760 on Item Rate basis Package -3, Railway Siding from Jogighopa Railway Station to MMLP",694,,37.6,93,2022-06-01,2024-09-20,2020-02-03,842,1,,,0.0542,5.42,2022,2024,2020.0,Ministry of Statistics and Programme Implementation,Infrastructure and Project Monitoring Division,PAIMANA,Projects Report - Public Dashboard,March 2026,True,False
1260,Roads & Highways,Ministry of Road Transport & Highways,MoRTH,618146,Estimate for Improvement to two lane with paved shoulder from Ramnagar to Roseda from km 3.500 to 43.000 of NH 527 E on EPC mode in State of Bihar,495,,0.0,32,2026-04-11,2027-04-30,2022-01-11,384,1,,,0.0,0.0,2026,2027,2022.0,Ministry of Statistics and Programme Implementation,Infrastructure and Project Monitoring Division,PAIMANA,Projects Report - Public Dashboard,March 2026,True,False
1261,Roads & Highways,Ministry of Road Transport & Highways,National Highways Authority of India [NHAI],618555,"Flyover at Km.544.650 including ROB, Service Roads ,Footpath for RCC drains on urban link to Nagpur -Raipur road Pardi octroi Naka to Itwari",1098,758.4,308.61,98,2019-03-30,2026-04-30,2015-12-22,2588,1,-339.6,-30.93,0.2811,28.11,2019,2026,2015.0,Ministry of Statistics and Programme Implementation,Infrastructure and Project Monitoring Division,PAIMANA,Projects Report - Public Dashboard,March 2026,True,False
1262,Roads & Highways,Ministry of Road Transport & Highways,National Highways Authority of India [NHAI],618866,"Four Lane Highway from Chandan Nagar Existing Km. 59.025 of NH 530B/Design Km. 179.5000 to Bareilly BypassStartExisting Km. 59.025 of NH 530B/Design Km. 218.000 Section of NH 530B, in the State of Uttar Pradesh on HAM Mode under NH0",2077,1112.44,144.68,12,2027-11-18,2027-11-18,2024-12-09,0,0,-964.56,-46.44,0.0697,6.97,2027,2027,2024.0,Ministry of Statistics and Programme Implementation,Infrastructure and Project Monitoring Division,PAIMANA,Projects Report - Public Dashboard,March 2026,True,False
1263,Roads & Highways,Ministry of Road Transport & Highways,National Highways Authority of India [NHAI],618626,Four laning from Dive Ghat Km. 220.900 to Hadapsar Km. 234.150 of Mohol Alandi section Pkg VI of NH-965,820,400.0,104.41,60,2026-10-14,2027-04-12,2023-12-14,180,1,-420.0,-51.22,0.1273,12.73,2026,2027,2023.0,Ministry of Statistics and Programme Implementation,Infrastructure and Project Monitoring Division,PAIMANA,Projects Report - Public Dashboard,March 2026,True,False
1264,Roads & Highways,Ministry of Road Transport & Highways,National Highways Authority of India [NHAI],619118,Four Laning of Angul to Sambalpur from Km.112.000 to Km.265.000,2510,2632.91,1194.08,100,2019-08-31,2026-04-30,2016-09-22,2434,1,122.90999999999985,4.9,0.4757,47.57,2019,2026,2016.0,Ministry of Statistics and Programme Implementation,Infrastructure and Project Monitoring Division,PAIMANA,Projects Report - Public Dashboard,March 2026,True,False
1265,Roads & Highways,Ministry of Road Transport & Highways,National Highways Authority of India [NHAI],619131,Four Laning of Chettikulam to Natham section of NH-785,838,823.93,168.75,100,2020-11-03,2026-05-31,2018-03-13,2035,1,-14.07000000000005,-1.68,0.2014,20.14,2020,2026,2018.0,Ministry of Statistics and Programme Implementation,Infrastructure and Project Monitoring Division,PAIMANA,Projects Report - Public Dashboard,March 2026,True,False
1266,Roads & Highways,Ministry of Road Transport & Highways,National Highways Authority of India [NHAI],618874,Four Laning of Trichy - Dindigul from km. 333.00 to km. 421.273 of NH-45,1003,435.81,8.36,100,2010-07-14,2026-04-30,2006-12-19,5769,1,-567.19,-56.55,0.0083,0.83,2010,2026,2006.0,Ministry of Statistics and Programme Implementation,Infrastructure and Project Monitoring Division,PAIMANA,Projects Report - Public Dashboard,March 2026,True,False
1267,Roads & Highways,Ministry of Road Transport & Highways,National Highways Authority of India [NHAI],619145,Four Laning of Una to Kodinar from km. 180.478 to km. 221.610 Package-V,878,1126.66,611.08,100,2019-08-08,2025-03-31,2016-02-17,2062,1,248.66000000000008,28.32,0.696,69.6,2019,2025,2016.0,Ministry of Statistics and Programme Implementation,Infrastructure and Project Monitoring Division,PAIMANA,Projects Report - Public Dashboard,March 2026,True,False
1268,Roads & Highways,Ministry of Road Transport & Highways,NHAI,619295,Four/Six laning of Bhaniyawala-Jollygrant-Rishikesh spur section of NH-07 from Km. 0.000 to Km 19.780,742,664.92,0.3,0,2027-11-30,2027-11-30,2023-02-03,0,0,-77.08000000000004,-10.39,0.0004,0.04,2027,2027,2023.0,Ministry of Statistics and Programme Implementation,Infrastructure and Project Monitoring Division,PAIMANA,Projects Report - Public Dashboard,March 2026,True,False
1269,Roads & Highways,Ministry of Road Transport & Highways,MoRTH,617961,Gaya-Hisua-Rajgir-Nalanda-Biharsharif section km0.00 to 92.935 NH-82,1409,2138.16,0.0,97,2019-11-06,2026-07-31,2014-01-21,2459,1,729.1599999999999,51.75,0.0,0.0,2019,2026,2014.0,Ministry of Statistics and Programme Implementation,Infrastructure and Project Monitoring Division,PAIMANA,Projects Report - Public Dashboard,March 2026,True,False
1270,Roads & Highways,Ministry of Road Transport & Highways,National Highways Authority of India [NHAI],619096,Goa / Karnataka Km.93.700 to Kundapur Km.283.30,1645,1990.99,326.66,98,2016-08-28,2026-07-31,2012-07-31,3624,1,345.99,21.03,0.1986,19.86,2016,2026,2012.0,Ministry of Statistics and Programme Implementation,Infrastructure and Project Monitoring Division,PAIMANA,Projects Report - Public Dashboard,March 2026,True,False
1271,Roads & Highways,Ministry of Road Transport & Highways,National Highways Authority of India [NHAI],618580,Gohana - Sonipat PKG-2,1275,1957.44,722.22,98,2022-07-24,2026-04-30,2019-01-25,1376,1,682.44,53.52,0.5664,56.64,2022,2026,2019.0,Ministry of Statistics and Programme Implementation,Infrastructure and Project Monitoring Division,PAIMANA,Projects Report - Public Dashboard,March 2026,True,False
1272,Roads & Highways,Ministry of Road Transport & Highways,MoRTH,618052,Gorantla - Hindupur section from Km 120/300 to 165/000 of NH716G in the State of Andhra Pradesh,809,,0.0,9,2027-08-17,2027-08-17,2024-10-15,0,0,,,0.0,0.0,2027,2027,2024.0,Ministry of Statistics and Programme Implementation,Infrastructure and Project Monitoring Division,PAIMANA,Projects Report - Public Dashboard,March 2026,True,False
1273,Roads & Highways,Ministry of Road Transport & Highways,National Highways Authority of India [NHAI],618737,Grade separated Interchanges at Km. 113.730 junction with Ranchi Hazaribagh Road & Km. 139.225 junction with Ranchi Jamshedpur road on 4L Ranchi Bypass of NH-33,304,5.58,0.73,0,2027-12-25,2027-12-25,2025-01-29,0,0,-298.42,-98.16,0.0024,0.24,2027,2027,2025.0,Ministry of Statistics and Programme Implementation,Infrastructure and Project Monitoring Division,PAIMANA,Projects Report - Public Dashboard,March 2026,True,False
1274,Roads & Highways,Ministry of Road Transport & Highways,National Highways Authority of India [NHAI],618551,Greenfield connectivity from Govindsar village on Delhi Amritsar Katra Expressway to Talwara village on NH-44 Pathankot by-pass,667,690.47,36.91,22,2027-07-15,2027-07-15,2024-11-08,0,0,23.470000000000027,3.52,0.0553,5.53,2027,2027,2024.0,Ministry of Statistics and Programme Implementation,Infrastructure and Project Monitoring Division,PAIMANA,Projects Report - Public Dashboard,March 2026,True,False
1275,Roads & Highways,Ministry of Road Transport & Highways,MoRTH,617984,"Gudivada Town 2 RoB, and Road improvement NH-165",317,,0.0,73,2025-05-21,2026-06-01,2022-03-16,376,1,,,0.0,0.0,2025,2026,2022.0,Ministry of Statistics and Programme Implementation,Infrastructure and Project Monitoring Division,PAIMANA,Projects Report - Public Dashboard,March 2026,True,False
1276,Roads & Highways,Ministry of Road Transport & Highways,MoRTH,618097,Guhagar - Rampur - 2L-PS - km 0/00 Guhagar to 26/230 Rampur and 40/00 Mirjoli to 53/600 Sati on NH-166E,407,,0.0,92,2019-06-13,2025-08-31,2017-01-24,2271,1,,,0.0,0.0,2019,2025,2017.0,Ministry of Statistics and Programme Implementation,Infrastructure and Project Monitoring Division,PAIMANA,Projects Report - Public Dashboard,March 2026,True,False
1277,Roads & Highways,Ministry of Road Transport & Highways,National Highways Authority of India [NHAI],618934,Guwahati Ring Road in the State of Assam,5729,,2.25,0,2030-01-22,2030-01-22,2024-08-02,0,0,,,0.0004,0.04,2030,2030,2024.0,Ministry of Statistics and Programme Implementation,Infrastructure and Project Monitoring Division,PAIMANA,Projects Report - Public Dashboard,March 2026,True,False
1278,Roads & Highways,Ministry of Road Transport & Highways,National Highways Authority of India [NHAI],618951,Hariharganj to Parwa Mode section from km 23.284 to km 57.049 of NH-98,1126,1186.56,573.03,91,2024-02-29,2026-04-30,2020-09-29,791,1,60.559999999999945,5.38,0.5089,50.89,2024,2026,2020.0,Ministry of Statistics and Programme Implementation,Infrastructure and Project Monitoring Division,PAIMANA,Projects Report - Public Dashboard,March 2026,True,False
1279,Roads & Highways,Ministry of Road Transport & Highways,National Highways Authority of India [NHAI],619117,Hassan km 184.912 to Maranahally km 230.060 of NH - 75 in Karnataka,1022,1091.4,695.38,98,2019-03-07,2026-04-30,2015-12-29,2611,1,69.40000000000009,6.79,0.6804,68.04,2019,2026,2015.0,Ministry of Statistics and Programme Implementation,Infrastructure and Project Monitoring Division,PAIMANA,Projects Report - Public Dashboard,March 2026,True,False
1280,Roads & Highways,Ministry of Road Transport & Highways,National Highways Authority of India [NHAI],619144,Hospet - Chitradurga from km. 299.00 to km. 418.750,1520,387.48,35.48,100,2018-08-15,2026-06-30,2015-03-17,2876,1,-1132.52,-74.51,0.0233,2.33,2018,2026,2015.0,Ministry of Statistics and Programme Implementation,Infrastructure and Project Monitoring Division,PAIMANA,Projects Report - Public Dashboard,March 2026,True,False
1281,Roads & Highways,Ministry of Road Transport & Highways,National Highways Authority of India [NHAI],618581,Hosur to Dhamrapuri Pkg-1 [Neraluru - Thorapalli Agraharam],1757,1828.66,927.75,79,2024-10-24,2026-07-31,2021-10-07,645,1,71.66000000000008,4.08,0.528,52.8,2024,2026,2021.0,Ministry of Statistics and Programme Implementation,Infrastructure and Project Monitoring Division,PAIMANA,Projects Report - Public Dashboard,March 2026,True,False
1282,Roads & Highways,Ministry of Road Transport & Highways,National Highways Authority of India [NHAI],618944,Hyderabad - Maneguda,959,1218.49,142.89,12,2026-11-26,2026-11-26,2021-10-07,0,0,259.49,27.06,0.149,14.9,2026,2026,2021.0,Ministry of Statistics and Programme Implementation,Infrastructure and Project Monitoring Division,PAIMANA,Projects Report - Public Dashboard,March 2026,True,False
1283,Roads & Highways,Ministry of Road Transport & Highways,National Highways Authority of India [NHAI],618663,i 4L Vidisha to Hinotiya from km 0.000 to Km 27.000 Vidisha Mehulwa-Talbehat Pkg-I Section of NH- 346 and ii 4L Vidisha to Morikori from Km 39.000 to 59.476 section of NH-146,1004,941.12,342.87,80,2025-12-20,2026-05-30,2022-09-19,161,1,-62.879999999999995,-6.26,0.3415,34.15,2025,2026,2022.0,Ministry of Statistics and Programme Implementation,Infrastructure and Project Monitoring Division,PAIMANA,Projects Report - Public Dashboard,March 2026,True,False
1284,Roads & Highways,Ministry of Road Transport & Highways,National Highways Authority of India [NHAI],618928,"Improvement & Up-gradation of NH-734 Section of Moradabad-Thakurdwara Kashipur including Moradabad & Kashipur Bypasse Package-III Kashipur Bypass Length 14.490 Km., Starts from Ch. 38770 and ends at Ch. 53260 existing Ch. 05560",936,717.5,300.06,42,2025-09-14,2026-12-31,2023-02-02,473,1,-218.5,-23.34,0.3206,32.06,2025,2026,2023.0,Ministry of Statistics and Programme Implementation,Infrastructure and Project Monitoring Division,PAIMANA,Projects Report - Public Dashboard,March 2026,True,False
1285,Roads & Highways,Ministry of Road Transport & Highways,NHIDCL,618350,Improvement & widening of existing NH-08 to 4-lane with Paved Shoulder from Champak Nagar to Khayerpur section design Km 242500 to Km 261610 in the state of Tripura on EPC basis under NHO-NE,921,,0.0,44,2026-09-28,2027-03-31,2023-12-21,184,1,,,0.0,0.0,2026,2027,2023.0,Ministry of Statistics and Programme Implementation,Infrastructure and Project Monitoring Division,PAIMANA,Projects Report - Public Dashboard,March 2026,True,False
1286,Roads & Highways,Ministry of Road Transport & Highways,National Highways Authority of India [NHAI],618586,Improvement and strengthening of existing 2 lane stretch to 2-Lane with PS 1.5m on both sides on Ghoti-Sinnar section of NH-160A using Thin White Topping 200mm thick in the State Of Maharashtra on EPC Mode,255,147.64,99.89,76,2026-06-16,2026-06-15,2025-03-06,0,0,-107.36000000000001,-42.1,0.3917,39.17,2026,2026,2025.0,Ministry of Statistics and Programme Implementation,Infrastructure and Project Monitoring Division,PAIMANA,Projects Report - Public Dashboard,March 2026,True,False
1287,Roads & Highways,Ministry of Road Transport & Highways,MoRTH,618251,"Improvement and Up gradation to four lane with Paved shoulder configuration from Existing Km 0000 to Km 39500 design km 0500 to Km 40342, Design length km of NH 227A near Mehrauna GhatUP Bihar Border to Siwan on the state of Bihar on Hybrid Annuity Model HAM basis",1661,,0.0,5,2028-03-05,2028-03-05,2023-03-09,0,0,,,0.0,0.0,2028,2028,2023.0,Ministry of Statistics and Programme Implementation,Infrastructure and Project Monitoring Division,PAIMANA,Projects Report - Public Dashboard,March 2026,True,False
1288,Roads & Highways,Ministry of Road Transport & Highways,National Highways Authority of India [NHAI],618855,"Improvement and Up-Gradation of Existing Road to 2/4L PS from Km 40.000 to 88.750, start of Khutar bypass to start of Shahjahanpur bypass of NH 731Pkg-I",839,838.68,560.48,99,2025-02-02,2026-04-15,2022-03-30,437,1,-0.32000000000005,-0.04,0.668,66.8,2025,2026,2022.0,Ministry of Statistics and Programme Implementation,Infrastructure and Project Monitoring Division,PAIMANA,Projects Report - Public Dashboard,March 2026,True,False
1289,Roads & Highways,Ministry of Road Transport & Highways,National Highways Authority of India [NHAI],618856,"Improvement and Up-Gradation of Existing Road to 4L PS from Km 123.650 to 175.080, from Start of Shahabad Bypass to End of Hardoi bypass of NH 731 Pkg-2B",1102,1212.26,312.89,60,2025-11-19,2026-12-31,2022-09-18,407,1,110.25999999999999,10.01,0.2839,28.39,2025,2026,2022.0,Ministry of Statistics and Programme Implementation,Infrastructure and Project Monitoring Division,PAIMANA,Projects Report - Public Dashboard,March 2026,True,False
1290,Roads & Highways,Ministry of Road Transport & Highways,National Highways Authority of India [NHAI],618859,"Improvement and Up-Gradation of Existing Road to 4L PS from Km 229.070 to 260.800, End of Hardoi District to Lucknow Ring road of NH 731 Pkg-4",576,553.61,371.48,99,2024-10-23,2026-04-30,2021-09-17,554,1,-22.389999999999986,-3.89,0.6449,64.49,2024,2026,2021.0,Ministry of Statistics and Programme Implementation,Infrastructure and Project Monitoring Division,PAIMANA,Projects Report - Public Dashboard,March 2026,True,False
1291,Roads & Highways,Ministry of Road Transport & Highways,National Highways Authority of India [NHAI],618858,"Improvement and Up-Gradation of Existing Road to 4L PS from Km 88.750 to 123.650, from Start of Shahjahanpur Bypass to start of Shahabad bypass of NH 731Pkg.-2A",955,955.34,240.51,62,2026-01-18,2026-12-31,2022-09-18,347,1,0.34000000000003183,0.04,0.2518,25.18,2026,2026,2022.0,Ministry of Statistics and Programme Implementation,Infrastructure and Project Monitoring Division,PAIMANA,Projects Report - Public Dashboard,March 2026,True,False
1292,Roads & Highways,Ministry of Road Transport & Highways,MoRTH,618112,"Improvement and up-gradation of NH-227B 84 Kosi Parikrama Marg Package I, from km 228.920 Jagarnathpur to Km 235.960/0.000 MakhaudaDham to Km 29.000 Sarpur in the State of Uttar Pradesh on EPC basis",912,,0.0,3,2026-11-27,2026-11-27,2022-03-31,0,0,,,0.0,0.0,2026,2026,2022.0,Ministry of Statistics and Programme Implementation,Infrastructure and Project Monitoring Division,PAIMANA,Projects Report - Public Dashboard,March 2026,True,False
1293,Roads & Highways,Ministry of Road Transport & Highways,MoRTH,618113,"Improvement and up-gradation of NH-227B 84 Kosi Parikrama Marg Package III, from Km.47.800 Gosaiganj to Km.73.300 Bikapur in the State of Uttar Pradesh on EPC basis.",588,,37.37,28,2026-11-18,2026-11-18,2022-03-31,0,0,,,0.0636,6.36,2026,2026,2022.0,Ministry of Statistics and Programme Implementation,Infrastructure and Project Monitoring Division,PAIMANA,Projects Report - Public Dashboard,March 2026,True,False
1294,Roads & Highways,Ministry of Road Transport & Highways,MoRTH,618162,"Improvement and up-gradation to 2LPS of NH-227B 84-Kosi Parikrama Marg PackageVI, Design Km 160200 Bahuvan Madar Majha to Km 224040 Jagarnathpur under HAM",2009,,0.0,5,2028-01-15,2028-01-15,2023-05-23,0,0,,,0.0,0.0,2028,2028,2023.0,Ministry of Statistics and Programme Implementation,Infrastructure and Project Monitoring Division,PAIMANA,Projects Report - Public Dashboard,March 2026,True,False
1295,Roads & Highways,Ministry of Road Transport & Highways,MoRTH,618056,Improvement and Up-gradation to two Lane with Paved Shoulder Configuration from existing km. 420.00 Shohrathgarh to km. 454.00 Uska Bazar of NH-730 in the state of Uttar Pradesh EPC basis,510,484.42,98.47,54,2025-09-14,2026-12-31,2022-01-08,473,1,-25.579999999999984,-5.02,0.1931,19.31,2025,2026,2022.0,Ministry of Statistics and Programme Implementation,Infrastructure and Project Monitoring Division,PAIMANA,Projects Report - Public Dashboard,March 2026,True,False
1296,Roads & Highways,Ministry of Road Transport & Highways,MoRTH,618252,"Improvement and Up-gradation to two Lane with Paved Shoulder/Four Lane configuration from existing Km 130.000 to Km 191.000 design km 131.500 to Km 188.735, Design length 57.235 Km of NH-227A near Barhalganj to Mehrauna Ghat in the state of Uttar Pradesh on Hybrid Annuity Model HAM basis",974,1344.61,0.73,44,2027-05-04,2027-05-03,2022-01-08,0,0,370.6099999999999,38.05,0.0007,0.07,2027,2027,2022.0,Ministry of Statistics and Programme Implementation,Infrastructure and Project Monitoring Division,PAIMANA,Projects Report - Public Dashboard,March 2026,True,False
1297,Roads & Highways,Ministry of Road Transport & Highways,MoRTH,618110,Improvement and upgradation to two lane with Paved Shoulder configuration from existing km 55.00 to km 90.00 Design length 34.76 of NH-227A near Chhapia Village to near Sikriganj in the State of UP on EPC Mode.,307,,125.88,0,2024-05-02,2025-07-05,2021-11-08,429,1,,,0.41,41.0,2024,2025,2021.0,Ministry of Statistics and Programme Implementation,Infrastructure and Project Monitoring Division,PAIMANA,Projects Report - Public Dashboard,March 2026,True,False
1298,Roads & Highways,Ministry of Road Transport & Highways,MoRTH,618111,Improvement and upgradation to two lane with paved shoulder configuration from existing km 90.00 to 130.00 Design length 39.15 of NH-227A near Sikriganj to Barhalganj in the State of UP on EPC Mode.,403,345.34,0.0,93,2025-06-10,2026-04-30,2021-08-08,324,1,-57.660000000000025,-14.31,0.0,0.0,2025,2026,2021.0,Ministry of Statistics and Programme Implementation,Infrastructure and Project Monitoring Division,PAIMANA,Projects Report - Public Dashboard,March 2026,True,False
1299,Roads & Highways,Ministry of Road Transport & Highways,NHIDCL,618294,Improvement and Widening of National Highway No. 127B Darugiri - Songsak - Williamnagar Junction Section to two lane with paved shoulder from design Km 0000 to Km 36635 Design length 36.635 Km existing Km 112000 to Km 151060 of NH-1278 under Bharatmala Pariyojana Lot-1 Pkg-1B Meghalaya portion,801,,64.53,24,2027-09-26,2027-09-26,2023-03-31,0,0,,,0.0806,8.06,2027,2027,2023.0,Ministry of Statistics and Programme Implementation,Infrastructure and Project Monitoring Division,PAIMANA,Projects Report - Public Dashboard,March 2026,True,False
1300,Roads & Highways,Ministry of Road Transport & Highways,NHIDCL,618368,Improvement and Widening to 2-lane with paved shoulder of road from design Km 36.000 Rangamati to design Km 72.000 Pati Chhari Total length 36.000 Km on Teliamura to Harina section of NH 208 in the state of Tripura on EPC mode under JICA ODA Loan Phase VI Package-3,671,,0.0,12,2026-09-02,2026-09-02,2024-01-09,0,0,,,0.0,0.0,2026,2026,2024.0,Ministry of Statistics and Programme Implementation,Infrastructure and Project Monitoring Division,PAIMANA,Projects Report - Public Dashboard,March 2026,True,False
1301,Roads & Highways,Ministry of Road Transport & Highways,NHIDCL,618367,Improvement and Widening to 2-lane with paved shoulder of road from design Km 72.000 Pati Chhari to design Km 107.654 Harina Total length 35.654 Km on Teliamura to Harina section of NH 208 in the state of Tripura on EPC mode under JICA ODA Loan Phase VI Package-4,727,,194.74,8,2026-12-20,2026-12-20,2024-01-09,0,0,,,0.2679,26.79,2026,2026,2024.0,Ministry of Statistics and Programme Implementation,Infrastructure and Project Monitoring Division,PAIMANA,Projects Report - Public Dashboard,March 2026,True,False
1302,Roads & Highways,Ministry of Road Transport & Highways,NHIDCL,618369,Improvement and Widening to 2-lane with paved shoulder of road from existing Km 438.170 Khowai Chowmuhani to existing Km 439.410 South Pulinpur of NH-08 and from design Km 0.000 South Pulinpur to design Km 36.00 near Rangamati of NH 208 on Khowai Teliamura- Harina section Total length 37.24 in the state of Tripura on EPC mode under JICA ODA Loan Phase VI Package-2,657,,0.0,55,2026-09-02,2026-09-02,2024-01-09,0,0,,,0.0,0.0,2026,2026,2024.0,Ministry of Statistics and Programme Implementation,Infrastructure and Project Monitoring Division,PAIMANA,Projects Report - Public Dashboard,March 2026,True,False
1303,Roads & Highways,Ministry of Road Transport & Highways,NHIDCL,618370,Improvement and Widening to 2-lane with paved shoulder of road from Km 101.300 to km 127.319 Total Length 26.019 Km i.e. the Khowai Teliamura-Amarpur-Harina-Sabroom section of NH 208 in the state of Tripura on EPC under JICA ODA Loan Phase VI Package-1,432,,0.0,55,2026-07-17,2026-12-18,2024-01-09,154,1,,,0.0,0.0,2026,2026,2024.0,Ministry of Statistics and Programme Implementation,Infrastructure and Project Monitoring Division,PAIMANA,Projects Report - Public Dashboard,March 2026,True,False
1305,Roads & Highways,Ministry of Road Transport & Highways,National Highways Authority of India [NHAI],618806,Improvement of 4L road to 6L road and 4L dedicated Port Roads for the Port connectivity road from Convent junction to Sheelanagar Junction,686,680.21,444.34,79,2026-02-13,2026-06-30,2023-01-20,137,1,-5.789999999999964,-0.84,0.6477,64.77,2026,2026,2023.0,Ministry of Statistics and Programme Implementation,Infrastructure and Project Monitoring Division,PAIMANA,Projects Report - Public Dashboard,March 2026,True,False
1306,Roads & Highways,Ministry of Road Transport & Highways,NHIDCL,618416,"Improvement of existing road to 2 laning with Hard Shoulders of Maram -Peren section Package-1A, length- 22.340Km from Design Chainage 0.000 km to 22.340 km on NH-129A in the State of Manipur on EPC mode",226,,179.09,75,2022-12-22,2026-07-31,2021-02-11,1317,1,,,0.7924,79.24,2022,2026,2021.0,Ministry of Statistics and Programme Implementation,Infrastructure and Project Monitoring Division,PAIMANA,Projects Report - Public Dashboard,March 2026,True,False
1307,Roads & Highways,Ministry of Road Transport & Highways,NHIDCL,618415,"Improvement of existing road to 2 laning with Hard Shoulders of Maram-Peren section Package-1B, length- 17.660 km from Design Chainage 22.340 km to 40.000 km on NH-129A in the State of Manipur on EPC mode",188,,0.0,100,2022-12-22,2026-03-06,2021-02-11,1170,1,,,0.0,0.0,2022,2026,2021.0,Ministry of Statistics and Programme Implementation,Infrastructure and Project Monitoring Division,PAIMANA,Projects Report - Public Dashboard,March 2026,True,False
1308,Roads & Highways,Ministry of Road Transport & Highways,National Highways Authority of India [NHAI],618558,Improvement of Geometrics of Kalkallu to Gundla Pochanpalli from Km 454.00 to Km 471.00 of NH-44,955,903.17,427.43,36,2025-01-22,2026-07-30,2022-03-04,554,1,-51.83000000000004,-5.43,0.4476,44.76,2025,2026,2022.0,Ministry of Statistics and Programme Implementation,Infrastructure and Project Monitoring Division,PAIMANA,Projects Report - Public Dashboard,March 2026,True,False
1310,Roads & Highways,Ministry of Road Transport & Highways,MoRTH,618073,Improvement to Two lane with Paved Shoulder from Junction of NH22 near Hajipur to Junction of NH -122 at Bachhwara via Mahnar and Mohiuddin Nagar from Km 0.00 to Km 29.730 of NH 122 B in the State of Bihar.,226,,0.0,44,2026-02-28,2026-12-31,2024-02-27,306,1,,,0.0,0.0,2026,2026,2024.0,Ministry of Statistics and Programme Implementation,Infrastructure and Project Monitoring Division,PAIMANA,Projects Report - Public Dashboard,March 2026,True,False
1312,Roads & Highways,Ministry of Road Transport & Highways,MoRTH,618121,Improvement to two lane with paved shoulders of NH-319A from km 0 to km 45 in state of Bihar under EPC mode,427,,178.43,93,2024-12-19,2026-07-26,2022-02-09,584,1,,,0.4179,41.79,2024,2026,2022.0,Ministry of Statistics and Programme Implementation,Infrastructure and Project Monitoring Division,PAIMANA,Projects Report - Public Dashboard,March 2026,True,False
1313,Roads & Highways,Ministry of Road Transport & Highways,MoRTH,618211,Improvement/construction of 2-lane with paved shoulder of Askote Llipulekh road from Tawaghat village to Budhi village design km. 56935 to km 95748 and from end of Tunnel portal to Kali Mandir design km 113828 to km. 133078 [total design length 58.063 km] under project Hirak of BRO in the state of Uttarakhand under Bharatmala Pariyojna on EPC Mode,650,,0.0,30,2026-11-24,2026-11-24,2022-05-19,0,0,,,0.0,0.0,2026,2026,2022.0,Ministry of Statistics and Programme Implementation,Infrastructure and Project Monitoring Division,PAIMANA,Projects Report - Public Dashboard,March 2026,True,False
1314,Roads & Highways,Ministry of Road Transport & Highways,MoRTH,618216,"Improvement/construction of existing CL-5 Road to NH Intermediate lane specification with hard shoulder from Km 133.000 to 166.000 net Length 33.000 kms of NH-505 Sumdo-Kaza-Gramphoo road in the state of Himachal Pradesh on EPC mode under project Deepak, BRO",231,203.15,15.16,23,2026-06-30,2026-06-30,2021-03-08,0,0,-27.849999999999994,-12.06,0.0656,6.56,2026,2026,2021.0,Ministry of Statistics and Programme Implementation,Infrastructure and Project Monitoring Division,PAIMANA,Projects Report - Public Dashboard,March 2026,True,False
1315,Roads & Highways,Ministry of Road Transport & Highways,MoRTH,618215,"Improvement/construction of existing CL-5 Road to NH Intermediate lane specification with hard shoulder from Km 166.000 to 203.77 net Length 37.770 kms of NH-505 Sumdo-Kaza-Gramphoo road in the state of Himachal Pradesh on EPC mode under project Deepak, BRO",274,194.0,0.0,22,2027-06-09,2027-06-09,2021-06-14,0,0,-80.0,-29.2,0.0,0.0,2027,2027,2021.0,Ministry of Statistics and Programme Implementation,Infrastructure and Project Monitoring Division,PAIMANA,Projects Report - Public Dashboard,March 2026,True,False
1316,Roads & Highways,Ministry of Road Transport & Highways,MoRTH,618217,Improvement/construction of existing Class-5 Road to NH Intermediate lane specification with hard shoulder from existing Km 76/340 to 134/940 Design chainage from Km 76/300 to 133/000 net Length 56.700 kms of NH-505 Sumdo-Kaza-Gramphoo road in the state of Himachal Pradesh Package I,315,244.15,76.97,60,2026-05-11,2026-05-11,2021-03-03,0,0,-70.85,-22.49,0.2443,24.43,2026,2026,2021.0,Ministry of Statistics and Programme Implementation,Infrastructure and Project Monitoring Division,PAIMANA,Projects Report - Public Dashboard,March 2026,True,False
1317,Roads & Highways,Ministry of Road Transport & Highways,NHIDCL,618299,Improvement/Up-gradation of existing 2-Lane Road to 4-Lane Divided Highway from Daili to Kuraopokpi section of Imphal-Kohima road NH-02 Design Chainage from Km 274610 to Km 287000 in the state of Manipur on EPC mode Pkg-4B,269,,0.0,53,2026-06-05,2026-06-05,2020-09-01,0,0,,,0.0,0.0,2026,2026,2020.0,Ministry of Statistics and Programme Implementation,Infrastructure and Project Monitoring Division,PAIMANA,Projects Report - Public Dashboard,March 2026,True,False
1318,Roads & Highways,Ministry of Road Transport & Highways,NHIDCL,618300,Improvement/Up-gradation of existing 2-Lane Road to 4-Lane Divided Highway from Taphukuki to Daili section of Imphal-Kohima road NH-02 Design Chainage from Km 262175 to Km 274610 in the state of Manipur on EPC mode Pkg-4A,379,,301.89,87,2022-04-18,2026-08-31,2020-09-01,1596,1,,,0.7965,79.65,2022,2026,2020.0,Ministry of Statistics and Programme Implementation,Infrastructure and Project Monitoring Division,PAIMANA,Projects Report - Public Dashboard,March 2026,True,False
1319,Roads & Highways,Ministry of Road Transport & Highways,NHIDCL,618295,Improvement/Widening of New NH-217 Dainadubi-Darugiri section to Two lane with paved shoulder in Meghalaya from design Km 0000 to Km 40840 existing Km 8600 to Km 53000 of Old NH-62 under BMP Lot-1 Pkg-1B Meghalaya portion,706,,0.0,39,2027-03-20,2027-03-19,2023-03-22,0,0,,,0.0,0.0,2027,2027,2023.0,Ministry of Statistics and Programme Implementation,Infrastructure and Project Monitoring Division,PAIMANA,Projects Report - Public Dashboard,March 2026,True,False
1320,Roads & Highways,Ministry of Road Transport & Highways,NHIDCL,618374,Improvement/Widening to 2-L with Paved Shoulder/ 4-Laning of NH-40 section from Km 151330 to Km 163400 design Km 63.530 to Km 71.520 including Dawki Bridge of length 368 m between Shillong-Dawki under JICA ODA Loan assistance Phase-II Pkg-5 -Balance work,284,,0.0,39,2026-11-13,2026-11-13,2020-07-13,0,0,,,0.0,0.0,2026,2026,2020.0,Ministry of Statistics and Programme Implementation,Infrastructure and Project Monitoring Division,PAIMANA,Projects Report - Public Dashboard,March 2026,True,False
1321,Roads & Highways,Ministry of Road Transport & Highways,NHIDCL,618377,Improvement/Widening to 2-L with Paved Shoulder/4-L from Km 81740 to Km 93490 design Km 0000 to Km 10670 of NH-40 New NH-106 & 206 section & 4-L from design Km 0.00 to Km 0.930 of NH-44 section between Shillong-Dawki under JICA ODA Loan assistance Phase-II -Balance Work Pkg-1,351,,0.0,93,2025-10-22,2026-04-15,2020-07-13,175,1,,,0.0,0.0,2025,2026,2020.0,Ministry of Statistics and Programme Implementation,Infrastructure and Project Monitoring Division,PAIMANA,Projects Report - Public Dashboard,March 2026,True,False
1322,Roads & Highways,Ministry of Road Transport & Highways,NHIDCL,618376,Improvement/Widening to 2-Lane with Paved Shoulder between Shillong-Dawki road up to Bangladesh Border from design Km 10.670 to Km 37.550 under JICA ODA Loan assistance Phase-II -Balance Work-Pkg-2,526,,0.0,49,2026-08-07,2026-12-31,2020-07-13,146,1,,,0.0,0.0,2026,2026,2020.0,Ministry of Statistics and Programme Implementation,Infrastructure and Project Monitoring Division,PAIMANA,Projects Report - Public Dashboard,March 2026,True,False
1323,Roads & Highways,Ministry of Road Transport & Highways,NHIDCL,618375,Improvement/Widening to 2-Lane with Paved Shoulder from design Km 45.760 to Km 63.530 between Shillong-Dawki under JICA ODA Loan assistance Phase-II -Balance work Pkg-4,446,,42.32,49,2026-04-19,2026-10-31,2020-07-13,195,1,,,0.0949,9.49,2026,2026,2020.0,Ministry of Statistics and Programme Implementation,Infrastructure and Project Monitoring Division,PAIMANA,Projects Report - Public Dashboard,March 2026,True,False
1324,Roads & Highways,Ministry of Road Transport & Highways,National Highways Authority of India [NHAI],618561,Improving the Alignment of Thoppur Ghat Section from Km 158.500 to Km 165.100 in Dharmapuri - Salem Section of NH-44,905,731.09,137.39,34,2028-03-20,2028-03-20,2024-03-07,0,0,-173.90999999999997,-19.22,0.1518,15.18,2028,2028,2024.0,Ministry of Statistics and Programme Implementation,Infrastructure and Project Monitoring Division,PAIMANA,Projects Report - Public Dashboard,March 2026,True,False
1325,Roads & Highways,Ministry of Road Transport & Highways,National Highways Authority of India [NHAI],618621,Indore - Edlabad Pkg-II [Tejajinagar to Balwara],1163,1530.82,486.3,84,2025-01-15,2026-05-31,2022-03-11,501,1,367.81999999999994,31.63,0.4181,41.81,2025,2026,2022.0,Ministry of Statistics and Programme Implementation,Infrastructure and Project Monitoring Division,PAIMANA,Projects Report - Public Dashboard,March 2026,True,False
1326,Roads & Highways,Ministry of Road Transport & Highways,National Highways Authority of India [NHAI],618625,Indore - Gujarat / MP Border from km. Km 9.500 to Km 171.000 of NH-59 in MP,1175,217.22,14.04,100,2013-02-14,2026-05-31,2009-12-16,4854,1,-957.78,-81.51,0.0119,1.19,2013,2026,2009.0,Ministry of Statistics and Programme Implementation,Infrastructure and Project Monitoring Division,PAIMANA,Projects Report - Public Dashboard,March 2026,True,False
1327,Roads & Highways,Ministry of Road Transport & Highways,National Highways Authority of India [NHAI],618694,Indore - Harda Pkg-I [Indore to Raghav Garh from km. 0.25 to km. 26.903],1011,813.03,371.56,91,2024-10-31,2026-05-31,2022-01-31,577,1,-197.97000000000003,-19.58,0.3675,36.75,2024,2026,2022.0,Ministry of Statistics and Programme Implementation,Infrastructure and Project Monitoring Division,PAIMANA,Projects Report - Public Dashboard,March 2026,True,False
1328,Roads & Highways,Ministry of Road Transport & Highways,National Highways Authority of India [NHAI],619114,Indore - Harda Pkg-II [Raghavgarh to Nanasa from km. 29.30 to km. 92.30],1082,1146.63,345.65,40,2026-03-14,2026-12-31,2023-01-04,292,1,64.63000000000011,5.97,0.3195,31.95,2026,2026,2023.0,Ministry of Statistics and Programme Implementation,Infrastructure and Project Monitoring Division,PAIMANA,Projects Report - Public Dashboard,March 2026,True,False
1329,Roads & Highways,Ministry of Road Transport & Highways,National Highways Authority of India [NHAI],618695,Indore - Harda Pkg-III [Nanasa to Pidgaon Section from km 95.000 to km 142.445],1146,1240.64,566.38,96,2023-10-06,2026-04-30,2020-01-01,937,1,94.6400000000001,8.26,0.4942,49.42,2023,2026,2020.0,Ministry of Statistics and Programme Implementation,Infrastructure and Project Monitoring Division,PAIMANA,Projects Report - Public Dashboard,March 2026,True,False
1330,Roads & Highways,Ministry of Road Transport & Highways,National Highways Authority of India [NHAI],618762,Itarsi Km. 63.000 to Betul Km. 137.000 of NH-69 in Madhya Pradesh,950,788.33,395.04,100,2020-02-21,2026-04-30,2017-08-31,2260,1,-161.66999999999996,-17.02,0.4158,41.58,2020,2026,2017.0,Ministry of Statistics and Programme Implementation,Infrastructure and Project Monitoring Division,PAIMANA,Projects Report - Public Dashboard,March 2026,True,False
1331,Roads & Highways,Ministry of Road Transport & Highways,National Highways Authority of India [NHAI],618936,Jagadhari - Tajewala from Km -0.175 to 32.337 km of NH-344,1270,919.43,651.45,59,2025-02-06,2026-11-30,2022-03-31,662,1,-350.57000000000005,-27.6,0.513,51.3,2025,2026,2022.0,Ministry of Statistics and Programme Implementation,Infrastructure and Project Monitoring Division,PAIMANA,Projects Report - Public Dashboard,March 2026,True,False
1332,Roads & Highways,Ministry of Road Transport & Highways,NHIDCL,618407,Jammu-Akhnoor Road Pkg-I,245,,82.06,68,2025-01-09,2026-04-30,2018-03-14,476,1,,,0.3349,33.49,2025,2026,2018.0,Ministry of Statistics and Programme Implementation,Infrastructure and Project Monitoring Division,PAIMANA,Projects Report - Public Dashboard,March 2026,True,False
1333,Roads & Highways,Ministry of Road Transport & Highways,MoRTH,618007,Jaynagar-Narahia Section km 156.500 to km 219.945 Lot-III,553,706.39,0.0,99,2018-11-11,2025-08-31,2016-02-01,2485,1,153.39,27.74,0.0,0.0,2018,2025,2016.0,Ministry of Statistics and Programme Implementation,Infrastructure and Project Monitoring Division,PAIMANA,Projects Report - Public Dashboard,March 2026,True,False
1334,Roads & Highways,Ministry of Road Transport & Highways,National Highways Authority of India [NHAI],619208,Kadambattukonam-Kazhakuttom,3636,3526.33,524.28,44,2025-01-18,2026-12-31,2021-12-06,712,1,-109.67000000000007,-3.02,0.1442,14.42,2025,2026,2021.0,Ministry of Statistics and Programme Implementation,Infrastructure and Project Monitoring Division,PAIMANA,Projects Report - Public Dashboard,March 2026,True,False
1335,Roads & Highways,Ministry of Road Transport & Highways,National Highways Authority of India [NHAI],619146,Kagvadar - Una Package-IV,751,955.78,331.94,98,2019-09-16,2026-04-30,2016-02-17,2418,1,204.77999999999997,27.27,0.442,44.2,2019,2026,2016.0,Ministry of Statistics and Programme Implementation,Infrastructure and Project Monitoring Division,PAIMANA,Projects Report - Public Dashboard,March 2026,True,False
1336,Roads & Highways,Ministry of Road Transport & Highways,National Highways Authority of India [NHAI],618899,Kallagam km.38.700 to Meensurutti Km.98.433 of NH-227 in Tamil Nadu,1499,1499.12,640.87,100,2021-04-22,2026-04-30,2018-02-27,1834,1,0.11999999999989086,0.01,0.4275,42.75,2021,2026,2018.0,Ministry of Statistics and Programme Implementation,Infrastructure and Project Monitoring Division,PAIMANA,Projects Report - Public Dashboard,March 2026,True,False
1337,Roads & Highways,Ministry of Road Transport & Highways,National Highways Authority of India [NHAI],618895,Kamalapuram to Oddanchatram from km. 0.00 to km. 35.822,1319,1319.42,388.15,92,2023-01-20,2026-05-31,2019-01-22,1227,1,0.42000000000007276,0.03,0.2943,29.43,2023,2026,2019.0,Ministry of Statistics and Programme Implementation,Infrastructure and Project Monitoring Division,PAIMANA,Projects Report - Public Dashboard,March 2026,True,False
1338,Roads & Highways,Ministry of Road Transport & Highways,MoRTH,617948,Kante - Wakad section of NH-66 4L PS from Km.281/300 to 332/200,1118,2020.56,287.96,90,2019-11-12,2025-11-30,2016-03-17,2210,1,902.56,80.73,0.2576,25.76,2019,2025,2016.0,Ministry of Statistics and Programme Implementation,Infrastructure and Project Monitoring Division,PAIMANA,Projects Report - Public Dashboard,March 2026,True,False
1339,Roads & Highways,Ministry of Road Transport & Highways,National Highways Authority of India [NHAI],618521,Karaipettai to Walajapet from Km 71.015 to 107.091,767,766.51,427.32,94,2021-02-09,2026-04-30,2018-08-08,1906,1,-0.4900000000000091,-0.06,0.5571,55.71,2021,2026,2018.0,Ministry of Statistics and Programme Implementation,Infrastructure and Project Monitoring Division,PAIMANA,Projects Report - Public Dashboard,March 2026,True,False
1340,Roads & Highways,Ministry of Road Transport & Highways,NHIDCL,618408,Kargil Zanskar Road,398,,282.19,91,2023-01-02,2026-07-15,2021-03-31,1290,1,,,0.709,70.9,2023,2026,2021.0,Ministry of Statistics and Programme Implementation,Infrastructure and Project Monitoring Division,PAIMANA,Projects Report - Public Dashboard,March 2026,True,False
1341,Roads & Highways,Ministry of Road Transport & Highways,National Highways Authority of India [NHAI],619201,Karnal ring road Lot-4/Pkg-1,1741,2041.54,410.51,92,2025-08-30,2026-10-31,2022-11-04,427,1,300.53999999999996,17.26,0.2358,23.58,2025,2026,2022.0,Ministry of Statistics and Programme Implementation,Infrastructure and Project Monitoring Division,PAIMANA,Projects Report - Public Dashboard,March 2026,True,False
1342,Roads & Highways,Ministry of Road Transport & Highways,MoRTH,617944,Kashedi ghat tunnel NH-66 [Bhogaon Khurd - Kashedi section] 4 lanes under NHDP on EPC mode,680,701.46,0.0,98,2021-04-14,2021-04-14,2018-09-25,0,0,21.460000000000036,3.16,0.0,0.0,2021,2021,2018.0,Ministry of Statistics and Programme Implementation,Infrastructure and Project Monitoring Division,PAIMANA,Projects Report - Public Dashboard,March 2026,True,False
1343,Roads & Highways,Ministry of Road Transport & Highways,MoRTH,617946,Kashedi to Parshuram Ghat section of NH-66 from Km 161/600 - Km 205/400 - 4L PS,1143,,0.0,98,2020-02-02,2025-12-31,2016-03-07,2159,1,,,0.0,0.0,2020,2025,2016.0,Ministry of Statistics and Programme Implementation,Infrastructure and Project Monitoring Division,PAIMANA,Projects Report - Public Dashboard,March 2026,True,False
1344,Roads & Highways,Ministry of Road Transport & Highways,National Highways Authority of India [NHAI],618746,Khammam-Devarapalle Pkg I [4L Access Controlled Greenfield from Thallampadu village to Somavaram village Design Chainage 0000 to 33604],797,1337.18,570.71,95,2024-10-30,2026-04-30,2021-01-22,547,1,540.1800000000001,67.78,0.7161,71.61,2024,2026,2021.0,Ministry of Statistics and Programme Implementation,Infrastructure and Project Monitoring Division,PAIMANA,Projects Report - Public Dashboard,March 2026,True,False
1345,Roads & Highways,Ministry of Road Transport & Highways,National Highways Authority of India [NHAI],619128,Khammam-Devarapalle Pkg II [4L Access Controlled Greenfield from Somavaram village to Chintagudem village Design Chainage 33604 to 63117],616,981.64,363.74,98,2024-09-12,2026-04-30,2021-01-22,595,1,365.64,59.36,0.5905,59.05,2024,2026,2021.0,Ministry of Statistics and Programme Implementation,Infrastructure and Project Monitoring Division,PAIMANA,Projects Report - Public Dashboard,March 2026,True,False
1346,Roads & Highways,Ministry of Road Transport & Highways,National Highways Authority of India [NHAI],618747,Khammam-Devarapalle Pkg III [4L Access Controlled Greenfield from Chintagudem village to Recherla village Design Chainage 63117 to 105236],830,1227.07,441.32,99,2024-09-26,2026-04-30,2021-01-22,581,1,397.06999999999994,47.84,0.5317,53.17,2024,2026,2021.0,Ministry of Statistics and Programme Implementation,Infrastructure and Project Monitoring Division,PAIMANA,Projects Report - Public Dashboard,March 2026,True,False
1347,Roads & Highways,Ministry of Road Transport & Highways,National Highways Authority of India [NHAI],618748,Khammam-Devarapalle Pkg IV [4L Access Controlled Greenfield from Recherla village to Gurvaygudem village Design Chainage 105236 to 132664],569,752.02,355.88,100,2024-09-25,2025-05-31,2020-11-23,248,1,183.01999999999998,32.17,0.6254,62.54,2024,2025,2020.0,Ministry of Statistics and Programme Implementation,Infrastructure and Project Monitoring Division,PAIMANA,Projects Report - Public Dashboard,March 2026,True,False
1348,Roads & Highways,Ministry of Road Transport & Highways,National Highways Authority of India [NHAI],618749,Khammam-Devarapalle Pkg V [4L Access Controlled Greenfield from Gurvaygudem village to Devarapalle village Design Chainage 132664 to 162126,712,926.48,407.99,98,2024-09-25,2026-04-30,2020-12-07,582,1,214.48000000000002,30.12,0.573,57.3,2024,2026,2020.0,Ministry of Statistics and Programme Implementation,Infrastructure and Project Monitoring Division,PAIMANA,Projects Report - Public Dashboard,March 2026,True,False
1349,Roads & Highways,Ministry of Road Transport & Highways,National Highways Authority of India [NHAI],618833,Kodinar - Veraval Package VI from km. 221.610 to km. 263.00 of NH-8E & km. 120.900 to km. 121.150 of NH-8D,894,1127.42,453.77,99,2020-07-30,2026-04-30,2016-02-17,2100,1,233.42000000000007,26.11,0.5076,50.76,2020,2026,2016.0,Ministry of Statistics and Programme Implementation,Infrastructure and Project Monitoring Division,PAIMANA,Projects Report - Public Dashboard,March 2026,True,False
1350,Roads & Highways,Ministry of Road Transport & Highways,MoRTH,618101,Kondamodu to Perecherla Section Design Ch. Km 000 to Km 49917 of NH-167AG to to 4LPS,882,,0.0,25,2027-04-19,2027-04-19,2024-10-15,0,0,,,0.0,0.0,2027,2027,2024.0,Ministry of Statistics and Programme Implementation,Infrastructure and Project Monitoring Division,PAIMANA,Projects Report - Public Dashboard,March 2026,True,False
1351,Roads & Highways,Ministry of Road Transport & Highways,MoRTH,617965,Kopargaon to Savali Vihir section,195,,0.0,80,2024-07-13,2026-06-30,2022-06-22,717,1,,,0.0,0.0,2024,2026,2022.0,Ministry of Statistics and Programme Implementation,Infrastructure and Project Monitoring Division,PAIMANA,Projects Report - Public Dashboard,March 2026,True,False
1352,Roads & Highways,Ministry of Road Transport & Highways,National Highways Authority of India [NHAI],618607,Kottankulangara- Start of Kollam Bypass,2842,3680.49,783.02,74,2024-10-07,2026-08-31,2021-06-08,693,1,838.4899999999998,29.5,0.2755,27.55,2024,2026,2021.0,Ministry of Statistics and Programme Implementation,Infrastructure and Project Monitoring Division,PAIMANA,Projects Report - Public Dashboard,March 2026,True,False
1353,Roads & Highways,Ministry of Road Transport & Highways,National Highways Authority of India [NHAI],619098,Kozhikode Bypass Calicut Bypass Vengalam Jn. to Ramanattukara Jn.,1425,2139.18,927.08,99,2023-02-21,2026-04-12,2018-02-15,1146,1,714.1799999999998,50.12,0.6506,65.06,2023,2026,2018.0,Ministry of Statistics and Programme Implementation,Infrastructure and Project Monitoring Division,PAIMANA,Projects Report - Public Dashboard,March 2026,True,False
1354,Roads & Highways,Ministry of Road Transport & Highways,MoRTH,617986,Kurnool/Kadapa Border-Jammalamadugu section of NH-167K i.e. Design Ch. Km 248010 to km 269900 to 2,293,,0.0,83,2026-12-17,2026-12-17,2023-03-14,0,0,,,0.0,0.0,2026,2026,2023.0,Ministry of Statistics and Programme Implementation,Infrastructure and Project Monitoring Division,PAIMANA,Projects Report - Public Dashboard,March 2026,True,False
1355,Roads & Highways,Ministry of Road Transport & Highways,MoRTH,617888,Landslide treatment work on NH 58 from Kodiyala Km. 266.130 to Devprayag Km. 296.925 10 location under EPC mode in the State of Uttarakhand on EPC Mode,193,,0.0,99,2025-02-11,2026-06-23,2023-01-09,497,1,,,0.0,0.0,2025,2026,2023.0,Ministry of Statistics and Programme Implementation,Infrastructure and Project Monitoring Division,PAIMANA,Projects Report - Public Dashboard,March 2026,True,False
1356,Roads & Highways,Ministry of Road Transport & Highways,MoRTH,618116,lmprovement and Up-gradation from Km. 73.300 Bikapur to Km.140.960 Patranga of NH-227B 84 Kosi Parikrama Marg to 2LPS along with Parikrama Path,1680,,66.99,13,2028-01-27,2028-01-27,2022-11-09,0,0,,,0.0399,3.99,2028,2028,2022.0,Ministry of Statistics and Programme Implementation,Infrastructure and Project Monitoring Division,PAIMANA,Projects Report - Public Dashboard,March 2026,True,False
1357,Roads & Highways,Ministry of Road Transport & Highways,NHIDCL,618331,lmprovement to 4-Lane with Paved Shoulder from existing km 260000 Design Ch.4560 km to existing km Ch.233000 D. Ch.24560 of Silchar near Nutan Dayapur village - Budha Nagar Section Length-20.00 Km of NH-37 under Package Silchar-Jiribam Pkg-1 in the state of Assam on HAM Mode,958,,149.51,37,2028-01-15,2028-01-15,2024-01-24,0,0,,,0.1561,15.61,2028,2028,2024.0,Ministry of Statistics and Programme Implementation,Infrastructure and Project Monitoring Division,PAIMANA,Projects Report - Public Dashboard,March 2026,True,False
1358,Roads & Highways,Ministry of Road Transport & Highways,National Highways Authority of India [NHAI],618653,Loha-Waranga Section of NH-361 from km 187.800 to km 244.369,1236,3466.58,832.88,96,2021-03-24,2026-05-15,2018-03-01,1878,1,2230.58,180.47,0.6739,67.39,2021,2026,2018.0,Ministry of Statistics and Programme Implementation,Infrastructure and Project Monitoring Division,PAIMANA,Projects Report - Public Dashboard,March 2026,True,False
1359,Roads & Highways,Ministry of Road Transport & Highways,National Highways Authority of India [NHAI],619129,Mahabalipuram - Pondicherry Pkg-I [Mamallapuram to Mugaiyur],1361,1477.94,552.9,59,2024-05-10,2026-08-31,2019-02-14,843,1,116.94000000000005,8.59,0.4062,40.62,2024,2026,2019.0,Ministry of Statistics and Programme Implementation,Infrastructure and Project Monitoring Division,PAIMANA,Projects Report - Public Dashboard,March 2026,True,False
1360,Roads & Highways,Ministry of Road Transport & Highways,National Highways Authority of India [NHAI],619130,Mahabalipuram - Pondicherry Pkg-II [Mugaiyur to Marakkanam],1116,1463.75,520.05,53,2025-12-05,2026-08-31,2019-02-14,269,1,347.75,31.16,0.466,46.6,2025,2026,2019.0,Ministry of Statistics and Programme Implementation,Infrastructure and Project Monitoring Division,PAIMANA,Projects Report - Public Dashboard,March 2026,True,False
1361,Roads & Highways,Ministry of Road Transport & Highways,National Highways Authority of India [NHAI],618903,Maheshkunt -Saharsa-Purnea Pkg II,1028,1244.09,815.63,91,2020-12-11,2026-06-30,2017-03-30,2027,1,216.08999999999992,21.02,0.7934,79.34,2020,2026,2017.0,Ministry of Statistics and Programme Implementation,Infrastructure and Project Monitoring Division,PAIMANA,Projects Report - Public Dashboard,March 2026,True,False
1362,Roads & Highways,Ministry of Road Transport & Highways,National Highways Authority of India [NHAI],618902,Maheshkunt-Saharsa-Purnea Pkg I km 0.00 to km. 90.00 of NH-107,662,1311.22,917.26,85,2021-12-19,2026-07-31,2017-02-27,1685,1,649.22,98.07,1.3856,138.56,2021,2026,2017.0,Ministry of Statistics and Programme Implementation,Infrastructure and Project Monitoring Division,PAIMANA,Projects Report - Public Dashboard,March 2026,True,False
1363,Roads & Highways,Ministry of Road Transport & Highways,National Highways Authority of India [NHAI],618624,Mangloor to Telangana Maharashtra Border,1083,1323.12,180.13,96,2021-04-10,2021-03-12,2018-03-26,0,0,240.1199999999999,22.17,0.1663,16.63,2021,2021,2018.0,Ministry of Statistics and Programme Implementation,Infrastructure and Project Monitoring Division,PAIMANA,Projects Report - Public Dashboard,March 2026,True,False
1364,Roads & Highways,Ministry of Road Transport & Highways,National Highways Authority of India [NHAI],618797,Mayjilar Jaisalmer with Jaisalmer Bypass Link Road Section of NH-11 Part of BM-7 & Sundra Myajilar Ambsingh ki Dhani Road part of Munabao Tanot project NH-70,1238,927.02,0.53,6,2027-12-18,2027-12-18,2025-03-26,0,0,-310.98,-25.12,0.0004,0.04,2027,2027,2025.0,Ministry of Statistics and Programme Implementation,Infrastructure and Project Monitoring Division,PAIMANA,Projects Report - Public Dashboard,March 2026,True,False
1365,Roads & Highways,Ministry of Road Transport & Highways,NHIDCL,618411,Melaghar-Srimantapur section on NH-08 Spur from Km 23 to Km 34.500 11.5 Km and overlay from Km 20.30 to Km 22.00 1.7 Km Total Length 13.2 Km,196,,86.26,70,2024-11-27,2026-06-30,2023-01-05,580,1,,,0.4401,44.01,2024,2026,2023.0,Ministry of Statistics and Programme Implementation,Infrastructure and Project Monitoring Division,PAIMANA,Projects Report - Public Dashboard,March 2026,True,False
1366,Roads & Highways,Ministry of Road Transport & Highways,National Highways Authority of India [NHAI],618756,Melur - Pilayarpatti - Karaikudi from km 99.920 of NH 38 to km 12.9 of NH 383 Ext.,1104,1085.41,669.32,92,2022-03-15,2026-07-15,2018-12-20,1583,1,-18.589999999999918,-1.68,0.6063,60.63,2022,2026,2018.0,Ministry of Statistics and Programme Implementation,Infrastructure and Project Monitoring Division,PAIMANA,Projects Report - Public Dashboard,March 2026,True,False
1367,Roads & Highways,Ministry of Road Transport & Highways,MoRTH,618152,Mhaswad to Tembhurni section of NH-548C - 2L PS,489,,0.0,96,2019-07-31,2025-12-31,2017-01-25,2345,1,,,0.0,0.0,2019,2025,2017.0,Ministry of Statistics and Programme Implementation,Infrastructure and Project Monitoring Division,PAIMANA,Projects Report - Public Dashboard,March 2026,True,False
1368,Roads & Highways,Ministry of Road Transport & Highways,National Highways Authority of India [NHAI],618764,Moga - Bagha Purana - Bajakhana from km. 0.00 to km. 43.32,1033,1264.17,658.21,76,2024-12-30,2026-05-31,2020-05-11,517,1,231.17000000000007,22.38,0.6372,63.72,2024,2026,2020.0,Ministry of Statistics and Programme Implementation,Infrastructure and Project Monitoring Division,PAIMANA,Projects Report - Public Dashboard,March 2026,True,False
1369,Roads & Highways,Ministry of Road Transport & Highways,MoRTH,618053,Muddanur to B. Kothapalli section of NH-716G from Km. 0/000 to Km. 56/500 56.500 Km in the State of Andhra Pradesh on EPC mode Job no. 741,1020,,0.0,18,2027-08-10,2027-08-10,2024-10-15,0,0,,,0.0,0.0,2027,2027,2024.0,Ministry of Statistics and Programme Implementation,Infrastructure and Project Monitoring Division,PAIMANA,Projects Report - Public Dashboard,March 2026,True,False
1370,Roads & Highways,Ministry of Road Transport & Highways,National Highways Authority of India [NHAI],618629,Nandigama Bypass and Kanchikacherla bypass,416,444.58,110.65,98,2019-06-04,2026-04-30,2017-11-09,2522,1,28.579999999999984,6.87,0.266,26.6,2019,2026,2017.0,Ministry of Statistics and Programme Implementation,Infrastructure and Project Monitoring Division,PAIMANA,Projects Report - Public Dashboard,March 2026,True,False
1372,Roads & Highways,Ministry of Road Transport & Highways,MoRTH,617987,Nandyala-Kurnool/Kadapa Border section of NH-167K i.e. Km 186/000 to Km 250/000Design Ch.186000 to 248010 to 2LPS,692,,0.0,40,2027-09-04,2027-09-04,2024-10-15,0,0,,,0.0,0.0,2027,2027,2024.0,Ministry of Statistics and Programme Implementation,Infrastructure and Project Monitoring Division,PAIMANA,Projects Report - Public Dashboard,March 2026,True,False
1373,Roads & Highways,Ministry of Road Transport & Highways,MoRTH,617934,Nasratpur to Barasgaon section of NH-61 2L / 4L PS from Km.514/00 to 558/200,407,,0.0,96,2019-09-07,2026-06-30,2017-07-05,2488,1,,,0.0,0.0,2019,2026,2017.0,Ministry of Statistics and Programme Implementation,Infrastructure and Project Monitoring Division,PAIMANA,Projects Report - Public Dashboard,March 2026,True,False
1374,Roads & Highways,Ministry of Road Transport & Highways,National Highways Authority of India [NHAI],618850,Nerchowk km 190.000 to Pandoh including Pandoh bypass km221.305,1464,1651.67,843.63,100,2020-07-11,2026-04-30,2016-03-31,2119,1,187.67000000000007,12.82,0.5762,57.62,2020,2026,2016.0,Ministry of Statistics and Programme Implementation,Infrastructure and Project Monitoring Division,PAIMANA,Projects Report - Public Dashboard,March 2026,True,False
1375,Roads & Highways,Ministry of Road Transport & Highways,MoRTH,617898,New construction of Major Bridge with Approaches from Km 0.000 to 1.200 Madhopur -Badabanta section of NH-20 under NHO in Annual Plan 2022-23 in the State of Odisha,200,,0.1,0,2027-10-09,2027-10-09,2023-03-16,0,0,,,0.0005,0.05,2027,2027,2023.0,Ministry of Statistics and Programme Implementation,Infrastructure and Project Monitoring Division,PAIMANA,Projects Report - Public Dashboard,March 2026,True,False
1376,Roads & Highways,Ministry of Road Transport & Highways,National Highways Authority of India [NHAI],619120,Nidagatta-Mysore Pkg II,2920,4113.89,1378.91,99,2022-06-07,2026-04-30,2018-02-27,1423,1,1193.8900000000003,40.89,0.4722,47.22,2022,2026,2018.0,Ministry of Statistics and Programme Implementation,Infrastructure and Project Monitoring Division,PAIMANA,Projects Report - Public Dashboard,March 2026,True,False
1377,Roads & Highways,Ministry of Road Transport & Highways,National Highways Authority of India [NHAI],618688,Outer Ring Road of Jabalpur Town from Amjhar Road including Airport Connectivity to barela Pkg-V,795,539.9,46.92,20,2027-10-11,2027-10-11,2024-10-28,0,0,-255.10000000000002,-32.09,0.059,5.9,2027,2027,2024.0,Ministry of Statistics and Programme Implementation,Infrastructure and Project Monitoring Division,PAIMANA,Projects Report - Public Dashboard,March 2026,True,False
1378,Roads & Highways,Ministry of Road Transport & Highways,National Highways Authority of India [NHAI],618687,Outer Ring Road of Jabalpur Town from Barela to Manegaon Pkg-1,652,651.88,444.83,88,2025-03-05,2026-04-30,2022-09-01,421,1,-0.12000000000000455,-0.02,0.6823,68.23,2025,2026,2022.0,Ministry of Statistics and Programme Implementation,Infrastructure and Project Monitoring Division,PAIMANA,Projects Report - Public Dashboard,March 2026,True,False
1379,Roads & Highways,Ministry of Road Transport & Highways,National Highways Authority of India [NHAI],618686,Outer Ring Road of Jabalpur Town from Kushner to Amjhar Road including Airport Connectivity Pkg-IV,613,509.82,326.81,76,2026-03-05,2026-06-15,2022-08-26,102,1,-103.18,-16.83,0.5331,53.31,2026,2026,2022.0,Ministry of Statistics and Programme Implementation,Infrastructure and Project Monitoring Division,PAIMANA,Projects Report - Public Dashboard,March 2026,True,False
1380,Roads & Highways,Ministry of Road Transport & Highways,National Highways Authority of India [NHAI],618684,Outer Ring Road of Jabalpur Town from Manegaon to NH-45 Pkg-2,917,786.47,459.78,75,2026-03-07,2026-10-31,2022-11-07,238,1,-130.52999999999997,-14.23,0.5014,50.14,2026,2026,2022.0,Ministry of Statistics and Programme Implementation,Infrastructure and Project Monitoring Division,PAIMANA,Projects Report - Public Dashboard,March 2026,True,False
1381,Roads & Highways,Ministry of Road Transport & Highways,National Highways Authority of India [NHAI],618685,Outer Ring Road of Jabalpur Town from NH45 to Kushner Pkg-3,911,773.23,459.73,77,2026-03-04,2026-05-15,2022-09-20,72,1,-137.76999999999998,-15.12,0.5046,50.46,2026,2026,2022.0,Ministry of Statistics and Programme Implementation,Infrastructure and Project Monitoring Division,PAIMANA,Projects Report - Public Dashboard,March 2026,True,False
1382,Roads & Highways,Ministry of Road Transport & Highways,MoRTH,618172,Paithan - Shirur section 2LPS Km 0.0 to 55.00,342,,0.0,82,2019-06-02,2026-05-31,2017-03-01,2555,1,,,0.0,0.0,2019,2026,2017.0,Ministry of Statistics and Programme Implementation,Infrastructure and Project Monitoring Division,PAIMANA,Projects Report - Public Dashboard,March 2026,True,False
1383,Roads & Highways,Ministry of Road Transport & Highways,MoRTH,618177,Pal Phata Phulambri - Khultabad 2LPS,227,,0.0,99,2019-12-29,2025-12-31,2018-03-27,2194,1,,,0.0,0.0,2019,2025,2018.0,Ministry of Statistics and Programme Implementation,Infrastructure and Project Monitoring Division,PAIMANA,Projects Report - Public Dashboard,March 2026,True,False
1384,Roads & Highways,Ministry of Road Transport & Highways,National Highways Authority of India [NHAI],618851,Pandoh bypass 221.305 to Takoli 242.000 of NH-21 in the state of Himachal Pradesh,3420,4465.94,1848.29,96,2021-09-23,2026-06-16,2017-06-13,1727,1,1045.9399999999996,30.58,0.5404,54.04,2021,2026,2017.0,Ministry of Statistics and Programme Implementation,Infrastructure and Project Monitoring Division,PAIMANA,Projects Report - Public Dashboard,March 2026,True,False
1385,Roads & Highways,Ministry of Road Transport & Highways,National Highways Authority of India [NHAI],618606,Paravoor-Kottankulangara,3274,3200.24,1185.17,71,2025-02-23,2026-08-08,2021-12-22,531,1,-73.76000000000022,-2.25,0.362,36.2,2025,2026,2021.0,Ministry of Statistics and Programme Implementation,Infrastructure and Project Monitoring Division,PAIMANA,Projects Report - Public Dashboard,March 2026,True,False
1386,Roads & Highways,Ministry of Road Transport & Highways,MoRTH,618094,Pen to Khopoli 2LPS,369,,323.75,86,2019-12-21,2025-12-31,2018-03-20,2202,1,,,0.8774,87.74,2019,2025,2018.0,Ministry of Statistics and Programme Implementation,Infrastructure and Project Monitoring Division,PAIMANA,Projects Report - Public Dashboard,March 2026,True,False
1387,Roads & Highways,Ministry of Road Transport & Highways,National Highways Authority of India [NHAI],618571,Permanent rectification of 3 nos. of black spots in project Highway NH-27 of U.P border - Dewapur - Kotwa section from Km.360.915 to km.440.000 Total Length of 79.085 Km of NH-27& Permanent rectification of 5 nos. of black spots of project Highway NH-27 of Kotwa - Mehsi - Muzaffarpur Section from km.440.000 to km.520.000 Total length 80.00Km,227,321.23,208.23,77,2025-12-11,2026-07-27,2022-04-12,228,1,94.23000000000002,41.51,0.9173,91.73,2025,2026,2022.0,Ministry of Statistics and Programme Implementation,Infrastructure and Project Monitoring Division,PAIMANA,Projects Report - Public Dashboard,March 2026,True,False
1389,Roads & Highways,Ministry of Road Transport & Highways,National Highways Authority of India [NHAI],618846,Poondiyankuppam Km.67.000 to Sattanathapuram Km.123.800,2566,2319.35,1077.71,100,2024-01-19,2026-04-30,2018-03-01,832,1,-246.6500000000001,-9.61,0.42,42.0,2024,2026,2018.0,Ministry of Statistics and Programme Implementation,Infrastructure and Project Monitoring Division,PAIMANA,Projects Report - Public Dashboard,March 2026,True,False
1390,Roads & Highways,Ministry of Road Transport & Highways,MoRTH,618074,Pre construction activity of NH 122B from km 0 to 72.348 and Improvement to two lane with paved shoulders of NH 122B from km 29.730 to km 72.348 in state of Bihar under EPC mode,624,,153.21,91,2024-11-11,2026-06-30,2022-02-09,596,1,,,0.2455,24.55,2024,2026,2022.0,Ministry of Statistics and Programme Implementation,Infrastructure and Project Monitoring Division,PAIMANA,Projects Report - Public Dashboard,March 2026,True,False
1391,Roads & Highways,Ministry of Road Transport & Highways,MoRTH,618126,"Pre-Construction activities from Km 134.000 to Km 190.233 of NH-333A and Construction of 4 no. of Bypasses at Katoria, Lakhpura, Banka & Panjwara total length-14.359 Km to two lane with paved shoulders standard in State of Bihar.",479,,0.0,55,2026-12-08,2026-12-08,2022-11-10,0,0,,,0.0,0.0,2026,2026,2022.0,Ministry of Statistics and Programme Implementation,Infrastructure and Project Monitoring Division,PAIMANA,Projects Report - Public Dashboard,March 2026,True,False
1392,Roads & Highways,Ministry of Road Transport & Highways,National Highways Authority of India [NHAI],618845,Puducherry Km.29.000 to Poondiyankuppam Km.67.000,1588,1415.9,397.76,99,2023-11-14,2026-04-30,2018-03-01,898,1,-172.0999999999999,-10.84,0.2505,25.05,2023,2026,2018.0,Ministry of Statistics and Programme Implementation,Infrastructure and Project Monitoring Division,PAIMANA,Projects Report - Public Dashboard,March 2026,True,False
1393,Roads & Highways,Ministry of Road Transport & Highways,MoRTH,618180,Pune raigarh District Border To Mangaon Ch 69000 to 103775 NH-753F,223,,0.0,89,2019-12-30,2024-06-30,2018-03-15,1644,1,,,0.0,0.0,2019,2024,2018.0,Ministry of Statistics and Programme Implementation,Infrastructure and Project Monitoring Division,PAIMANA,Projects Report - Public Dashboard,March 2026,True,False
1394,Roads & Highways,Ministry of Road Transport & Highways,NHIDCL,618428,Realignment of NH-717A from Design Ch.0.00 Km 77.800 of NH-10 to Design Ch.2.00 Km 3.100 of NH-717A with two lane paved shoulder including Major Bridge of 680 m in the State of Sikkim on EPC Mode-COS work,265,380.94,61.11,98,2023-04-10,2026-04-16,2021-01-04,1102,1,115.94,43.75,0.2306,23.06,2023,2026,2021.0,Ministry of Statistics and Programme Implementation,Infrastructure and Project Monitoring Division,PAIMANA,Projects Report - Public Dashboard,March 2026,True,False
1395,Roads & Highways,Ministry of Road Transport & Highways,MoRTH,618220,Reconstruction and widening to 2 lane with paved shoulder from existing chainage km 102000 to km 134950 Design chainage km 90150 to km 116980 including construction of Naushera Tunnel Total length of tunnel 0.700 km under 31 TF on Akhnoor-Poonch road NH-144A in the UT of Jammu & Kashmir under Project Sampark BRO on EPC mode Package-V Job no NH-144A-J&K-2020-21-104,642,572.51,0.0,100,2024-07-18,2026-03-31,2021-03-03,621,1,-69.49000000000001,-10.82,0.0,0.0,2024,2026,2021.0,Ministry of Statistics and Programme Implementation,Infrastructure and Project Monitoring Division,PAIMANA,Projects Report - Public Dashboard,March 2026,True,False
1396,Roads & Highways,Ministry of Road Transport & Highways,MoRTH,617970,Reconstruction of existing 2 L/IL to 2L with paved shoulder from existing km 52.200 to 92.880 of NH-,282,,166.13,100,2019-06-18,2023-10-20,2016-10-26,1585,1,,,0.5891,58.91,2019,2023,2016.0,Ministry of Statistics and Programme Implementation,Infrastructure and Project Monitoring Division,PAIMANA,Projects Report - Public Dashboard,March 2026,True,False
1397,Roads & Highways,Ministry of Road Transport & Highways,MoRTH,618025,Rehabiitation and upgradation from km 121/000 to 154/000 Nakrekal to Mallampally section of NH-365 to 2 lane with paved shoulders in the state of Telangana in the EPC mode,193,,141.81,96,2019-12-08,2026-05-31,2018-03-13,2366,1,,,0.7348,73.48,2019,2026,2018.0,Ministry of Statistics and Programme Implementation,Infrastructure and Project Monitoring Division,PAIMANA,Projects Report - Public Dashboard,March 2026,True,False
1398,Roads & Highways,Ministry of Road Transport & Highways,MoRTH,618099,"Rehabilitation & up-gradation for Talere Gaganbawada - kolhapur Road NH 166G stretch start from km. 0/00 to Km. 06/00 and km. 13/00 to km 19/440 of NH-166G, length 12.440 km in the State of Maharashtra.",164,,98.68,100,2026-04-11,2026-04-11,2024-03-14,0,0,,,0.6017,60.17,2026,2026,2024.0,Ministry of Statistics and Programme Implementation,Infrastructure and Project Monitoring Division,PAIMANA,Projects Report - Public Dashboard,March 2026,True,False
1399,Roads & Highways,Ministry of Road Transport & Highways,MoRTH,618067,"Rehabilitation & Up-gradation from design Km. 0.000 to Km. 69.280 of NH-931 Pratapgarh - Amethi - Gauriganj -Musafirkhana to two lane with paved shoulder on Engineering, Procurement & Construction EpC mode in the State of Uttar Pradesh",1086,,0.0,4,2027-11-09,2027-11-09,2023-05-17,0,0,,,0.0,0.0,2027,2027,2023.0,Ministry of Statistics and Programme Implementation,Infrastructure and Project Monitoring Division,PAIMANA,Projects Report - Public Dashboard,March 2026,True,False
1400,Roads & Highways,Ministry of Road Transport & Highways,MoRTH,618089,Rehabilitation & Up-gradation of Mudkhed to Nanded section from Km. 372000 to Km 388400 of NH 161A i.e. Nanded-Bhokar-Himayatnagar-Kinwat-Mahur-Arani Road Design chainage from Km 372000 Mudkhed to Km 387650 Nanded of NH 161A Length 15.65 Km to 2/4Lane with paved shoulders configuration in the State of Maharashtra on EPC mode.,207,,0.0,65,2025-04-02,2026-06-30,2022-03-24,454,1,,,0.0,0.0,2025,2026,2022.0,Ministry of Statistics and Programme Implementation,Infrastructure and Project Monitoring Division,PAIMANA,Projects Report - Public Dashboard,March 2026,True,False
1402,Roads & Highways,Ministry of Road Transport & Highways,MoRTH,618035,Rehabilitation & Upgradation of existing intermediate lane to two Lane with paved shoulder from km. 0.600 Gulganj bypass on NH-34 to km. 43.00 Barna River length 42.400 km. on Gulganj-Amanganj-Pawai-Katni NH43 Extn. in the state of Madhya Pradesh on EPCmode.,275,,0.0,50,2026-05-19,2026-05-19,2023-03-09,0,0,,,0.0,0.0,2026,2026,2023.0,Ministry of Statistics and Programme Implementation,Infrastructure and Project Monitoring Division,PAIMANA,Projects Report - Public Dashboard,March 2026,True,False
1403,Roads & Highways,Ministry of Road Transport & Highways,MoRTH,618218,Rehabilitation & upgradation of existing road to 2-lane with hard shoulder from Joshimath km 0.00 to Saraithota km 29.725 road on NH-107B under Bharatmala Pariyojna on EPC mode in the state of Uttarakhand,338,,0.0,78,2025-05-21,2027-03-31,2022-10-19,679,1,,,0.0,0.0,2025,2027,2022.0,Ministry of Statistics and Programme Implementation,Infrastructure and Project Monitoring Division,PAIMANA,Projects Report - Public Dashboard,March 2026,True,False
1404,Roads & Highways,Ministry of Road Transport & Highways,NHIDCL,618450,Rehabilitation & Upgradation of existing road to 2-lane with paved shoulder including geometric improvement of section from start of Rabangla km33.600 to km58.840 under SARDP-NE Phase A Pkg- IV,293,,1.91,65,2022-05-01,2026-06-30,2020-07-09,1521,1,,,0.0065,0.65,2022,2026,2020.0,Ministry of Statistics and Programme Implementation,Infrastructure and Project Monitoring Division,PAIMANA,Projects Report - Public Dashboard,March 2026,True,False
1405,Roads & Highways,Ministry of Road Transport & Highways,MoRTH,618154,"Rehabilitation & upgradation of Jamkhed to Sautada Section of NH548 D from km 195.375 to km 208.774, Length 13.399 Km to 2L PS /4L configuration with rigid pavement in the state of Maharashtra on EPC mode.",158,,0.0,69,2024-07-14,2026-06-30,2022-03-22,716,1,,,0.0,0.0,2024,2026,2022.0,Ministry of Statistics and Programme Implementation,Infrastructure and Project Monitoring Division,PAIMANA,Projects Report - Public Dashboard,March 2026,True,False
1406,Roads & Highways,Ministry of Road Transport & Highways,MoRTH,618020,"Rehabilitation & Upgradation of KurwaiMungaoliChanderi Road section of NH-346, from Design Chainge 0.000 to 81.300 Km Total length 83.1 km to Two lane with paved shoulder configuration along with One time improvement in 07 nos of bypassed built-up areas in a total length of 22.615 km in the state of Madhya Pradesh on EPC mode.",386,,164.43,65,2025-02-03,2026-06-30,2022-03-23,512,1,,,0.426,42.6,2025,2026,2022.0,Ministry of Statistics and Programme Implementation,Infrastructure and Project Monitoring Division,PAIMANA,Projects Report - Public Dashboard,March 2026,True,False
1407,Roads & Highways,Ministry of Road Transport & Highways,MoRTH,617992,Rehabilitation & upgradation of NH - 167 from design km 187.723 to 234.434 Miryalaguda to Kodad section to two lane with paved shoulder on EPC mode in the state of Telangana,323,322.81,148.48,98,2020-09-03,2026-06-30,2018-03-14,2126,1,-0.18999999999999773,-0.06,0.4597,45.97,2020,2026,2018.0,Ministry of Statistics and Programme Implementation,Infrastructure and Project Monitoring Division,PAIMANA,Projects Report - Public Dashboard,March 2026,True,False
1409,Roads & Highways,Ministry of Road Transport & Highways,MoRTH,618239,"Rehabilitation & Upgradation of NH214New NH-216 from Km 34/230 to Km 84/550 Losari to Machavaram Section to two lane with paved shoulder in the state of Andhrapradesh under NHDP-IV through Engineering, Procurement& Construction EPC mode.",445,459.37,0.0,99,2018-09-07,2025-07-31,2016-03-17,2519,1,14.370000000000005,3.23,0.0,0.0,2018,2025,2016.0,Ministry of Statistics and Programme Implementation,Infrastructure and Project Monitoring Division,PAIMANA,Projects Report - Public Dashboard,March 2026,True,False
1410,Roads & Highways,Ministry of Road Transport & Highways,NHIDCL,618386,Rehabilitation & Upgradation of Road from Km 0.00 to Km 18.600 Total length-18.600 km of Kumarghat-Kailashahar section on NH-208 to 2-lane with Paved shoulder on EPC bais under NHO,278,302.03,0.0,0,2022-01-13,2024-10-15,2020-02-20,1006,1,24.029999999999973,8.64,0.0,0.0,2022,2024,2020.0,Ministry of Statistics and Programme Implementation,Infrastructure and Project Monitoring Division,PAIMANA,Projects Report - Public Dashboard,March 2026,True,False
1412,Roads & Highways,Ministry of Road Transport & Highways,MoRTH,618181,Rehabilitation / Upgradation to 4 Lane with Paved shoulder of Existing Section in Sillod Town with Design Ch. Km54500 to Km 60679 [Length6.179 km] section of NH 753F Aurangabad-Jalgaon road on EPC Mode in the State of Maharashtra,154,,0.0,98,2025-07-30,2025-03-30,2023-03-30,0,0,,,0.0,0.0,2025,2025,2023.0,Ministry of Statistics and Programme Implementation,Infrastructure and Project Monitoring Division,PAIMANA,Projects Report - Public Dashboard,March 2026,True,False
1413,Roads & Highways,Ministry of Road Transport & Highways,MoRTH,618134,Rehabilitation /Upgradation from Lagam to Alapalli section Desing Km. 199/400 to km 227/400 Length 28.0 Km to 2 lane with Paved Shoulders/ 4 lane configuration section of NH-353 C Sakoli-Wadsa-Armori-Gadchiroli-Ashti-Alapalli Sironcha in Gadchiroli District on EPC mode in the state of Maharashtra.,459,,0.0,69,2026-09-08,2026-09-08,2023-02-14,0,0,,,0.0,0.0,2026,2026,2023.0,Ministry of Statistics and Programme Implementation,Infrastructure and Project Monitoring Division,PAIMANA,Projects Report - Public Dashboard,March 2026,True,False
1414,Roads & Highways,Ministry of Road Transport & Highways,National Highways Authority of India [NHAI],618821,Rehabilitation and Up gradation from 4 to 8 laning of Chandikhole Paradip Section of NH-53 Old NH 5A from Km 18.00 to Km 39.00 in the State of Odisha on HAM mode Package-2,920,950.4,403.51,91,2025-12-14,2026-06-30,2023-03-27,198,1,30.399999999999977,3.3,0.4386,43.86,2025,2026,2023.0,Ministry of Statistics and Programme Implementation,Infrastructure and Project Monitoring Division,PAIMANA,Projects Report - Public Dashboard,March 2026,True,False
1415,Roads & Highways,Ministry of Road Transport & Highways,National Highways Authority of India [NHAI],618822,Rehabilitation and Up gradation from 4 to 8 laning of Chandikhole Paradip Section of NH-53 Old NH 5A from Km.0.00 to Km.18.00Package-1,930,869.45,362.18,92,2025-12-14,2026-06-30,2023-03-27,198,1,-60.549999999999955,-6.51,0.3894,38.94,2025,2026,2023.0,Ministry of Statistics and Programme Implementation,Infrastructure and Project Monitoring Division,PAIMANA,Projects Report - Public Dashboard,March 2026,True,False
1416,Roads & Highways,Ministry of Road Transport & Highways,National Highways Authority of India [NHAI],618820,Rehabilitation and Up gradation from 4 to 8 laning of Chandikhole Paradip Section of NH-53 Old NH 5A from Km.39.000 to Km.60.00 Package-3,862,938.55,344.31,91,2025-12-14,2026-06-30,2023-03-27,198,1,76.54999999999995,8.88,0.3994,39.94,2025,2026,2023.0,Ministry of Statistics and Programme Implementation,Infrastructure and Project Monitoring Division,PAIMANA,Projects Report - Public Dashboard,March 2026,True,False
1417,Roads & Highways,Ministry of Road Transport & Highways,National Highways Authority of India [NHAI],619181,Rehabilitation and Up gradation from 4 to 8 laning of Chandikhole Paradip Section of NH-53 Old NH 5A from Km.60.000 to Km.76.646 Package-4,882,1009.92,122.77,31,2026-10-31,2027-01-31,2023-03-27,92,1,127.91999999999996,14.5,0.1392,13.92,2026,2027,2023.0,Ministry of Statistics and Programme Implementation,Infrastructure and Project Monitoring Division,PAIMANA,Projects Report - Public Dashboard,March 2026,True,False
1418,Roads & Highways,Ministry of Road Transport & Highways,MoRTH,619008,Rehabilitation and Up gradation of Charthana Jintur Section of NH 752 I Km 25100 to 47100 to 2 Lane with Paved Shoulder configuration Flexible Pavement in the state of Maharashtra on EPC mode. Reg- Resubmission of Annual Plan Estimate.,158,,0.0,0,2027-07-26,2026-07-27,2025-03-27,0,0,,,0.0,0.0,2027,2026,2025.0,Ministry of Statistics and Programme Implementation,Infrastructure and Project Monitoring Division,PAIMANA,Projects Report - Public Dashboard,March 2026,True,False
1419,Roads & Highways,Ministry of Road Transport & Highways,NHIDCL,618418,Rehabilitation and up gradation of Nongstoin-Rambrai-Kyrshai road up to Meghalaya-Assam border from Km 0.335 to km 34.039 to 2-Lane under NHO - NE in the State of Meghalaya Package-1,360,,214.12,80,2024-05-25,2026-05-31,2021-09-21,736,1,,,0.5948,59.48,2024,2026,2021.0,Ministry of Statistics and Programme Implementation,Infrastructure and Project Monitoring Division,PAIMANA,Projects Report - Public Dashboard,March 2026,True,False
1420,Roads & Highways,Ministry of Road Transport & Highways,NHIDCL,618343,"Rehabilitation and Up gradation to 2-lane with paved shoulder of Keifang Section Economic Corridor of NH-06 from Existing Chainage Km 30050 Keifang to Km 50360 Keifang, Design Chainage Km 27400 to Km 45040 PkgIII in the State of Mizoram under Bharatmala Pariyojna on EPC Mode Seling-Dulte - III",292,,0.0,0,2022-06-30,2024-12-02,2020-03-18,886,1,,,0.0,0.0,2022,2024,2020.0,Ministry of Statistics and Programme Implementation,Infrastructure and Project Monitoring Division,PAIMANA,Projects Report - Public Dashboard,March 2026,True,False
1421,Roads & Highways,Ministry of Road Transport & Highways,NHIDCL,619185,Rehabilitation and up-gradation and completion of balance work of section from Km 155.00 to Km 181.00 End of Jarwa to Rangat of NH -4 Total length 26 Km to Intermediate Lane/2-lane with hard shoulders in the UT of A&N Islands on EPC basis - Package-III.B Balance work,184,333.12,0.0,46,2025-10-05,2026-05-31,2018-02-27,238,1,149.12,81.04,0.0,0.0,2025,2026,2018.0,Ministry of Statistics and Programme Implementation,Infrastructure and Project Monitoring Division,PAIMANA,Projects Report - Public Dashboard,March 2026,True,False
1422,Roads & Highways,Ministry of Road Transport & Highways,MoRTH,617907,Rehabilitation and Up-gradation from Km 170700 Bhadrachalam to Km 234567 Konta on NH-30 to Two lane with Paved Shoulder in the State of Andra Pradesh on EPC mode.,436,,215.74,100,2024-09-24,2026-04-30,2021-12-22,583,1,,,0.4948,49.48,2024,2026,2021.0,Ministry of Statistics and Programme Implementation,Infrastructure and Project Monitoring Division,PAIMANA,Projects Report - Public Dashboard,March 2026,True,False
1423,Roads & Highways,Ministry of Road Transport & Highways,MoRTH,618163,"Rehabilitation and Up-gradation from km. 0000 to km.40390 of NH-730S MaharajganjNichloulThuthibari to two lane with paved shoulders in the State of U.P. on Engineering, Procurement & Construction EPC Basis.",809,603.19,0.0,58,2025-12-06,2026-12-31,2023-03-01,390,1,-205.80999999999995,-25.44,0.0,0.0,2025,2026,2023.0,Ministry of Statistics and Programme Implementation,Infrastructure and Project Monitoring Division,PAIMANA,Projects Report - Public Dashboard,March 2026,True,False
1424,Roads & Highways,Ministry of Road Transport & Highways,MoRTH,618236,Rehabilitation and Up-gradation of Dhindi - Digamarru section from Km 126/510 to Km 135/740 of NH -214New NH -216 and digamarru -Losari section from Km 0/000 tp Km 34/230 of NH-214 ANew Nh-216 to two lane with paved shoulder in the state of AP-NH,316,288.76,220.02,100,2018-05-11,2023-11-06,2016-02-25,2005,1,-27.24000000000001,-8.62,0.6963,69.63,2018,2023,2016.0,Ministry of Statistics and Programme Implementation,Infrastructure and Project Monitoring Division,PAIMANA,Projects Report - Public Dashboard,March 2026,True,False
1425,Roads & Highways,Ministry of Road Transport & Highways,MoRTH,618037,Rehabilitation and Up-gradation of existin of road from 2-lane to 2-lane with paved shoulders from km. 0.00 to km 53.590 total length-53.590 km of Raychoti to Vempalli section of NH-440 in the State of Andhra Pradesh on EPC mode.,440,359.52,178.83,79,2024-05-02,2026-06-30,2021-12-28,789,1,-80.48000000000002,-18.29,0.4064,40.64,2024,2026,2021.0,Ministry of Statistics and Programme Implementation,Infrastructure and Project Monitoring Division,PAIMANA,Projects Report - Public Dashboard,March 2026,True,False
1426,Roads & Highways,Ministry of Road Transport & Highways,National Highways Authority of India [NHAI],618888,Rehabilitation and Up-gradation of existing road to 2L PS from End of Hamirpur Bypass near Chilbahal to Bhangbar section from Km. 138.295 to Km.175.270 of NH-88 Pkg-IV,1146,1358.62,293.06,90,2025-04-27,2026-06-30,2022-03-11,429,1,212.6199999999999,18.55,0.2557,25.57,2025,2026,2022.0,Ministry of Statistics and Programme Implementation,Infrastructure and Project Monitoring Division,PAIMANA,Projects Report - Public Dashboard,March 2026,True,False
1427,Roads & Highways,Ministry of Road Transport & Highways,MoRTH,618139,Rehabilitation and Up-gradation of Gangakhed Loha section of NH-361F from Km 169/00 to 210/00 to two lane with paved shoulder/ four lane configuration in the state of Maharashtra on EPC mode Length - 41.00 Km.,355,,0.0,43,2026-09-30,2026-09-30,2024-03-15,0,0,,,0.0,0.0,2026,2026,2024.0,Ministry of Statistics and Programme Implementation,Infrastructure and Project Monitoring Division,PAIMANA,Projects Report - Public Dashboard,March 2026,True,False
1428,Roads & Highways,Ministry of Road Transport & Highways,MoRTH,618150,Rehabilitation and Up-gradation of i. Deogaon phata to Digras phata Ch. 0/000 to 15/000 & Selu to Borgavhan Ch 20/900 to 35/800 [Length 29.9km] ii. Injegaon Dhamoni to Pohner Phata Ch.58/200 to Ch. 83/700 [Length25.5 km] and iii. Pohner phata to Pathri Design Ch. 42/700 to 58/200 [Length 15.5 km] sections of NH-548B to Two lane with paved shoulder configuartion in the state of Maharashtra on EPC mode Total project length 70.9 Km.,762,,0.0,15,2027-05-08,2027-05-08,2024-03-15,0,0,,,0.0,0.0,2027,2027,2024.0,Ministry of Statistics and Programme Implementation,Infrastructure and Project Monitoring Division,PAIMANA,Projects Report - Public Dashboard,March 2026,True,False
1429,Roads & Highways,Ministry of Road Transport & Highways,MoRTH,618137,Rehabilitation and Up-gradation of Jarud - Sirsala section of NH-361F km 59500 to km11500 to Two lane with paved shoulder/ Four Lane in the state of Maharashtra on EPC mode Length 55.5 Km.,540,,95.57,43,2027-05-08,2027-05-08,2024-03-15,0,0,,,0.177,17.7,2027,2027,2024.0,Ministry of Statistics and Programme Implementation,Infrastructure and Project Monitoring Division,PAIMANA,Projects Report - Public Dashboard,March 2026,True,False
1430,Roads & Highways,Ministry of Road Transport & Highways,MoRTH,617991,"Rehabilitation and up-gradation of NH-167 from Km 14/900 to Km70/000 Design Ch. 14/900 to 69/700 Chintakunta to Adoni section to two lane with paved shoulders in the State of Andhra Pradesh under Corridor Approach through Engineering, Procurement",290,,140.23,92,2019-05-30,2026-07-31,2016-11-02,2619,1,,,0.4836,48.36,2019,2026,2016.0,Ministry of Statistics and Programme Implementation,Infrastructure and Project Monitoring Division,PAIMANA,Projects Report - Public Dashboard,March 2026,True,False
1431,Roads & Highways,Ministry of Road Transport & Highways,MoRTH,617885,Rehabilitation and Up-gradation of Nongstoin Wahkaji section of Project Road Km 0000 to Km 43060 to Intermediate Lane with earthern shoulder under SARDP-NE Phase-A in the State of Meghalaya on EPC mode. Job No- SARDP-NE ong-Don-Maw/MG/2020-21/294,303,,182.58,99,2023-08-10,2026-05-31,2020-08-13,1025,1,,,0.6026,60.26,2023,2026,2020.0,Ministry of Statistics and Programme Implementation,Infrastructure and Project Monitoring Division,PAIMANA,Projects Report - Public Dashboard,March 2026,True,False
1432,Roads & Highways,Ministry of Road Transport & Highways,MoRTH,618237,Rehabilitation and Up-gradation of Pasarlapudi to Dhindi section from Km 105/170 to Km 126/510 of NH -214 New NH -216 to two lane with paved shoulder in the state of Andhra Pradesh under NHDP-IV,263,,151.56,98,2019-09-26,2025-09-30,2017-03-22,2196,1,,,0.5763,57.63,2019,2025,2017.0,Ministry of Statistics and Programme Implementation,Infrastructure and Project Monitoring Division,PAIMANA,Projects Report - Public Dashboard,March 2026,True,False
1433,Roads & Highways,Ministry of Road Transport & Highways,NHIDCL,618385,Rehabilitation and up-gradation of road from design km 25.250 to km 36.460 Total lengh 11.210 km of Kailashahar-Kurti Bridge section on NH-208A to 2-lane with paved shoulder on EPC basis under NHO Package-III- Balance Work,174,,0.0,42,2026-03-02,2026-03-02,2020-02-26,0,0,,,0.0,0.0,2026,2026,2020.0,Ministry of Statistics and Programme Implementation,Infrastructure and Project Monitoring Division,PAIMANA,Projects Report - Public Dashboard,March 2026,True,False
1434,Roads & Highways,Ministry of Road Transport & Highways,NHIDCL,619184,"Rehabilitation and up-gradation of section to Intermediate/2-Lane with hard shoulder from Km 107.760 to Km 129.445 After Middle strait to Humphrey, Km 130.600 to Km 138.00 After Humphrey to Kadamtala & Km 155.00 to Km 181.0 End of Jarwa to Rangat of NH-04 in UT of A&N on EPC Package-IIIA",207,376.48,0.0,72,2025-09-13,2026-05-31,2018-02-27,260,1,169.48000000000002,81.87,0.0,0.0,2025,2026,2018.0,Ministry of Statistics and Programme Implementation,Infrastructure and Project Monitoring Division,PAIMANA,Projects Report - Public Dashboard,March 2026,True,False
1435,Roads & Highways,Ministry of Road Transport & Highways,MoRTH,618238,Rehabilitation and Up-gradation of Thimmapuram to Gurajanapalli section from Km 26/150 to Km 41/161 of NH - 214 New NH - 216 to two lane with paved shoulder in the state of Andhra Pradesh under NHDP-IV,351,432.91,233.92,98,2018-07-08,2026-07-31,2016-08-10,2945,1,81.91000000000003,23.34,0.6664,66.64,2018,2026,2016.0,Ministry of Statistics and Programme Implementation,Infrastructure and Project Monitoring Division,PAIMANA,Projects Report - Public Dashboard,March 2026,True,False
1436,Roads & Highways,Ministry of Road Transport & Highways,MoRTH,618186,"Rehabilitation and Up-gradation of Valigonda to Thorrur Section to Two Lane with Paved Shoulders from Km 39.180 to Km 108.300 of NH-930P in the State of Telangana on Engineering, Procurement and Construction EPC Basis",549,,296.89,82,2024-12-28,2026-04-30,2022-01-05,488,1,,,0.5408,54.08,2024,2026,2022.0,Ministry of Statistics and Programme Implementation,Infrastructure and Project Monitoring Division,PAIMANA,Projects Report - Public Dashboard,March 2026,True,False
1437,Roads & Highways,Ministry of Road Transport & Highways,MoRTH,618096,Rehabilitation and Up-gradation to 2 lane road with paved shoulders configuration for the balance work of 13 km length on Helwak-Patan-Karad section Km. 85000 to 133 417 of NH-166E in the state of Maharashtra on EPC mode.,181,,0.0,87,2026-04-14,2026-04-30,2024-02-08,16,1,,,0.0,0.0,2026,2026,2024.0,Ministry of Statistics and Programme Implementation,Infrastructure and Project Monitoring Division,PAIMANA,Projects Report - Public Dashboard,March 2026,True,False
1438,Roads & Highways,Ministry of Road Transport & Highways,MoRTH,618188,Rehabilitation and Up-gradation to 2 lane with paved shoulder configuration of Mahud Sangola road NH 965 G 159400 to 161900and 162400 to 183960 Design Chainage from km. 32/300 to km. 34/800 and km. 35/800 to km. 56/860 Rigid Pavement on EPC mode in the State of Maharashtra.,254,,0.0,100,2025-05-22,2026-06-30,2023-02-16,404,1,,,0.0,0.0,2025,2026,2023.0,Ministry of Statistics and Programme Implementation,Infrastructure and Project Monitoring Division,PAIMANA,Projects Report - Public Dashboard,March 2026,True,False
1439,Roads & Highways,Ministry of Road Transport & Highways,MoRTH,618225,Rehabilitation and up-gradation to 2 lane with paved shoulder from existing chainage km 134950 to km 166100 Design chainage km 116980 to km 146700 under 31 TF on Akhnoor-Poonch road NH-144A in the UT of Jammu & Kashmir under Project Sampark BRO on EPC mode Package-VI Job no NH-144A-J&K-2021-22-106,395,,139.45,86,2024-07-27,2026-06-30,2021-07-02,703,1,,,0.353,35.3,2024,2026,2021.0,Ministry of Statistics and Programme Implementation,Infrastructure and Project Monitoring Division,PAIMANA,Projects Report - Public Dashboard,March 2026,True,False
1440,Roads & Highways,Ministry of Road Transport & Highways,MoRTH,618224,Rehabilitation and up-gradation to 2 lane with paved shoulder from existing chainage km 49150 to km 64535 Design chainage km 46.450 to km 55.800 including construction of Sungal Tunnel Total length of Tunnel 2.79 km under 13 TF on Akhnoor-Poonch road NH-144A under Project Sampark BRO in the UT of Jammu & Kashmir on EPC mode Package-II Job no NH-144A-J&K-2019-20-78,797,,426.41,91,2024-08-20,2026-05-31,2020-03-20,649,1,,,0.535,53.5,2024,2026,2020.0,Ministry of Statistics and Programme Implementation,Infrastructure and Project Monitoring Division,PAIMANA,Projects Report - Public Dashboard,March 2026,True,False
1441,Roads & Highways,Ministry of Road Transport & Highways,MoRTH,618223,Rehabilitation and up-gradation to 2 lane with paved shoulder from existing chainage km 64535 to km 85385 Design chainage km 55800 to km 74350 under 13 TF on Akhnoor-Poonch road NH-144A under Project Sampark BRO in the UT of Jammu & Kashmir on EPC mode Package-III Job no NH-144A-J&K-2019-20-79,153,,74.82,88,2023-09-28,2026-05-31,2020-03-19,976,1,,,0.489,48.9,2023,2026,2020.0,Ministry of Statistics and Programme Implementation,Infrastructure and Project Monitoring Division,PAIMANA,Projects Report - Public Dashboard,March 2026,True,False
1443,Roads & Highways,Ministry of Road Transport & Highways,MoRTH,618263,"Rehabilitation and Up-gradation to 2LPS from Km. 0.000 to Km. 7.800 and Km. 35.400 to Km. 52.345 Design length 24.745 Km., except Bihar portion of NH-727B Tamkuhiraj to Bihar Border and Bihar Border to Majhauli on EPC mode in the State of Uttar Pradesh",701,,0.0,81,2026-07-31,2026-07-31,2023-03-24,0,0,,,0.0,0.0,2026,2026,2023.0,Ministry of Statistics and Programme Implementation,Infrastructure and Project Monitoring Division,PAIMANA,Projects Report - Public Dashboard,March 2026,True,False
1444,Roads & Highways,Ministry of Road Transport & Highways,National Highways Authority of India [NHAI],618880,Rehabilitation and Up-gradation to 4L configuration & Strengthening of Thanpuri to Paror section from Km 85.135 to Km 100.840 of NH-154 Pkg-IIC,816,666.79,195.95,49,2025-12-04,2026-07-30,2022-07-06,238,1,-149.21000000000004,-18.29,0.2401,24.01,2025,2026,2022.0,Ministry of Statistics and Programme Implementation,Infrastructure and Project Monitoring Division,PAIMANA,Projects Report - Public Dashboard,March 2026,True,False
1446,Roads & Highways,Ministry of Road Transport & Highways,MoRTH,618103,Rehabilitation and upgradation from Km 22300 to 58635 of MudireddyPalle to Kadapa/Nellore Border via porumamilla Section of NH 167 Two Lane with paved Shoulder in,279,,155.02,88,2026-04-12,2026-04-12,2022-03-22,0,0,,,0.5556,55.56,2026,2026,2022.0,Ministry of Statistics and Programme Implementation,Infrastructure and Project Monitoring Division,PAIMANA,Projects Report - Public Dashboard,March 2026,True,False
1447,Roads & Highways,Ministry of Road Transport & Highways,MoRTH,618124,Rehabilitation and upgradation from km 51.600 to km 75.700 of NH-321G Nuhkhas to Etah section to two lane with paved shoulder configuration under EPC mode in the State of Uttar Pradesh,344,,75.71,61,2025-08-28,2026-06-30,2022-01-08,306,1,,,0.2201,22.01,2025,2026,2022.0,Ministry of Statistics and Programme Implementation,Infrastructure and Project Monitoring Division,PAIMANA,Projects Report - Public Dashboard,March 2026,True,False
1448,Roads & Highways,Ministry of Road Transport & Highways,National Highways Authority of India [NHAI],619136,Rehabilitation and Upgradation of Chorma - Bairgania Section of National Highway No 227F to 2 lane with paved shoulders from Design Ch.0.000 to Ch. 34.566,611,628.65,304.24,100,2026-01-31,2026-04-15,2022-06-30,74,1,17.649999999999977,2.89,0.4979,49.79,2026,2026,2022.0,Ministry of Statistics and Programme Implementation,Infrastructure and Project Monitoring Division,PAIMANA,Projects Report - Public Dashboard,March 2026,True,False
1450,Roads & Highways,Ministry of Road Transport & Highways,MoRTH,618210,Rehabilitation and upgradation of Askot-Lipulekh on EPC Basis for Phase-I Existing Km 72.00 to 107.620 Design Chainage Km 21330 to Km 56935 under Project Hirak of BRO in the state of Uttarakhand under Bharatmala Pariyojna Phase-I on EPC Mode Length-35.605 Km CA No EPC/MORT&H/HRK/01/2021-22,604,,0.0,81,2023-12-02,2026-06-30,2020-09-18,941,1,,,0.0,0.0,2023,2026,2020.0,Ministry of Statistics and Programme Implementation,Infrastructure and Project Monitoring Division,PAIMANA,Projects Report - Public Dashboard,March 2026,True,False
1451,Roads & Highways,Ministry of Road Transport & Highways,MoRTH,617940,"Rehabilitation and Upgradation of LB-Nagar to Malkapur section to 6-Lane main carriageway with service roads, drains cum footpath, including VUPs and widening of Minor bridge & road safety provisions from Km. 15/00 to Km 40/00 of NH-65 Old NH-9 under NH O for the year 2020-21 in the state of Telangana on EPC Mode.",545,,273.89,81,2024-07-22,2026-06-30,2021-03-26,708,1,,,0.5026,50.26,2024,2026,2021.0,Ministry of Statistics and Programme Implementation,Infrastructure and Project Monitoring Division,PAIMANA,Projects Report - Public Dashboard,March 2026,True,False
1452,Roads & Highways,Ministry of Road Transport & Highways,MoRTH,618194,Rehabilitation and upgradation of New NH 544DD from design Chainage Km. 56/000 to 102/20 of Kalyandrg - Molakalmuru Section,294,285.29,312.39,99,2020-02-07,2025-09-15,2018-03-20,2047,1,-8.70999999999998,-2.96,1.0626,106.26,2020,2025,2018.0,Ministry of Statistics and Programme Implementation,Infrastructure and Project Monitoring Division,PAIMANA,Projects Report - Public Dashboard,March 2026,True,False
1453,Roads & Highways,Ministry of Road Transport & Highways,MoRTH,618125,Rehabilitation and upgradation of NH 326A from km 0/0 to 41/979 excluding km 2/255 to 3/372 and km 36/820 to 38/275 Odisha border to Narasamapeta to two lane with paved Shoulders in the State of Andhra Pradesh under NHO on EPC Mode,228,,44.45,100,2020-03-27,2025-10-07,2018-03-13,2020,1,,,0.195,19.5,2020,2025,2018.0,Ministry of Statistics and Programme Implementation,Infrastructure and Project Monitoring Division,PAIMANA,Projects Report - Public Dashboard,March 2026,True,False
1454,Roads & Highways,Ministry of Road Transport & Highways,MoRTH,617994,Rehabilitation and upgradation of NH-167 from design km 113.900 to 154.479 Mallepally Haliya section to two lane with paved shoulders on EPC mode in the stte of Telangana,294,257.61,239.25,88,2019-11-28,2025-12-06,2018-02-26,2200,1,-36.389999999999986,-12.38,0.8138,81.38,2019,2025,2018.0,Ministry of Statistics and Programme Implementation,Infrastructure and Project Monitoring Division,PAIMANA,Projects Report - Public Dashboard,March 2026,True,False
1455,Roads & Highways,Ministry of Road Transport & Highways,MoRTH,617993,Rehabilitation and upgradation of NH-167 from design km 157.707 to 187.723 design length 30.016 km to two lane with paved shoulders of Alinagar-Miryalaguda Sec on EPC mode in the state of Telangana,220,,0.0,98,2019-11-12,2026-06-01,2018-02-26,2393,1,,,0.0,0.0,2019,2026,2018.0,Ministry of Statistics and Programme Implementation,Infrastructure and Project Monitoring Division,PAIMANA,Projects Report - Public Dashboard,March 2026,True,False
1456,Roads & Highways,Ministry of Road Transport & Highways,MoRTH,618191,"Rehabilitation and upgradation of NH-167AD from Macherla to Dachepalli via Paluvai Junction, Rentachinthala, Gurazala from Km.0.000 to 43.659 to two lane with paved shoulders in the state of Andhra Pradesh job-729",403,,227.13,99,2025-01-26,2026-03-31,2022-01-27,429,1,,,0.5636,56.36,2025,2026,2022.0,Ministry of Statistics and Programme Implementation,Infrastructure and Project Monitoring Division,PAIMANA,Projects Report - Public Dashboard,March 2026,True,False
1457,Roads & Highways,Ministry of Road Transport & Highways,MoRTH,619193,Rehabilitation and upgradation of NH-221 from km 121/0 to 165/0 Rudrampur to Bhadrachalam section to two lane with paved shoulder under NHDPIV in the state of Telangana through EPC mode,295,334.82,375.14,83,2017-02-24,2026-04-30,2015-01-27,3352,1,39.81999999999999,13.5,1.2717,127.17,2017,2026,2015.0,Ministry of Statistics and Programme Implementation,Infrastructure and Project Monitoring Division,PAIMANA,Projects Report - Public Dashboard,March 2026,True,False
1458,Roads & Highways,Ministry of Road Transport & Highways,MoRTH,618213,Rehabilitation and Upgradation of road Rishikesh Dharasu Old NH-94 with 2-lane with paved shoulder from km 76.000 to km 110.000 Design Chainage from km 74.733 to km 107.347 32.614 km including construction of Kamand re-alignment from existing Chainage Km 105.200 to Km 108.600 design chainage Km 103.436 to Km 105.949 - total length 2513 mtrs and land slide treatment work between design chainage Km 73.800 to Km 74.00 200m on EPC mode under improvement to NH connectivity to Chardham in,274,,0.0,96,2021-01-05,2026-01-31,2018-03-20,1852,1,,,0.0,0.0,2021,2026,2018.0,Ministry of Statistics and Programme Implementation,Infrastructure and Project Monitoring Division,PAIMANA,Projects Report - Public Dashboard,March 2026,True,False
1459,Roads & Highways,Ministry of Road Transport & Highways,MoRTH,618187,"Rehabilitation and upgradation of Salon - Jais - Jagdishpur Road section of NH-931A, from design Chainage km 0.000 to km 5.740 to four lane divided carriageway and from design Chainage km 5.740 to km 53.500 to two lane with paved Total length km 53.500 along with One time improvement in 04 no's of realigned/bypassed built-up areas in a total length of 9.732 km in the state of Uttar Pradesh on EPC mode",947,,0.0,4,2027-10-26,2027-10-26,2023-05-16,0,0,,,0.0,0.0,2027,2027,2023.0,Ministry of Statistics and Programme Implementation,Infrastructure and Project Monitoring Division,PAIMANA,Projects Report - Public Dashboard,March 2026,True,False
1460,Roads & Highways,Ministry of Road Transport & Highways,MoRTH,618175,Rehabilitation and Upgradation of Satana to Mangrul Chandwad Section of NH752 G Design Ch Km 64.000 to Ch Km 101.140 two lane with paved shoulder/four lane configuration in the state of Maharashtra on EPC mode.,429,,0.0,93,2025-05-14,2026-06-30,2022-03-22,412,1,,,0.0,0.0,2025,2026,2022.0,Ministry of Statistics and Programme Implementation,Infrastructure and Project Monitoring Division,PAIMANA,Projects Report - Public Dashboard,March 2026,True,False
1461,Roads & Highways,Ministry of Road Transport & Highways,MoRTH,618179,Rehabilitation and Upgradation of Shewali phata to Kalambhir section i.e. Km 0443 to Km 4500 & Nizampur to Chadwel section i.e. Km 13485 to Km 26265 Length16.317 Km excluding 2 Major Bridges with approaches Km 13735 to Km 14095 & Km 19660 to Km 20030 of NH 753B to 2LPS Configuration in the State of Maharashtra on EPC Mode.,182,,0.0,93,2026-02-27,2026-02-27,2024-03-04,0,0,,,0.0,0.0,2026,2026,2024.0,Ministry of Statistics and Programme Implementation,Infrastructure and Project Monitoring Division,PAIMANA,Projects Report - Public Dashboard,March 2026,True,False
1462,Roads & Highways,Ministry of Road Transport & Highways,MoRTH,618214,Rehabilitation and upgradation to 2 lane / 2 lane with paved shoulder configuration for design chainage km 107.347 to km 129.208 & km 133.878 to km 138.570 existing chainage km 110.000 to km 133.020 & km 137.330 to km 142.028 and land slide treatment at existing km 138.500 Design chainage km 134.970 of NH -94 on EPC mode under improvement to NH connectivity to Chardham in the state of Uttarakhand.,346,,0.0,100,2021-07-09,2024-06-01,2018-03-20,1058,1,,,0.0,0.0,2021,2024,2018.0,Ministry of Statistics and Programme Implementation,Infrastructure and Project Monitoring Division,PAIMANA,Projects Report - Public Dashboard,March 2026,True,False
1463,Roads & Highways,Ministry of Road Transport & Highways,MoRTH,617975,Rehabilitation and upgradation to 2 lane with paved shoulder configuration from km 122.00 Dharasu Bend to km 147.230 Silkyara Bend of NH-94 in the state of Uttarakhand,238,,79.56,100,2019-11-28,2024-07-31,2017-03-28,1707,1,,,0.3343,33.43,2019,2024,2017.0,Ministry of Statistics and Programme Implementation,Infrastructure and Project Monitoring Division,PAIMANA,Projects Report - Public Dashboard,March 2026,True,False
1465,Roads & Highways,Ministry of Road Transport & Highways,MoRTH,618226,Rehabilitation and upgradation to 2 lane with paved shoulder from existing chainage Km 30.053 to Km 49.150 design chainage Km 30.000 to Km 46.450 including Kandi Tunnel under 31 BRTF on Akhnoor-Poonch Road NH-144A Under Project Sampark in the UT of Jammu & Kashmir EPC modePackage-I Job no NH-144A-J&K-2020-21-83.,272,,157.74,94,2024-11-28,2026-06-30,2020-07-08,579,1,,,0.5799,57.99,2024,2026,2020.0,Ministry of Statistics and Programme Implementation,Infrastructure and Project Monitoring Division,PAIMANA,Projects Report - Public Dashboard,March 2026,True,False
1466,Roads & Highways,Ministry of Road Transport & Highways,NHIDCL,618342,Rehabilitation and upgradation to 2 Lane with Paved shoulder of Economic corridor of NH-6 from Design chaiange Km 0.000 to Km 13.510 Package-1 in the state of Mizoram under Bharatmala Pariyojana on EPC mode,207,,0.0,0,2022-06-30,2024-06-30,2020-03-18,731,1,,,0.0,0.0,2022,2024,2020.0,Ministry of Statistics and Programme Implementation,Infrastructure and Project Monitoring Division,PAIMANA,Projects Report - Public Dashboard,March 2026,True,False
1467,Roads & Highways,Ministry of Road Transport & Highways,MoRTH,618231,Rehabilitation and Upgradation to 2-lane configuration of Hamirpur-Karnohal Section km 141.00 to 181.00 of NH-70 in the State of Himachal Pradesh under Green National Highways Corridor Project GNHCP with the loan assistance of World Bank on EPC mode.Package-1,372,,198.34,91,2024-12-20,2026-03-31,2020-08-11,466,1,,,0.5332,53.32,2024,2026,2020.0,Ministry of Statistics and Programme Implementation,Infrastructure and Project Monitoring Division,PAIMANA,Projects Report - Public Dashboard,March 2026,True,False
1468,Roads & Highways,Ministry of Road Transport & Highways,MoRTH,618230,Rehabilitation and Upgradation to 2-lane configuration of Kalwahn-Mandi Section km 208.950 to 250.592 of NH-70 in the State of Himachal Pradesh under Green National Highways Corridor Project GNHCP with the loan assistance of World Bank on EPC mode.Package-3,314,,0.0,67,2025-04-12,2026-06-30,2020-08-14,444,1,,,0.0,0.0,2025,2026,2020.0,Ministry of Statistics and Programme Implementation,Infrastructure and Project Monitoring Division,PAIMANA,Projects Report - Public Dashboard,March 2026,True,False
1469,Roads & Highways,Ministry of Road Transport & Highways,MoRTH,618232,Rehabilitation and Upgradation to 2-lane configuration of Karnohal- Kalwahn Section km 181.00 to 208.950 of NH-70 in the State of Himachal Pradesh under Green National Highways Corridor Project GNHCP with the loan assistance of World Bank on EPC mode.Package-2,252,190.02,74.12,55,2026-05-14,2026-11-01,2020-08-19,171,1,-61.97999999999999,-24.6,0.2941,29.41,2026,2026,2020.0,Ministry of Statistics and Programme Implementation,Infrastructure and Project Monitoring Division,PAIMANA,Projects Report - Public Dashboard,March 2026,True,False
1470,Roads & Highways,Ministry of Road Transport & Highways,MoRTH,618266,Rehabilitation and upgradation to 2-lane with paved sholuders configuration of Bewar- Allahaganj- section of NH-730CKm.0.000 to Km 52.770pakage-I in state of Uttar Pradesh undergreen national Highway Corridor ProjectGNHCP with the loan assistance of world Bank on EPC mode.,325,340.16,0.0,98,2024-11-23,2026-04-30,2020-04-18,523,1,15.160000000000025,4.66,0.0,0.0,2024,2026,2020.0,Ministry of Statistics and Programme Implementation,Infrastructure and Project Monitoring Division,PAIMANA,Projects Report - Public Dashboard,March 2026,True,False
1471,Roads & Highways,Ministry of Road Transport & Highways,MoRTH,618240,Rehabilitation and upgradation to 2-lane with paved sholuders configuration of Bewar-naer Karri village section Km0.00 to Km30.00 Pakage-I of NH-92 in state of Uttar Pradesh undergreen national Highway Corridor ProjectGNHCP with the loan assistance of world Bank on EPC mode.,236,,0.0,90,2024-03-15,2026-04-30,2020-04-18,776,1,,,0.0,0.0,2024,2026,2020.0,Ministry of Statistics and Programme Implementation,Infrastructure and Project Monitoring Division,PAIMANA,Projects Report - Public Dashboard,March 2026,True,False
1472,Roads & Highways,Ministry of Road Transport & Highways,MoRTH,618265,Rehabilitation and upgradation to 2-lane with paved sholuders configuration of Miranpur Katra to radhaita section of NH-730CKm.114.000 to Km 137.250pakage-III in state of Uttar Pradesh undergreen national Highway Corridor ProjectGNHCP with the loan assistance of world Bank on EPC mode.,172,169.56,0.0,89,2024-07-27,2026-04-30,2020-04-18,642,1,-2.4399999999999977,-1.42,0.0,0.0,2024,2026,2020.0,Ministry of Statistics and Programme Implementation,Infrastructure and Project Monitoring Division,PAIMANA,Projects Report - Public Dashboard,March 2026,True,False
1473,Roads & Highways,Ministry of Road Transport & Highways,MoRTH,618229,Rehabilitation and upgradation to 2-lane with paved sholuders configuration of Near Karri village-Etawah section Km30.000 to Km 57.346 Pakage-II of NH-92 in state of Uttar Pradesh undergreen national Highway Corridor ProjectGNHCP with the loan assistance of world Bank on EPC mode.,211,206.56,0.0,100,2024-02-17,2025-02-09,2020-04-18,358,1,-4.439999999999998,-2.1,0.0,0.0,2024,2025,2020.0,Ministry of Statistics and Programme Implementation,Infrastructure and Project Monitoring Division,PAIMANA,Projects Report - Public Dashboard,March 2026,True,False
1474,Roads & Highways,Ministry of Road Transport & Highways,MoRTH,618256,"Rehabilitation and Upgradation to 2-lane with paved should ders Sir, configuration of Chaprathipalem to Lambasingi section Km 165500 to Km 205000 of NH-516E in the State of Andhra Pradesh under Green National Highways Corridor Project GNHCP with the loan assistance of World Bank on EPC mode",311,,195.13,91,2024-10-10,2026-04-30,2020-08-10,567,1,,,0.6274,62.74,2024,2026,2020.0,Ministry of Statistics and Programme Implementation,Infrastructure and Project Monitoring Division,PAIMANA,Projects Report - Public Dashboard,March 2026,True,False
1475,Roads & Highways,Ministry of Road Transport & Highways,MoRTH,618257,Rehabilitation and Upgradation to 2-lane with paved shoulders configuration of Koyyuru to Chaprathipalem section Km 120000 to Km 165500 of NH-516E in the State of Andhra Pradesh under Green National Highways Corridor Project GNHCP with the loan assistance of World Bank on EPC mode,349,,241.96,100,2024-07-07,2026-03-31,2020-08-11,632,1,,,0.6933,69.33,2024,2026,2020.0,Ministry of Statistics and Programme Implementation,Infrastructure and Project Monitoring Division,PAIMANA,Projects Report - Public Dashboard,March 2026,True,False
1476,Roads & Highways,Ministry of Road Transport & Highways,MoRTH,618050,Rehabilitation and Upgradation to 2-lane/Intermediate lane configuration of Ashyari-Shri Kyari Section km 50.000 to km 75.000 of NH-707 in the state of Himachal Pradesh under Green National Highways Corridor Project GNHCP with the loan assistance of World Bank on EPC mode.,346,359.56,146.64,98,2023-09-23,2024-11-02,2020-08-24,406,1,13.560000000000002,3.92,0.4238,42.38,2023,2024,2020.0,Ministry of Statistics and Programme Implementation,Infrastructure and Project Monitoring Division,PAIMANA,Projects Report - Public Dashboard,March 2026,True,False
1477,Roads & Highways,Ministry of Road Transport & Highways,National Highways Authority of India [NHAI],618879,Rehabilitation and Upgradation to 2L PS configuration & Strengthening of Padhar to Bijni section from Km 180.000 to Km 202.815 of NH-154 Pkg-VA,931,930.86,338.46,88,2026-11-03,2026-11-03,2022-06-09,0,0,-0.13999999999998636,-0.02,0.3635,36.35,2026,2026,2022.0,Ministry of Statistics and Programme Implementation,Infrastructure and Project Monitoring Division,PAIMANA,Projects Report - Public Dashboard,March 2026,True,False
1478,Roads & Highways,Ministry of Road Transport & Highways,National Highways Authority of India [NHAI],618878,Rehabilitation and Upgradation to 4L configuration & Strengthening of Sihuni to Rajol from Km 51.000 to Km 72.000 of NH-154 Package-IIA,697,776.59,312.68,95,2025-09-26,2026-06-30,2022-03-17,277,1,79.59000000000003,11.42,0.4486,44.86,2025,2026,2022.0,Ministry of Statistics and Programme Implementation,Infrastructure and Project Monitoring Division,PAIMANA,Projects Report - Public Dashboard,March 2026,True,False
1479,Roads & Highways,Ministry of Road Transport & Highways,MoRTH,617963,Rehabilitation and upgradation to four lane road from km 70.500 to km 78.600 of NH-92 under EPC mode in the State of Uttar Pradesh,296,351.78,0.0,26,2027-01-07,2027-01-07,2022-01-06,0,0,55.77999999999997,18.84,0.0,0.0,2027,2027,2022.0,Ministry of Statistics and Programme Implementation,Infrastructure and Project Monitoring Division,PAIMANA,Projects Report - Public Dashboard,March 2026,True,False
1480,Roads & Highways,Ministry of Road Transport & Highways,MoRTH,617938,Rehabilitation And Upgradation to four lane with paved shoulder configuration from km 24350 to km 61875 Jawale - Borgaon Kale of NH-63 in the State of Maharashtra on EPC mode under Annual Plan 2024-25 Total length - 37.525 Km.,574,,0.06,10,2027-03-19,2027-03-21,2024-12-20,2,1,,,0.0001,0.01,2027,2027,2024.0,Ministry of Statistics and Programme Implementation,Infrastructure and Project Monitoring Division,PAIMANA,Projects Report - Public Dashboard,March 2026,True,False
1481,Roads & Highways,Ministry of Road Transport & Highways,MoRTH,618174,Rehabilitation and Upgradation to two lane with paved shoulder configuration of NH-752G from Sakri to Pimpalner Section Design Ch km 0000 to Ch km 21411 in the state of Maharashtra on EPC Mode. Length 21.411 km.,227,,0.0,61,2026-10-20,2026-10-21,2024-03-11,1,1,,,0.0,0.0,2026,2026,2024.0,Ministry of Statistics and Programme Implementation,Infrastructure and Project Monitoring Division,PAIMANA,Projects Report - Public Dashboard,March 2026,True,False
1482,Roads & Highways,Ministry of Road Transport & Highways,MoRTH,618026,Rehabilitation and upgradation to two lane with paved shoulders from Km 0/000 to 72/6 of NH-365 Nakrekal to Tanamcherla section under NHDP IV in the state of Telangana under EPC mode,605,,585.2,100,2019-10-31,2026-04-30,2017-06-28,2373,1,,,0.9673,96.73,2019,2026,2017.0,Ministry of Statistics and Programme Implementation,Infrastructure and Project Monitoring Division,PAIMANA,Projects Report - Public Dashboard,March 2026,True,False
1484,Roads & Highways,Ministry of Road Transport & Highways,MoRTH,617911,Rehabilitation and upgradation Umaria to Shahdol section of NH-78 from Existing Km. 68/4 to Km. 142/2 to 2LPS including construction of Birshinghpur and Shahdol Bypass on EPC mode under NHDP-IVA,512,613.16,0.0,94,2017-07-31,2026-06-30,2015-03-02,3256,1,101.15999999999997,19.76,0.0,0.0,2017,2026,2015.0,Ministry of Statistics and Programme Implementation,Infrastructure and Project Monitoring Division,PAIMANA,Projects Report - Public Dashboard,March 2026,True,False
1485,Roads & Highways,Ministry of Road Transport & Highways,MoRTH,617966,Rehabilitation and Upgrading to 2 lanes/2-lane with paved shoulders configuration and strengthening of of Birpur and Bihpur Section from km 0.0 to Km 106 of NH 106 under phase I of National Highways Interconnectivity Improvement Projects NHIIP ICB No. NHIIP-BR-106-7 [NHIIP-BR-106-7],781,961.33,0.04,100,2019-10-02,2026-04-30,2014-01-02,2402,1,180.33000000000004,23.09,0.0001,0.01,2019,2026,2014.0,Ministry of Statistics and Programme Implementation,Infrastructure and Project Monitoring Division,PAIMANA,Projects Report - Public Dashboard,March 2026,True,False
1487,Roads & Highways,Ministry of Road Transport & Highways,MoRTH,617979,"Rehabilitation, upgradation & widening of existing highway to 2L/4LPS Rigid Pavement of NH 160 section- Phaltan to Mhaisal near Karnataka Border including Tasgaon Bypass, from existing chainage Km 301/430 to Km 458/415 in the State of Maharashtra. Package-I starting from existing chainage Km 301/430 at Phaltan Village Junction of Phaltan Baramati Road Design Chainage -301/430km & ending at existing chainage Km 341/300 Dahiwadi Village Bus Stop Design chainage Km 340466km in the S",534,,0.0,55,2027-05-29,2026-11-21,2024-03-15,0,0,,,0.0,0.0,2027,2026,2024.0,Ministry of Statistics and Programme Implementation,Infrastructure and Project Monitoring Division,PAIMANA,Projects Report - Public Dashboard,March 2026,True,False
1488,Roads & Highways,Ministry of Road Transport & Highways,MoRTH,617978,"Rehabilitation, upgradation & widening of existing highway to 2L/4LPS Rigid Pavement of NH 160 section- Phaltan to Mhaishal near Karnataka Border including Tasgaon Bypass, from existing chainage Km 301/430 to Km 458/415 in the State of Maharashtra- Package-II & Package III combined- starting from existing chainage Km 341/300 to Km 394/130 and design chainage Km 340/250 at Dahiwadi Village to Km 392/950 ending at Vita Village in the State of Maharashtra on EPC Mode.",632,,187.58,73,2027-05-27,2027-05-28,2024-03-14,1,1,,,0.2968,29.68,2027,2027,2024.0,Ministry of Statistics and Programme Implementation,Infrastructure and Project Monitoring Division,PAIMANA,Projects Report - Public Dashboard,March 2026,True,False
1489,Roads & Highways,Ministry of Road Transport & Highways,MoRTH,618199,"Rehabilitation, Upgradation & Widening of existing Highway to Rigid Pavement 2 Lane with Paved Shoulder of NH 965DD from Lonand Shirval-Bhor Mandangad-Pchral Section ShindewadiPhata to Varandah Ghat Dist Border from Km 33/550 to 92/550 in the state of Maharashtra on EPC mode.",723,,0.0,45,2026-07-31,2026-07-31,2023-02-20,0,0,,,0.0,0.0,2026,2026,2023.0,Ministry of Statistics and Programme Implementation,Infrastructure and Project Monitoring Division,PAIMANA,Projects Report - Public Dashboard,March 2026,True,False
1490,Roads & Highways,Ministry of Road Transport & Highways,MoRTH,618042,"Rehabilitation/ Upgradation of existing Highway to four lane standards in Kurkheda town from km.413257 to km 410775, Two lane in Shankarpur Gurnuli km 42400 to km 43100 section and Reconstruction of Major Bridge at Ch. 448558 Bhuti Nallah and Ch. 411695 Sati River bridge, Minor Bridge at Ch. 411477 and Ch. 405800 Lendhari Bridge of NH 543 Bhamhapuri-wadsa-kurkheda-korchi-Deori-Amgaon road on EPC mode in the State of Maharashtra",164,,0.0,43,2025-05-01,2026-03-29,2022-03-25,332,1,,,0.0,0.0,2025,2026,2022.0,Ministry of Statistics and Programme Implementation,Infrastructure and Project Monitoring Division,PAIMANA,Projects Report - Public Dashboard,March 2026,True,False
1491,Roads & Highways,Ministry of Road Transport & Highways,MoRTH,618065,"Rehabilitation/Upgradation of existing Highway to 2LPS/4 lane of Dhawali to Rajoli from Design Km.149476 to 163476 existing Km.150000 to 164000, Pandhasala to Mohadongri from design Km.170476 to 181476 existing Km.171000 to 182000, Ambeshivni Fata to Bodli from design Km.183476 to 185476 existing Km.184000 to 186000 and Made Tukum to Gadchiroli from design Km.188476 to 189476 existing Km.188000 to 18900 having length 28 km of NH-930 of Dhawali to Gadchroli road in the",316,,0.0,32,2025-09-04,2026-08-25,2022-03-25,355,1,,,0.0,0.0,2025,2026,2022.0,Ministry of Statistics and Programme Implementation,Infrastructure and Project Monitoring Division,PAIMANA,Projects Report - Public Dashboard,March 2026,True,False
1492,Roads & Highways,Ministry of Road Transport & Highways,National Highways Authority of India [NHAI],618700,Renigunta - Poyya - Naidupeta km 124.60 to km 183.4 of NH 71,1863,2510.14,1346.19,99,2024-01-31,2026-04-30,2020-03-18,820,1,647.1399999999999,34.74,0.7226,72.26,2024,2026,2020.0,Ministry of Statistics and Programme Implementation,Infrastructure and Project Monitoring Division,PAIMANA,Projects Report - Public Dashboard,March 2026,True,False
1493,Roads & Highways,Ministry of Road Transport & Highways,National Highways Authority of India [NHAI],618886,Road Safety Improvement of Critical Junctions on MuzaffarnagarHaridwar Section of NH-334 from Km 143000 to Km 196000,239,0.1,6.06,9,2027-10-03,2027-10-03,2025-04-11,0,0,-238.9,-99.96,0.0254,2.54,2027,2027,2025.0,Ministry of Statistics and Programme Implementation,Infrastructure and Project Monitoring Division,PAIMANA,Projects Report - Public Dashboard,March 2026,True,False
1494,Roads & Highways,Ministry of Road Transport & Highways,NHAI,619294,Road Safety Improvement of existing four lane section of Dehradun-Lal Tappar-Nepali Farm Section of NH-7 and Nepali Farm-Motichur NH-34 on EPC Mode in Uttarakhand under NHO.,721,388.19,0.0,0,2028-08-14,2028-08-14,2025-05-30,0,0,-332.81,-46.16,0.0,0.0,2028,2028,2025.0,Ministry of Statistics and Programme Implementation,Infrastructure and Project Monitoring Division,PAIMANA,Projects Report - Public Dashboard,March 2026,True,False
1495,Roads & Highways,Ministry of Road Transport & Highways,NHIDCL,618434,Roing-Hunli Road Greenfield Alignment Project,1719,,178.83,82,2022-03-04,2026-06-30,2017-02-15,1579,1,,,0.104,10.4,2022,2026,2017.0,Ministry of Statistics and Programme Implementation,Infrastructure and Project Monitoring Division,PAIMANA,Projects Report - Public Dashboard,March 2026,True,False
1496,Roads & Highways,Ministry of Road Transport & Highways,National Highways Authority of India [NHAI],618943,Salem - Ulundurpet section from km 0.313 to km 136.670 of NH-68,861,1019.85,135.17,100,2011-01-14,2026-05-31,2006-12-16,5616,1,158.85000000000002,18.45,0.157,15.7,2011,2026,2006.0,Ministry of Statistics and Programme Implementation,Infrastructure and Project Monitoring Division,PAIMANA,Projects Report - Public Dashboard,March 2026,True,False
1497,Roads & Highways,Ministry of Road Transport & Highways,National Highways Authority of India [NHAI],618614,Sanchore - Santalpur from km 67.000 - km 99.000 of NH-754K AJ-RGBS-Package-3,752,765.25,566.97,99,2023-08-09,2026-04-15,2020-02-18,980,1,13.25,1.76,0.7539,75.39,2023,2026,2020.0,Ministry of Statistics and Programme Implementation,Infrastructure and Project Monitoring Division,PAIMANA,Projects Report - Public Dashboard,March 2026,True,False
1498,Roads & Highways,Ministry of Road Transport & Highways,National Highways Authority of India [NHAI],618615,Sanchore - Santalpur from km 99.000 - km 130.073 of NH-754K AJ-RGBS-Package-4,778,835.55,663.37,100,2023-03-09,2026-04-30,2020-02-18,1148,1,57.549999999999955,7.4,0.8527,85.27,2023,2026,2020.0,Ministry of Statistics and Programme Implementation,Infrastructure and Project Monitoring Division,PAIMANA,Projects Report - Public Dashboard,March 2026,True,False
1499,Roads & Highways,Ministry of Road Transport & Highways,MoRTH,617988,Sangameswaram - Atmakuru section from Km 96 to Km 124 & Velegodu- Nandyal section including Nandyal Bypass from Km 143/6 to 185/9 NH-167K,776,644.14,0.0,16,2027-07-30,2027-07-30,2024-10-15,0,0,-131.86,-16.99,0.0,0.0,2027,2027,2024.0,Ministry of Statistics and Programme Implementation,Infrastructure and Project Monitoring Division,PAIMANA,Projects Report - Public Dashboard,March 2026,True,False
1500,Roads & Highways,Ministry of Road Transport & Highways,National Highways Authority of India [NHAI],618611,Sangariya near Chautala-Rasisar near Bikaner section of NH-754K Phase-I AJ/SR-Package-7,521,548.42,425.94,100,2023-06-29,2026-04-30,2019-02-04,1036,1,27.41999999999996,5.26,0.8175,81.75,2023,2026,2019.0,Ministry of Statistics and Programme Implementation,Infrastructure and Project Monitoring Division,PAIMANA,Projects Report - Public Dashboard,March 2026,True,False
1501,Roads & Highways,Ministry of Road Transport & Highways,MoRTH,618090,Sarsam - Kothari of NH-161A - 2L PS from Km.33/00 to 90/00,546,,0.0,97,2019-06-27,2025-11-30,2017-02-20,2348,1,,,0.0,0.0,2019,2025,2017.0,Ministry of Statistics and Programme Implementation,Infrastructure and Project Monitoring Division,PAIMANA,Projects Report - Public Dashboard,March 2026,True,False
1502,Roads & Highways,Ministry of Road Transport & Highways,National Highways Authority of India [NHAI],619069,Satara Km 725.000 to Pune Km 865.350 of NH - 4 New NH - 48 in Maharashtra,362,425.51,58.42,99,2022-05-04,2026-06-30,2009-09-22,1518,1,63.50999999999999,17.54,0.1614,16.14,2022,2026,2009.0,Ministry of Statistics and Programme Implementation,Infrastructure and Project Monitoring Division,PAIMANA,Projects Report - Public Dashboard,March 2026,True,False
1503,Roads & Highways,Ministry of Road Transport & Highways,MoRTH,618153,Satara to Mhaswad,653,,7.33,98,2019-08-01,2025-07-31,2017-01-25,2191,1,,,0.0112,1.12,2019,2025,2017.0,Ministry of Statistics and Programme Implementation,Infrastructure and Project Monitoring Division,PAIMANA,Projects Report - Public Dashboard,March 2026,True,False
1504,Roads & Highways,Ministry of Road Transport & Highways,National Highways Authority of India [NHAI],618847,Sattanathapuram to Nagapattinam from Km 123.800 to Km 179.555,2900,2899.77,1201.24,81,2022-10-04,2026-08-31,2018-03-01,1427,1,-0.2300000000000182,-0.01,0.4142,41.42,2022,2026,2018.0,Ministry of Statistics and Programme Implementation,Infrastructure and Project Monitoring Division,PAIMANA,Projects Report - Public Dashboard,March 2026,True,False
1505,Roads & Highways,Ministry of Road Transport & Highways,MoRTH,618005,Sheohar-Sitamarhi Section km 40.000 to 79.400 km Lot-I,179,278.53,0.0,99,2018-05-03,2025-08-31,2016-02-01,2677,1,99.52999999999997,55.6,0.0,0.0,2018,2025,2016.0,Ministry of Statistics and Programme Implementation,Infrastructure and Project Monitoring Division,PAIMANA,Projects Report - Public Dashboard,March 2026,True,False
1506,Roads & Highways,Ministry of Road Transport & Highways,MoRTH,618173,Shirur-Kharda section from 55937 km to 114486 km to 2LPS/4L,382,,0.0,84,2019-06-16,2025-09-30,2017-02-17,2298,1,,,0.0,0.0,2019,2025,2017.0,Ministry of Statistics and Programme Implementation,Infrastructure and Project Monitoring Division,PAIMANA,Projects Report - Public Dashboard,March 2026,True,False
1507,Roads & Highways,Ministry of Road Transport & Highways,National Highways Authority of India [NHAI],618840,Simaria Km. 206.050 to Khagaria Km. 266.282,664,891.64,340.09,98,2019-04-03,2026-07-31,2015-12-01,2676,1,227.64,34.28,0.5122,51.22,2019,2026,2015.0,Ministry of Statistics and Programme Implementation,Infrastructure and Project Monitoring Division,PAIMANA,Projects Report - Public Dashboard,March 2026,True,False
1508,Roads & Highways,Ministry of Road Transport & Highways,MoRTH,618006,Sitamarhi-Jaynagar Section km 79.400 to km 156.500 Lot-II,370,503.28,0.0,99,2018-12-29,2026-05-31,2016-02-01,2710,1,133.27999999999997,36.02,0.0,0.0,2018,2026,2016.0,Ministry of Statistics and Programme Implementation,Infrastructure and Project Monitoring Division,PAIMANA,Projects Report - Public Dashboard,March 2026,True,False
1509,Roads & Highways,Ministry of Road Transport & Highways,National Highways Authority of India [NHAI],619078,Six Laning of Bihar - Jharkhand Border Chordaha - Gorhar section of NH-2 from km 249.525 to km 320.810,1773,1689.17,542.53,78,2021-11-26,2026-12-31,2017-12-26,1861,1,-83.82999999999993,-4.73,0.306,30.6,2021,2026,2017.0,Ministry of Statistics and Programme Implementation,Infrastructure and Project Monitoring Division,PAIMANA,Projects Report - Public Dashboard,March 2026,True,False
1510,Roads & Highways,Ministry of Road Transport & Highways,National Highways Authority of India [NHAI],619205,Six Laning of KT/KL Border Thalapaddy -Chengala from Km. 17.200 to Km. 57.20,1981,2681.48,1041.05,99,2024-05-15,2026-04-14,2020-05-19,699,1,700.48,35.36,0.5255,52.55,2024,2026,2020.0,Ministry of Statistics and Programme Implementation,Infrastructure and Project Monitoring Division,PAIMANA,Projects Report - Public Dashboard,March 2026,True,False
1511,Roads & Highways,Ministry of Road Transport & Highways,National Highways Authority of India [NHAI],618530,Six Laning of Varanasi to Aurangabad from km. 786.00 to km. 978.40 of Old NH-2,3242,3241.56,1226.45,96,2014-03-10,2026-06-30,2009-02-10,4495,1,-0.44000000000005457,-0.01,0.3783,37.83,2014,2026,2009.0,Ministry of Statistics and Programme Implementation,Infrastructure and Project Monitoring Division,PAIMANA,Projects Report - Public Dashboard,March 2026,True,False
1512,Roads & Highways,Ministry of Road Transport & Highways,National Highways Authority of India [NHAI],619076,Six Laning of Vijayawada Bypass from Chinna Avutapalli to Gollapudi in Vijayawada - Gundugolanu Section from km. 0.00 to km. 30.00 Pkg-III,1581,1883.71,856.44,98,2023-02-17,2026-05-31,2020-01-20,1199,1,302.71000000000004,19.15,0.5417,54.17,2023,2026,2020.0,Ministry of Statistics and Programme Implementation,Infrastructure and Project Monitoring Division,PAIMANA,Projects Report - Public Dashboard,March 2026,True,False
1513,Roads & Highways,Ministry of Road Transport & Highways,National Highways Authority of India [NHAI],618527,Six Laning of Vijayawada Bypass from Gollapudi to Chinnakakani in Vijayawada - Gundugolanu Section from km. 30.00 to km. 47.881 Pkg-IV,1195,1757.82,759.42,100,2024-01-04,2026-04-30,2020-01-20,847,1,562.8199999999999,47.1,0.6355,63.55,2024,2026,2020.0,Ministry of Statistics and Programme Implementation,Infrastructure and Project Monitoring Division,PAIMANA,Projects Report - Public Dashboard,March 2026,True,False
1514,Roads & Highways,Ministry of Road Transport & Highways,National Highways Authority of India [NHAI],618966,Six laning with both sides Service Road of Ayodhya Bypass from Design Km 0000 near Ashram Tiraha on NH-46 to Km 16439 end at Ratnagiri Tiraha on Nh-146,1123,1103.22,53.31,15,2027-08-11,2027-08-11,2024-02-28,0,0,-19.779999999999973,-1.76,0.0475,4.75,2027,2027,2024.0,Ministry of Statistics and Programme Implementation,Infrastructure and Project Monitoring Division,PAIMANA,Projects Report - Public Dashboard,March 2026,True,False
1515,Roads & Highways,Ministry of Road Transport & Highways,NHIDCL,619187,"Slope protection and landslide mitigation at 4 vulnerable locations km 1.950 to Km 2.100, km 11.100 to 11.450, km 22.435 to km 22.485 and km 22.610 to km 22.680 within Sevoke-Rangpo section of NH-10 old NH-31A in Darjeeling & Kalimpong district in the State of West Bengal on EPC mode",152,,0.0,22,2027-06-26,2027-06-26,2024-02-05,0,0,,,0.0,0.0,2027,2027,2024.0,Ministry of Statistics and Programme Implementation,Infrastructure and Project Monitoring Division,PAIMANA,Projects Report - Public Dashboard,March 2026,True,False
1516,Roads & Highways,Ministry of Road Transport & Highways,National Highways Authority of India [NHAI],619003,Solan - Kaithlighat Section of NH-22 Now NH-5 from Km. 106.139 to Km.129.05,882,1519.53,641.55,90,2021-05-06,2026-11-16,2018-03-28,2020,1,637.53,72.28,0.7274,72.74,2021,2026,2018.0,Ministry of Statistics and Programme Implementation,Infrastructure and Project Monitoring Division,PAIMANA,Projects Report - Public Dashboard,March 2026,True,False
1518,Roads & Highways,Ministry of Road Transport & Highways,National Highways Authority of India [NHAI],619084,Start of Karur Bypass - Dindigul from km. 292.600 to km. 305.600 Contract Package No. NS2/BOT/TN-4,462,515.03,42.27,100,2009-04-16,2026-04-30,2005-08-17,6223,1,53.02999999999997,11.48,0.0915,9.15,2009,2026,2005.0,Ministry of Statistics and Programme Implementation,Infrastructure and Project Monitoring Division,PAIMANA,Projects Report - Public Dashboard,March 2026,True,False
1519,Roads & Highways,Ministry of Road Transport & Highways,National Highways Authority of India [NHAI],619207,Start of Kollam Bypass - Kadambattukonam,2641,3309.06,867.3,82,2025-03-29,2026-06-30,2021-06-08,458,1,668.06,25.3,0.3284,32.84,2025,2026,2021.0,Ministry of Statistics and Programme Implementation,Infrastructure and Project Monitoring Division,PAIMANA,Projects Report - Public Dashboard,March 2026,True,False
1520,Roads & Highways,Ministry of Road Transport & Highways,MoRTH,617973,Strengthening and widening of existing 2 lane road to two lane paved shoulder from km 7.750 to 26.542 & km. 32.093 to 45.786 of NH-130 on EPC mode in the state of chhattisgarh.job No. 130-CG-2017-18-348,189,,102.56,97,2020-11-24,2026-02-28,2017-11-08,1922,1,,,0.5426,54.26,2020,2026,2017.0,Ministry of Statistics and Programme Implementation,Infrastructure and Project Monitoring Division,PAIMANA,Projects Report - Public Dashboard,March 2026,True,False
1521,Roads & Highways,Ministry of Road Transport & Highways,MoRTH,618133,Strengthening and Widening of road Sakoli- Wadsa-Armori-Gadchiroli-Ashti- Allapalli -Sironcha National highway NH 353C in Km 262/00 to 321/00 including 16 minor Bridges and 2 Major Bridge Total length 59 Km section from repanpalli to sironcha in Gadchiroli Dist in the State of Maharashtra.,281,,0.0,62,2024-05-31,2026-05-31,2021-03-31,730,1,,,0.0,0.0,2024,2026,2021.0,Ministry of Statistics and Programme Implementation,Infrastructure and Project Monitoring Division,PAIMANA,Projects Report - Public Dashboard,March 2026,True,False
1522,Roads & Highways,Ministry of Road Transport & Highways,NHAI,618565,Strengthening of existing 4L Ayodhya Bypass Section from design Km. 121 600 to Km. 144020 of NH 28 New NH 27Pkg-3,526,281.13,259.66,82,2025-03-08,2025-08-27,2023-03-24,172,1,-244.87,-46.55,0.4937,49.37,2025,2025,2023.0,Ministry of Statistics and Programme Implementation,Infrastructure and Project Monitoring Division,PAIMANA,Projects Report - Public Dashboard,March 2026,True,False
1523,Roads & Highways,Ministry of Road Transport & Highways,National Highways Authority of India [NHAI],618628,Strengthening of Existing Alignment of Pandharpur Town Part Bypassed Section of NH 965 from KM 36.230 to KM 44.230 from Chh. Shivaji Maharaj Chowk to Wakhari,150,87.59,52.83,48,2025-10-31,2026-06-30,2022-08-12,242,1,-62.41,-41.61,0.3522,35.22,2025,2026,2022.0,Ministry of Statistics and Programme Implementation,Infrastructure and Project Monitoring Division,PAIMANA,Projects Report - Public Dashboard,March 2026,True,False
1524,Roads & Highways,Ministry of Road Transport & Highways,MoRTH,618061,"Strengthening, Widening & Up-gradation of newly declared NH-761 from NH-61Junction-BelheAlkutiDevibhoyareNighojShirur, from Design chainage Km 0.000 to Km 37.970 from Single/Intermediate/2L to 2LPS in the State of Maharashtra on EPC Mode Length 37.970 Km",386,,30.86,53,2026-09-27,2026-09-27,2024-03-15,0,0,,,0.0799,7.99,2026,2026,2024.0,Ministry of Statistics and Programme Implementation,Infrastructure and Project Monitoring Division,PAIMANA,Projects Report - Public Dashboard,March 2026,True,False
1525,Roads & Highways,Ministry of Road Transport & Highways,MoRTH,617949,Tadipatri Bypass Km 0000 to Km 6285 of 4-Lane on NH-67 in Anantapuramu district of AP state under NHO on EPC Mode under Annual Plan 2022-23,160,,59.26,100,2026-03-12,2026-03-31,2023-03-30,19,1,,,0.3704,37.04,2026,2026,2023.0,Ministry of Statistics and Programme Implementation,Infrastructure and Project Monitoring Division,PAIMANA,Projects Report - Public Dashboard,March 2026,True,False
1526,Roads & Highways,Ministry of Road Transport & Highways,National Highways Authority of India [NHAI],618796,Tanot -Ramgarh-Bhadasar-Jaisalmer NH-68 and BhadasarMokal-Sarkaritala up to Pakisthan Border NH-968 Pkg-BM/5,829,830.37,405.13,100,2021-04-21,2026-04-30,2018-02-23,1835,1,1.3700000000000045,0.17,0.4887,48.87,2021,2026,2018.0,Ministry of Statistics and Programme Implementation,Infrastructure and Project Monitoring Division,PAIMANA,Projects Report - Public Dashboard,March 2026,True,False
1527,Roads & Highways,Ministry of Road Transport & Highways,National Highways Authority of India [NHAI],618638,Tarsod - Fagne section of NH-6,2268,2560.5,990.0,99,2021-07-12,2026-04-30,2016-06-23,1753,1,292.5,12.9,0.4365,43.65,2021,2026,2016.0,Ministry of Statistics and Programme Implementation,Infrastructure and Project Monitoring Division,PAIMANA,Projects Report - Public Dashboard,March 2026,True,False
1528,Roads & Highways,Ministry of Road Transport & Highways,National Highways Authority of India [NHAI],619097,Thalassery Mahe Bypass Km 170.600 to Km 189.200 of NH-17New NH-66 in Kerala,1181,1573.18,708.74,100,2020-05-31,2026-04-08,2017-09-09,2138,1,392.18000000000006,33.21,0.6001,60.01,2020,2026,2017.0,Ministry of Statistics and Programme Implementation,Infrastructure and Project Monitoring Division,PAIMANA,Projects Report - Public Dashboard,March 2026,True,False
1529,Roads & Highways,Ministry of Road Transport & Highways,National Highways Authority of India [NHAI],619165,Thanamcherla-Jamandlapally 2LPS,177,18.65,8.31,100,2023-02-07,2026-05-31,2013-11-19,1209,1,-158.35,-89.46,0.0469,4.69,2023,2026,2013.0,Ministry of Statistics and Programme Implementation,Infrastructure and Project Monitoring Division,PAIMANA,Projects Report - Public Dashboard,March 2026,True,False
1530,Roads & Highways,Ministry of Road Transport & Highways,National Highways Authority of India [NHAI],619094,Thorapalli - Agraharam - Jittandahalli Section from km 23.350 to km 60.100 [Hosur to Dhamrapuri Pkg-2],1244,1272.11,589.41,83,2023-12-06,2026-12-31,2019-02-14,1121,1,28.1099999999999,2.26,0.4738,47.38,2023,2026,2019.0,Ministry of Statistics and Programme Implementation,Infrastructure and Project Monitoring Division,PAIMANA,Projects Report - Public Dashboard,March 2026,True,False
1531,Roads & Highways,Ministry of Road Transport & Highways,National Highways Authority of India [NHAI],619083,Thumbipadi-Namakkal from km. 180.00 to km. 248.625 Package No. NS-2/BOT/TN-02,256,395.43,205.97,100,2009-02-14,2026-05-31,2005-06-24,6315,1,139.43,54.46,0.8046,80.46,2009,2026,2005.0,Ministry of Statistics and Programme Implementation,Infrastructure and Project Monitoring Division,PAIMANA,Projects Report - Public Dashboard,March 2026,True,False
1532,Roads & Highways,Ministry of Road Transport & Highways,National Highways Authority of India [NHAI],618605,Thuravoor Thekku-Paravoor,2879,2638.67,1998.42,76,2024-09-12,2026-05-31,2021-09-06,626,1,-240.32999999999993,-8.35,0.6941,69.41,2024,2026,2021.0,Ministry of Statistics and Programme Implementation,Infrastructure and Project Monitoring Division,PAIMANA,Projects Report - Public Dashboard,March 2026,True,False
1533,Roads & Highways,Ministry of Road Transport & Highways,MoRTH,617889,Treatment of landslide zone from location no. 01 to 28 km 62.860 to 152.750 on NH-12509 in the State of Uttarakhand under EPC mode in NHO Annual Plan 2022-23,192,,0.0,97,2024-06-20,2026-04-30,2022-11-02,679,1,,,0.0,0.0,2024,2026,2022.0,Ministry of Statistics and Programme Implementation,Infrastructure and Project Monitoring Division,PAIMANA,Projects Report - Public Dashboard,March 2026,True,False
1535,Roads & Highways,Ministry of Road Transport & Highways,National Highways Authority of India [NHAI],619071,Tumkur - Nelamangala 6L,2032,1664.2,504.51,59,2025-08-25,2027-03-31,2021-03-04,583,1,-367.79999999999995,-18.1,0.2483,24.83,2025,2027,2021.0,Ministry of Statistics and Programme Implementation,Infrastructure and Project Monitoring Division,PAIMANA,Projects Report - Public Dashboard,March 2026,True,False
1536,Roads & Highways,Ministry of Road Transport & Highways,National Highways Authority of India [NHAI],619070,Tumkur-Chitradurga,839,47.44,8.24,100,2013-12-01,2026-06-30,2010-04-17,4594,1,-791.56,-94.35,0.0098,0.98,2013,2026,2010.0,Ministry of Statistics and Programme Implementation,Infrastructure and Project Monitoring Division,PAIMANA,Projects Report - Public Dashboard,March 2026,True,False
1537,Roads & Highways,Ministry of Road Transport & Highways,National Highways Authority of India [NHAI],619220,Tumkur-Shimoga Pkg-III from Km 121.900 Banawara to Km 170.415 Bettadahalli of Old NH-206,1444,1834.81,816.79,97,2023-03-14,2026-04-30,2018-02-27,1143,1,390.80999999999995,27.06,0.5656,56.56,2023,2026,2018.0,Ministry of Statistics and Programme Implementation,Infrastructure and Project Monitoring Division,PAIMANA,Projects Report - Public Dashboard,March 2026,True,False
1538,Roads & Highways,Ministry of Road Transport & Highways,National Highways Authority of India [NHAI],618512,Tunnel at Khambataki Ghat Section and its approaches from existing Km. 771.730 to existing Km. 782.000,907,816.12,526.64,87,2022-02-27,2026-08-31,2017-11-07,1646,1,-90.88,-10.02,0.5806,58.06,2022,2026,2017.0,Ministry of Statistics and Programme Implementation,Infrastructure and Project Monitoring Division,PAIMANA,Projects Report - Public Dashboard,March 2026,True,False
1540,Roads & Highways,Ministry of Road Transport & Highways,MoRTH,618258,Two laning with paved shoulders of Gondiguda to Araku uptoBhallaguda section of NH 516E,297,289.11,237.52,92,2023-09-07,2024-04-09,2020-08-24,215,1,-7.889999999999986,-2.66,0.7997,79.97,2023,2024,2020.0,Ministry of Statistics and Programme Implementation,Infrastructure and Project Monitoring Division,PAIMANA,Projects Report - Public Dashboard,March 2026,True,False
1541,Roads & Highways,Ministry of Road Transport & Highways,MoRTH,618255,Two laning with paved shoulders of Lambasingi to Paderusection of NH 516E,361,358.05,104.0,43,2025-11-02,2026-11-30,2020-04-17,393,1,-2.9499999999999886,-0.82,0.2881,28.81,2025,2026,2020.0,Ministry of Statistics and Programme Implementation,Infrastructure and Project Monitoring Division,PAIMANA,Projects Report - Public Dashboard,March 2026,True,False
1542,Roads & Highways,Ministry of Road Transport & Highways,MoRTH,618259,Two laning with paved shoulders of Paderu to GundigudaSection of NH 516E,223,,122.52,100,2023-03-30,2024-03-24,2020-08-24,360,1,,,0.5494,54.94,2023,2024,2020.0,Ministry of Statistics and Programme Implementation,Infrastructure and Project Monitoring Division,PAIMANA,Projects Report - Public Dashboard,March 2026,True,False
1543,Roads & Highways,Ministry of Road Transport & Highways,NHAI,618954,Umagaon - Saharsa Package - I Combined Umagaon-Kaluahi0.000KM to 21.609Km of NH227LSaharghat-Rahika0.000 Km to 26.130KM of NH227JRahika-Rampatti 0.00 KM to 15.00KM of NH527ABideshwarsthan-Bheja0.000KM to 25.915KM of NH527A.,1473,1703.02,550.3,12,2027-07-01,2027-07-01,2022-08-20,0,0,230.01999999999998,15.62,0.3736,37.36,2027,2027,2022.0,Ministry of Statistics and Programme Implementation,Infrastructure and Project Monitoring Division,PAIMANA,Projects Report - Public Dashboard,March 2026,True,False
1544,Roads & Highways,Ministry of Road Transport & Highways,NHAI,618953,Umagaon-Saharsa Package-IV Koshi Bridge & approach Road - Bheja-Bakaur,1200,1223.94,1086.2,89,2023-08-11,2026-09-30,2019-02-01,1146,1,23.940000000000055,2.0,0.9052,90.52,2023,2026,2019.0,Ministry of Statistics and Programme Implementation,Infrastructure and Project Monitoring Division,PAIMANA,Projects Report - Public Dashboard,March 2026,True,False
1545,Roads & Highways,Ministry of Road Transport & Highways,NHAI,619166,Umagaon-Saharsa Package-V Bakaur-Parsarma-Bangaon-Bariyahi & Spur to Mahishi,768,968.42,383.1,99,2025-12-14,2026-04-30,2022-10-07,137,1,200.41999999999996,26.1,0.4988,49.88,2025,2026,2022.0,Ministry of Statistics and Programme Implementation,Infrastructure and Project Monitoring Division,PAIMANA,Projects Report - Public Dashboard,March 2026,True,False
1546,Roads & Highways,Ministry of Road Transport & Highways,MoRTH,618108,Up-gradation and strengthening to 2lanePS from Km 95/500 to km 129/775 of Nh 168G Idar-Bhiloda-Samlaji in the state of Gujarat Length 34.275 km,237,,0.0,60,2025-12-06,2026-05-30,2022-09-30,175,1,,,0.0,0.0,2025,2026,2022.0,Ministry of Statistics and Programme Implementation,Infrastructure and Project Monitoring Division,PAIMANA,Projects Report - Public Dashboard,March 2026,True,False
1547,Roads & Highways,Ministry of Road Transport & Highways,MoRTH,617906,Up-gradation of Dhoraji-Jamkandorna-Kalavad Section of NH-927D from Design Chainage km 0/00 to km 58/115 to Two lane with PS configuration in the State of Gujarat on EPC,247,291.19,0.0,35,2027-01-24,2027-01-24,2022-10-14,0,0,44.19,17.89,0.0,0.0,2027,2027,2022.0,Ministry of Statistics and Programme Implementation,Infrastructure and Project Monitoring Division,PAIMANA,Projects Report - Public Dashboard,March 2026,True,False
1548,Roads & Highways,Ministry of Road Transport & Highways,MoRTH,618078,Up-gradation of NH-130C Abhanpur to Paund from NH Km. 0000 to KM 40380 to two lane with paved shoulders in the State of Chhattisgarh on EPC mode.,193,,97.78,85,2023-09-24,2026-02-15,2020-12-22,875,1,,,0.5066,50.66,2023,2026,2020.0,Ministry of Statistics and Programme Implementation,Infrastructure and Project Monitoring Division,PAIMANA,Projects Report - Public Dashboard,March 2026,True,False
1550,Roads & Highways,Ministry of Road Transport & Highways,MoRTH,618021,Up-gradation of Pichhore- Dinara section of NH-346 from Km 292.750 to 334.550 to two lane with paved shoulders in the state of Madhya Pradesh on EPC mode,426,,0.0,19,2027-06-02,2027-06-02,2024-02-01,0,0,,,0.0,0.0,2027,2027,2024.0,Ministry of Statistics and Programme Implementation,Infrastructure and Project Monitoring Division,PAIMANA,Projects Report - Public Dashboard,March 2026,True,False
1552,Roads & Highways,Ministry of Road Transport & Highways,MoRTH,618092,Up-gradation to 2 lane with paved shoulder from Neechli Oden Nathdwara at Design Km 88.800 existing km 55.95 to Bhatewar at Design Km 142.028 existing km 0.00 of NH-162E in the State of Rajasthan on EPC mode.,607,,0.0,49,2026-10-04,2026-10-03,2023-02-27,0,0,,,0.0,0.0,2026,2026,2023.0,Ministry of Statistics and Programme Implementation,Infrastructure and Project Monitoring Division,PAIMANA,Projects Report - Public Dashboard,March 2026,True,False
1553,Roads & Highways,Ministry of Road Transport & Highways,NHIDCL,619010,Up-gradation to 2 lane with paved shoutders of Pawlrang - Rulchawm section- of NH-102B of Aizawl - Imphal Economic Corridor from Existing Chainage km 72.030 to km 104.129 including 2.459 km re-alignment section from Tuivai River to Rulchawm connecting km 48.150 of NH-6 [Design Chainage km 68.170 to km 98.579] in the State of Mizoram under Bharatmala Pariyojna on EPC mode under NHO-NE Package-3 Keifang- Tuivai Pkg-3,501,,305.45,75,2025-05-08,2025-07-12,2021-12-13,65,1,,,0.6097,60.97,2025,2025,2021.0,Ministry of Statistics and Programme Implementation,Infrastructure and Project Monitoring Division,PAIMANA,Projects Report - Public Dashboard,March 2026,True,False
1554,Roads & Highways,Ministry of Road Transport & Highways,NHIDCL,618394,Up-gradation to 2-lane with Paved Shoulder from Km 12.850 to Km20.300 of 7.450Km length on Goha-Khellani section and a link road to Goha village of 2.016 km on NH-244 in UT of Jammu and Kashmir on EPC Mode Pkg-1,228,225.37,163.81,97,2022-04-01,2026-10-31,2020-07-14,1674,1,-2.6299999999999955,-1.15,0.7185,71.85,2022,2026,2020.0,Ministry of Statistics and Programme Implementation,Infrastructure and Project Monitoring Division,PAIMANA,Projects Report - Public Dashboard,March 2026,True,False
1555,Roads & Highways,Ministry of Road Transport & Highways,NHIDCL,618398,Up-gradation to 2-lane with Paved Shoulder from Km 20.300 to Km 29.030 of 8.730 Km length on Goha-Khellani section on NH-244 in UT of Jammu and Kashmir on EPC Mode Package II,211,,174.92,97,2022-04-01,2026-03-31,2020-07-14,1460,1,,,0.829,82.9,2022,2026,2020.0,Ministry of Statistics and Programme Implementation,Infrastructure and Project Monitoring Division,PAIMANA,Projects Report - Public Dashboard,March 2026,True,False
1556,Roads & Highways,Ministry of Road Transport & Highways,NHIDCL,618341,Up-gradation to 2-lane with paved shoulders of Ngopa - Pawlrang section of NH 102B of Aizawl - Imphal Economic Corridor from Existing Chainage km 32.796 to km 72.030 [Design Chainage km 31.280 to km 68.170] in the State of Mizoram under Bharatmala Pariyojna on EPC mode under NHO-NE Package-2 Keifang- Tuivai Pkg-2,524,,394.29,95,2025-02-22,2026-06-01,2021-09-21,464,1,,,0.7525,75.25,2025,2026,2021.0,Ministry of Statistics and Programme Implementation,Infrastructure and Project Monitoring Division,PAIMANA,Projects Report - Public Dashboard,March 2026,True,False
1557,Roads & Highways,Ministry of Road Transport & Highways,MoRTH,618049,Up-gradation to 2/4 lane with paved shoulder configuration of NH-652 from Tuljapur Naldurg-Akkalkot road Chainage from Km. 00.000 to km 30.982 in the State of Maharashtra on EPC mode.,183,,64.87,95,2026-07-08,2026-07-08,2024-03-14,0,0,,,0.3545,35.45,2026,2026,2024.0,Ministry of Statistics and Programme Implementation,Infrastructure and Project Monitoring Division,PAIMANA,Projects Report - Public Dashboard,March 2026,True,False
1558,Roads & Highways,Ministry of Road Transport & Highways,NHIDCL,618406,Up-gradation to 4-lane with Paved Shoulder of Jammu-Akhnoor road section of NH-144A from Ganesh Vihar Km 6.000 to Khati Chowk Km 26.350 in UT of Jammu and Kashmir on EPC basis Pkg-3A,322,,0.0,0,2021-07-11,2022-05-04,2018-03-14,297,1,,,0.0,0.0,2021,2022,2018.0,Ministry of Statistics and Programme Implementation,Infrastructure and Project Monitoring Division,PAIMANA,Projects Report - Public Dashboard,March 2026,True,False
1559,Roads & Highways,Ministry of Road Transport & Highways,NHAI,618766,Up-gradation to Four Lane with Paved Shoulder configuration of the highway starting from existing km 88.400 Savali Vihir to km 163.400 start of Ahmednagar bypass Design Length 75.000 km section of NH-160 in the State of Maharashtra under Bharatmala Pariyojana on EPC Mode,862,617.93,149.73,33,2027-04-29,2027-04-29,2024-10-28,0,0,-244.07000000000005,-28.31,0.1737,17.37,2027,2027,2024.0,Ministry of Statistics and Programme Implementation,Infrastructure and Project Monitoring Division,PAIMANA,Projects Report - Public Dashboard,March 2026,True,False
1560,Roads & Highways,Ministry of Road Transport & Highways,MoRTH,617933,Up-gradation to four lane/ Two lane with paved shoulders configuration of Kalyan - Murbad - Malshej Ghat - Nirmal Road NH- 61 km 15/200 to Km 38/00 and from Km. 58/00 to Km 84/00 Design length 48.58 km of NH-61 on EPC Mode in Thane District in the state of Maharashtra,984,,0.0,100,2026-08-31,2026-08-31,2023-02-14,0,0,,,0.0,0.0,2026,2026,2023.0,Ministry of Statistics and Programme Implementation,Infrastructure and Project Monitoring Division,PAIMANA,Projects Report - Public Dashboard,March 2026,True,False
1561,Roads & Highways,Ministry of Road Transport & Highways,MoRTH,618024,Up-gradation to two lane with paved shoulder configuration of NH-354 Section Arifkes-Ferozepur-Muktsar-Malaut from Km 201.500 to Km 212.500 & Km 229.690 to Km 269.960 and strengthening of existing pavement from Km 212.500 to Km 229.690 excluding Km 218.500 to 223.690 of NH-354 on EPC Mode in the State of Punjab. Job No. NH-354-PB-2020-21-532,263,,0.0,83,2025-04-15,2026-04-30,2021-03-12,380,1,,,0.0,0.0,2025,2026,2021.0,Ministry of Statistics and Programme Implementation,Infrastructure and Project Monitoring Division,PAIMANA,Projects Report - Public Dashboard,March 2026,True,False
1562,Roads & Highways,Ministry of Road Transport & Highways,MoRTH,617971,Up-gradation to Two/Four lane with paved shoulder Configuration of Kondagaon- Narayanpur from design ch. 0.00 - 48.693 Design Length 47.493 Km. 1.20 Km. retained on NH-130D under EPC mode in the State Chhattisgarh.,322,,1.1,48,2027-03-16,2027-03-16,2022-12-29,0,0,,,0.0034,0.34,2027,2027,2022.0,Ministry of Statistics and Programme Implementation,Infrastructure and Project Monitoring Division,PAIMANA,Projects Report - Public Dashboard,March 2026,True,False
1563,Roads & Highways,Ministry of Road Transport & Highways,MoRTH,618136,Upgradatiobn and Rehabilitation of Section of NH 361 F from Parli 00/000 to Gangakhed 30/400 to Two Lanes with paved shoulder / Four lane configurations on EPC mode in the State of Maharashtra.,224,,0.0,91,2023-09-16,2026-03-31,2021-03-31,927,1,,,0.0,0.0,2023,2026,2021.0,Ministry of Statistics and Programme Implementation,Infrastructure and Project Monitoring Division,PAIMANA,Projects Report - Public Dashboard,March 2026,True,False
1564,Roads & Highways,Ministry of Road Transport & Highways,National Highways Authority of India [NHAI],618511,Upgradation & rehabilitation of Service Roads on both sides in urban areas of Pune City on PuneSatara section of NH48,605,388.78,43.71,14,2026-06-16,2027-06-16,2025-01-12,365,1,-216.22000000000003,-35.74,0.0722,7.22,2026,2027,2025.0,Ministry of Statistics and Programme Implementation,Infrastructure and Project Monitoring Division,PAIMANA,Projects Report - Public Dashboard,March 2026,True,False
1565,Roads & Highways,Ministry of Road Transport & Highways,MoRTH,618019,Upgradation & widening of Jharkheda- Berasia - Dholkhedi from design km 0000 to km 87900 Design length 87.90km of NH-346 including 3 nos. bypasses of 13.10 Km in the State of Madhya Pradesh under EPC mode.,365,,0.0,88,2025-05-19,2026-06-30,2022-03-15,407,1,,,0.0,0.0,2025,2026,2022.0,Ministry of Statistics and Programme Implementation,Infrastructure and Project Monitoring Division,PAIMANA,Projects Report - Public Dashboard,March 2026,True,False
1566,Roads & Highways,Ministry of Road Transport & Highways,National Highways Authority of India [NHAI],619155,Upgradation and 4L of Haridwar Bypass from Km 0.000 Km 188.100 of NH-58 to Km. 15.100 Km 5.100 of NH 74 PKg-1,1603,1423.89,585.02,76,2024-10-29,2026-10-31,2021-11-22,732,1,-179.1099999999999,-11.17,0.365,36.5,2024,2026,2021.0,Ministry of Statistics and Programme Implementation,Infrastructure and Project Monitoring Division,PAIMANA,Projects Report - Public Dashboard,March 2026,True,False
1567,Roads & Highways,Ministry of Road Transport & Highways,MoRTH,618043,Upgradation and reconstruction of Dindori - Mandla Section of NH 543 from Km 77100 Design to Km 170580 Design Total length 93.48km to Two lane with paved shoulder configuration along with One time improvement in 04 nos of bypassed built-up areas in a total length of 7.23 km in the state of Madhya Pradesh on EPC mode,492,523.71,0.0,88,2026-07-28,2026-07-28,2022-03-28,0,0,31.710000000000036,6.45,0.0,0.0,2026,2026,2022.0,Ministry of Statistics and Programme Implementation,Infrastructure and Project Monitoring Division,PAIMANA,Projects Report - Public Dashboard,March 2026,True,False
1568,Roads & Highways,Ministry of Road Transport & Highways,MoRTH,618036,Upgradation and reconstruction of existing intermediate lane to two Lane with paved shoulder configuration from km. 43.00 Barna River to km. 77.00 ken river length 34.00 km. on Gulganj-Amanganj-Pawai-Katni NH43 Extn. along with One time improvement in 01 no. of bypassed built-up area in a total length of 1.585 km in the state of Madhya Pradesh on EPCmode.,316,,0.0,25,2026-11-25,2026-11-25,2023-03-24,0,0,,,0.0,0.0,2026,2026,2023.0,Ministry of Statistics and Programme Implementation,Infrastructure and Project Monitoring Division,PAIMANA,Projects Report - Public Dashboard,March 2026,True,False
1569,Roads & Highways,Ministry of Road Transport & Highways,MoRTH,617914,Upgradation and reconstruction of Shahpura-Dindori Section of NH 45 from Km 103.700 Design to Km 164.580 Design including 3 bypasses Total length 60.88km to Two lane with paved shoulder configuration along with One time improvement in 03 nos of bypassed built-up areas in a total length of 12.341 km in the State of Madhya Pradesh on EPC mode,241,250.09,0.0,29,2025-12-11,2026-06-30,2022-03-14,201,1,9.090000000000003,3.77,0.0,0.0,2025,2026,2022.0,Ministry of Statistics and Programme Implementation,Infrastructure and Project Monitoring Division,PAIMANA,Projects Report - Public Dashboard,March 2026,True,False
1570,Roads & Highways,Ministry of Road Transport & Highways,National Highways Authority of India [NHAI],618967,Upgradation and Strengthening of Chenani to Nashri Section via Patnitop of NH244 from Km 0.000 to Km 39.100,295,295.06,131.8,62,2026-08-05,2026-08-05,2024-03-06,0,0,0.060000000000002274,0.02,0.4468,44.68,2026,2026,2024.0,Ministry of Statistics and Programme Implementation,Infrastructure and Project Monitoring Division,PAIMANA,Projects Report - Public Dashboard,March 2026,True,False
1571,Roads & Highways,Ministry of Road Transport & Highways,National Highways Authority of India [NHAI],618754,Upgradation of 2L/4L with Paved Shoulder of Shirwal-Lonand Section from KM 159900 To KM 188025 of NH-965DD Section I and 2L With Paved Shoulder of Lonand-Satara Section from KM 51500 To KM 96246 Of NH-965D Section II in Satara District in the State of Maharashtra on EPC Mode under NHO-,538,307.24,53.91,26,2027-06-20,2027-06-20,2025-03-06,0,0,-230.76,-42.89,0.1002,10.02,2027,2027,2025.0,Ministry of Statistics and Programme Implementation,Infrastructure and Project Monitoring Division,PAIMANA,Projects Report - Public Dashboard,March 2026,True,False
1572,Roads & Highways,Ministry of Road Transport & Highways,MoRTH,618016,"Upgradation of Ambikapur Ramanujganj - Garhwa Road NH 343 of Package-I, Rajpuri Khurd Village to Padih Village section from existing km 7.830 to km 57.650 Design Ch. 13.700 to Ch. 62.700 of total length 49.00 km to two lane with paved shoulders under EPC mode in the state of Chhattisgarh",397,,18.97,10,2027-05-26,2027-05-26,2022-03-24,0,0,,,0.0478,4.78,2027,2027,2022.0,Ministry of Statistics and Programme Implementation,Infrastructure and Project Monitoring Division,PAIMANA,Projects Report - Public Dashboard,March 2026,True,False
1573,Roads & Highways,Ministry of Road Transport & Highways,MoRTH,618014,"Upgradation of Ambikapur-Ramanujganj-Garwa road of NH-343, Package-III, Badki mahri village to Ramanujganj section from existing km 80.600 to km 110.330 Design Ch. 85.370 to Ch. 114.800 of total length 29.430 km to two lane with paved shoulders udner corridor scheme under EPC Mode in the of Chhattisgarh",199,,15.65,29,2026-10-31,2026-10-31,2022-03-24,0,0,,,0.0786,7.86,2026,2026,2022.0,Ministry of Statistics and Programme Implementation,Infrastructure and Project Monitoring Division,PAIMANA,Projects Report - Public Dashboard,March 2026,True,False
1574,Roads & Highways,Ministry of Road Transport & Highways,MoRTH,618018,Upgradation of Bilaspur-Takhatpur-Mungeli-Pandariya-Pondi Road on N.H.-130A Package IIIA Takhatpur By-pass from existing Ch. 26.542 to 32.093 [Design Ch. 18.700 to 25.900] & Mungeli By-pass from existing Ch. 45.786 to 56.275 [Design Ch. 29.600 to 51.600] and Package IIIB Pandariya By-Pass from existing Ch. 82.582 to 87.133 [Design Ch. 77.900 to 81.1000 & Pondi By-pass from existing Ch. 103.166 to 104.756 [Design Ch. 97.000 to 103.395] to two lane with paved shoulder configuration in the,351,,11.48,10,2025-07-17,2026-12-31,2022-03-25,532,1,,,0.0327,3.27,2025,2026,2022.0,Ministry of Statistics and Programme Implementation,Infrastructure and Project Monitoring Division,PAIMANA,Projects Report - Public Dashboard,March 2026,True,False
1575,Roads & Highways,Ministry of Road Transport & Highways,MoRTH,617915,Upgradation of Dindori-Sagartola-kabichabutra MP-CG border section of NH -45 from km 000Design to km 77.00 Design to Two lane with paved shoulder configration along with one time improvement in 04 nos. of bypaased built-up areas in a total length of 9.1 km in the state of Madhya Pradesh on EPC mode.,329,319.09,0.0,94,2025-09-18,2026-03-31,2022-01-12,194,1,-9.910000000000025,-3.01,0.0,0.0,2025,2026,2022.0,Ministry of Statistics and Programme Implementation,Infrastructure and Project Monitoring Division,PAIMANA,Projects Report - Public Dashboard,March 2026,True,False
1576,Roads & Highways,Ministry of Road Transport & Highways,MoRTH,618098,"Upgradation of exhisting 2 lane flexible pavement to 2 lane paved shoulders rigid pavement from design chainage Km 66.00 to Design Km 82.440 Start of Kolhapur Municipal corporation near Phulewadi to kale, design length 16.440 Km section on Talere Gaganbawada-Kolhapur road NH 166G in the state of Maharashtra on EPC mode",168,,0.0,94,2024-05-13,2026-03-31,2021-03-31,687,1,,,0.0,0.0,2024,2026,2021.0,Ministry of Statistics and Programme Implementation,Infrastructure and Project Monitoring Division,PAIMANA,Projects Report - Public Dashboard,March 2026,True,False
1577,Roads & Highways,Ministry of Road Transport & Highways,MoRTH,618158,"Upgradation of Goras to Shyampur Road section of NH-552 Ext., from Design Chainge 48.400 to 111.800 Km Total length 63.40 km to two lane with paved shoulder configuration along with One time improvement of 8.91 km in the state of Madhya Pradesh on EPC mode",417,,0.0,13,2026-12-30,2026-12-30,2023-03-27,0,0,,,0.0,0.0,2026,2026,2023.0,Ministry of Statistics and Programme Implementation,Infrastructure and Project Monitoring Division,PAIMANA,Projects Report - Public Dashboard,March 2026,True,False
1578,Roads & Highways,Ministry of Road Transport & Highways,MoRTH,618015,"Upgradation of Keonchi - Ratanpur Road of NH 45 Package-I, from design chainage km 237.860 to km 273.200 of length 35.340 km to two lane with paved shoulders under Corridor scheme on EPC mode in the state of Chhattisgarh.",225,228.93,62.63,45,2026-01-06,2026-12-31,2022-03-31,359,1,3.930000000000007,1.75,0.2784,27.84,2026,2026,2022.0,Ministry of Statistics and Programme Implementation,Infrastructure and Project Monitoring Division,PAIMANA,Projects Report - Public Dashboard,March 2026,True,False
1579,Roads & Highways,Ministry of Road Transport & Highways,MoRTH,618017,"Upgradation of Keonchi - Ratanpur Road of NH 45 Package-II, from design chainage km 278.75 to km 321.348 of length 42.598 km to two lane with paved shoulders under Corridor scheme on EPC mode in the state of Chhattisgarh.",286,,73.61,50,2026-01-06,2026-12-31,2022-03-31,359,1,,,0.2574,25.74,2026,2026,2022.0,Ministry of Statistics and Programme Implementation,Infrastructure and Project Monitoring Division,PAIMANA,Projects Report - Public Dashboard,March 2026,True,False
1580,Roads & Highways,Ministry of Road Transport & Highways,MoRTH,618107,Upgradation of Mehsana-Visnagar-vadnagar-Kheralu-Idar section from km 0/00 to 81/300 of NH 168G Mehsana to Idar in the State of GujaratTotal Length 81.300 Km on Hybrid Annuity Mode HAM,1155,,1.52,5,2028-06-17,2028-06-19,2024-02-26,2,1,,,0.0013,0.13,2028,2028,2024.0,Ministry of Statistics and Programme Implementation,Infrastructure and Project Monitoring Division,PAIMANA,Projects Report - Public Dashboard,March 2026,True,False
1581,Roads & Highways,Ministry of Road Transport & Highways,MoRTH,618085,Upgradation of Nasrullagani-Rehti-Budhni Scction to 2-lane with paved shoulder from Km 0150 to Km 50500 of NH-146B in the state of Madhya Pradesh on EPC mode.,305,293.74,0.0,78,2024-10-25,2026-06-30,2021-12-06,613,1,-11.259999999999991,-3.69,0.0,0.0,2024,2026,2021.0,Ministry of Statistics and Programme Implementation,Infrastructure and Project Monitoring Division,PAIMANA,Projects Report - Public Dashboard,March 2026,True,False
1583,Roads & Highways,Ministry of Road Transport & Highways,MoRTH,618118,Upgradation of two lane paved shoulder from Shahpura existing km. 0.00 Design Ch. 000 to Thanagazi existing Km.37352 Design Ch. 36810 of NH-248A on EPC mode in the State of Rajasthan.,174,,63.55,100,2024-07-31,2025-07-31,2022-03-08,365,1,,,0.3652,36.52,2024,2025,2022.0,Ministry of Statistics and Programme Implementation,Infrastructure and Project Monitoring Division,PAIMANA,Projects Report - Public Dashboard,March 2026,True,False
1584,Roads & Highways,Ministry of Road Transport & Highways,MoRTH,618219,Upgradation to 2-lane with Hard shoulder configuration of Suraithota Ch. 29.725 km to Malari Ch. 60.550 km road on NH- 107B under in the state of Uttarakhand.,293,,0.0,72,2026-05-09,2026-12-31,2022-10-20,236,1,,,0.0,0.0,2026,2026,2022.0,Ministry of Statistics and Programme Implementation,Infrastructure and Project Monitoring Division,PAIMANA,Projects Report - Public Dashboard,March 2026,True,False
1585,Roads & Highways,Ministry of Road Transport & Highways,MoRTH,618117,Upgradation to 2-Lane with Paved Shoulder from Design Km 36300 to Design Chainage 47918 and from Design Ch 69900 to Design Ch 83940 of NH-248A Natni Ka Bara in the State of Rajasthan on EPC Mode.,155,,11.56,23,2026-05-29,2026-05-29,2024-02-21,0,0,,,0.0746,7.46,2026,2026,2024.0,Ministry of Statistics and Programme Implementation,Infrastructure and Project Monitoring Division,PAIMANA,Projects Report - Public Dashboard,March 2026,True,False
1586,Roads & Highways,Ministry of Road Transport & Highways,National Highways Authority of India [NHAI],618787,"Upgradation to 4L PS from Bhimasar, Junction of NH-41 to Anjar- Bhuj upto Airport Junction from Km 0.000 to Km 65.478 of NH-341",1373,1687.25,751.61,96,2025-06-29,2026-09-30,2022-03-11,458,1,314.25,22.89,0.5474,54.74,2025,2026,2022.0,Ministry of Statistics and Programme Implementation,Infrastructure and Project Monitoring Division,PAIMANA,Projects Report - Public Dashboard,March 2026,True,False
1587,Roads & Highways,Ministry of Road Transport & Highways,MoRTH,617900,Upgradation to Two Lane Paved Shoulder in km 33/0 to 126/520 of NH-23 Old NH-11B Kothun-Lalsot-Karoli-Dholpur road in the state of Rajasthan under EPC mode Length-93.52 Km.,150,,12.2,97,2024-09-01,2025-09-30,2021-12-24,394,1,,,0.0813,8.13,2024,2025,2021.0,Ministry of Statistics and Programme Implementation,Infrastructure and Project Monitoring Division,PAIMANA,Projects Report - Public Dashboard,March 2026,True,False
1589,Roads & Highways,Ministry of Road Transport & Highways,MoRTH,618022,Upgradation to two lane with paved Shulder Configuaration from Km. 0/00 to 47/000 of NH 351 Mahuva to Badhada section in the State of Gujarat,173,219.08,22.53,62,2025-08-22,2026-05-30,2022-12-06,281,1,46.08000000000001,26.64,0.1302,13.02,2025,2026,2022.0,Ministry of Statistics and Programme Implementation,Infrastructure and Project Monitoring Division,PAIMANA,Projects Report - Public Dashboard,March 2026,True,False
1590,Roads & Highways,Ministry of Road Transport & Highways,MoRTH,618069,Upgradation to Two-lane with paved shoulder of Hanumangarh to Kenchiyan section from Km 0.000existing chainage-Km 23.200 to Km 49.605existing chainage-Km 74.645 of NH-54 in the State of Rajasthan on EPC mode.,335,,0.0,68,2026-10-03,2026-10-03,2022-03-24,0,0,,,0.0,0.0,2026,2026,2022.0,Ministry of Statistics and Programme Implementation,Infrastructure and Project Monitoring Division,PAIMANA,Projects Report - Public Dashboard,March 2026,True,False
1591,Roads & Highways,Ministry of Road Transport & Highways,National Highways Authority of India [NHAI],619203,Vadape to Thane from km 539.202 to km 563.000 section of NH-3 new NH-848,1253,1371.27,482.14,77,2021-07-18,2026-04-30,2018-03-26,1747,1,118.26999999999998,9.44,0.3848,38.48,2021,2026,2018.0,Ministry of Statistics and Programme Implementation,Infrastructure and Project Monitoring Division,PAIMANA,Projects Report - Public Dashboard,March 2026,True,False
1592,Roads & Highways,Ministry of Road Transport & Highways,National Highways Authority of India [NHAI],618464,Vadodara Mumbai Expressway Ena -Kim Phase IB - Pkg VI [Km 217.500 to Km 254.430],2272,4297.28,2574.28,99,2023-12-10,2026-04-30,2020-05-07,872,1,2025.2799999999997,89.14,1.133,113.3,2023,2026,2020.0,Ministry of Statistics and Programme Implementation,Infrastructure and Project Monitoring Division,PAIMANA,Projects Report - Public Dashboard,March 2026,True,False
1593,Roads & Highways,Ministry of Road Transport & Highways,National Highways Authority of India [NHAI],618465,Vadodara Mumbai Expressway Gandeva to Ena Phase IB - Pkg VII [Km 190.00 to Km 217.500],1710,3392.21,2152.43,97,2023-11-09,2026-04-30,2020-07-30,903,1,1682.21,98.37,1.2587,125.87,2023,2026,2020.0,Ministry of Statistics and Programme Implementation,Infrastructure and Project Monitoring Division,PAIMANA,Projects Report - Public Dashboard,March 2026,True,False
1594,Roads & Highways,Ministry of Road Transport & Highways,National Highways Authority of India [NHAI],618466,Vadodara Mumbai Expressway Jujuwa - Gandeva from Km. 154.600 to Km. 190.000 Phase-I Package-VIII,3834,3820.2,197.13,5,2026-03-02,2026-11-15,2023-07-11,258,1,-13.800000000000182,-0.36,0.0514,5.14,2026,2026,2023.0,Ministry of Statistics and Programme Implementation,Infrastructure and Project Monitoring Division,PAIMANA,Projects Report - Public Dashboard,March 2026,True,False
1595,Roads & Highways,Ministry of Road Transport & Highways,National Highways Authority of India [NHAI],618467,Vadodara Mumbai Expressway Karvad - Jujuwa from Km. 128.000 to Km. 154.600 Phase-I Package-IX,2594,2587.04,211.72,22,2025-10-13,2026-06-30,2023-07-11,260,1,-6.960000000000036,-0.27,0.0816,8.16,2025,2026,2023.0,Ministry of Statistics and Programme Implementation,Infrastructure and Project Monitoring Division,PAIMANA,Projects Report - Public Dashboard,March 2026,True,False
1596,Roads & Highways,Ministry of Road Transport & Highways,National Highways Authority of India [NHAI],618463,Vadodara Mumbai Expressway Kim to Ankleshwar Phase IA - Pkg V,1325,2807.48,1246.47,91,2021-10-31,2026-06-30,2018-02-19,1703,1,1482.48,111.89,0.9407,94.07,2021,2026,2018.0,Ministry of Statistics and Programme Implementation,Infrastructure and Project Monitoring Division,PAIMANA,Projects Report - Public Dashboard,March 2026,True,False
1597,Roads & Highways,Ministry of Road Transport & Highways,National Highways Authority of India [NHAI],618468,Vadodara Mumbai Expressway Phase II - Pkg XI [Km. 77.000 to Km. 103.400] Ganjad - Talsari,1525,1913.95,813.35,100,2024-05-17,2026-04-30,2020-06-19,713,1,388.95000000000005,25.5,0.5333,53.33,2024,2026,2020.0,Ministry of Statistics and Programme Implementation,Infrastructure and Project Monitoring Division,PAIMANA,Projects Report - Public Dashboard,March 2026,True,False
1598,Roads & Highways,Ministry of Road Transport & Highways,National Highways Authority of India [NHAI],619198,Vadodara Mumbai Expressway Phase II - Pkg XII [Km. 50.700 to Km. 77.000] Masvan - Ganjad,1711,2388.52,962.91,99,2024-03-22,2026-04-30,2020-08-07,769,1,677.52,39.6,0.5628,56.28,2024,2026,2020.0,Ministry of Statistics and Programme Implementation,Infrastructure and Project Monitoring Division,PAIMANA,Projects Report - Public Dashboard,March 2026,True,False
1599,Roads & Highways,Ministry of Road Transport & Highways,National Highways Authority of India [NHAI],618469,Vadodara Mumbai Expressway Phase II - Pkg XIII [Km. 26.582 to Km. 50.700] Shirsad - Masvan,3537,4679.54,1792.81,91,2024-02-08,2026-07-15,2020-06-06,888,1,1142.54,32.3,0.5069,50.69,2024,2026,2020.0,Ministry of Statistics and Programme Implementation,Infrastructure and Project Monitoring Division,PAIMANA,Projects Report - Public Dashboard,March 2026,True,False
1600,Roads & Highways,Ministry of Road Transport & Highways,National Highways Authority of India [NHAI],618470,Vadodara Mumbai Expressway Phase II - Pkg XIV [Km. 3.000 to Km. 20.200 of Spur] Shirsad - Akloli,2059,2324.72,576.7,86,2024-05-11,2026-05-31,2021-05-27,750,1,265.7199999999998,12.91,0.2801,28.01,2024,2026,2021.0,Ministry of Statistics and Programme Implementation,Infrastructure and Project Monitoring Division,PAIMANA,Projects Report - Public Dashboard,March 2026,True,False
1601,Roads & Highways,Ministry of Road Transport & Highways,National Highways Authority of India [NHAI],618471,Vadodara Mumbai Expressway Phase II - Pkg XV [Km. 20.200 to Km. 43.000 of Spur] Akloli - Amne,2611,2918.39,596.29,92,2024-05-11,2026-05-31,2021-05-18,750,1,307.3899999999999,11.77,0.2284,22.84,2024,2026,2021.0,Ministry of Statistics and Programme Implementation,Infrastructure and Project Monitoring Division,PAIMANA,Projects Report - Public Dashboard,March 2026,True,False
1602,Roads & Highways,Ministry of Road Transport & Highways,National Highways Authority of India [NHAI],618472,Vadodara Mumbai Expressway Phase II - Pkg XVI [Km. 43.000 to Km. 69.800 of Spur] Amne - Bhoj,4052,4315.56,824.65,91,2024-10-31,2026-05-31,2021-06-24,577,1,263.5600000000004,6.5,0.2035,20.35,2024,2026,2021.0,Ministry of Statistics and Programme Implementation,Infrastructure and Project Monitoring Division,PAIMANA,Projects Report - Public Dashboard,March 2026,True,False
1603,Roads & Highways,Ministry of Road Transport & Highways,National Highways Authority of India [NHAI],618473,Vadodara Mumbai Expressway Phase II - Pkg XVII [Km. 69.800 to Km. 79.783 of Spur] Bhoj - Morbe,2209,2463.02,812.58,84,2025-07-17,2026-05-31,2021-09-03,318,1,254.01999999999998,11.5,0.3678,36.78,2025,2026,2021.0,Ministry of Statistics and Programme Implementation,Infrastructure and Project Monitoring Division,PAIMANA,Projects Report - Public Dashboard,March 2026,True,False
1604,Roads & Highways,Ministry of Road Transport & Highways,National Highways Authority of India [NHAI],619064,Vadodara Mumbai Expressway Talsari to Karvad Phase IB - Pkg X [Km 103.400 to Km 128.000],1910,2652.24,670.18,36,2024-03-21,2026-11-15,2020-10-07,969,1,742.2399999999998,38.86,0.3509,35.09,2024,2026,2020.0,Ministry of Statistics and Programme Implementation,Infrastructure and Project Monitoring Division,PAIMANA,Projects Report - Public Dashboard,March 2026,True,False
1605,Roads & Highways,Ministry of Road Transport & Highways,National Highways Authority of India [NHAI],618893,Varanasi Gorakhpur Section Packege IV from km. 149.540 to km. 215.160 Mau-Gorakhpur,2967,3475.65,862.58,97,2019-10-07,2026-04-07,2015-04-16,2374,1,508.6500000000001,17.14,0.2907,29.07,2019,2026,2015.0,Ministry of Statistics and Programme Implementation,Infrastructure and Project Monitoring Division,PAIMANA,Projects Report - Public Dashboard,March 2026,True,False
1606,Roads & Highways,Ministry of Road Transport & Highways,National Highways Authority of India [NHAI],618529,Varanasi Ring Road Pkg-II connecting Sandaha Village km 11.70 / NH-29 with Revasa Village km 818.80 / NH-2,1992,1832.66,994.97,94,2022-02-13,2026-06-30,2017-12-26,1598,1,-159.33999999999992,-8.0,0.4995,49.95,2022,2026,2017.0,Ministry of Statistics and Programme Implementation,Infrastructure and Project Monitoring Division,PAIMANA,Projects Report - Public Dashboard,March 2026,True,False
1607,Roads & Highways,Ministry of Road Transport & Highways,National Highways Authority of India [NHAI],618844,Viluppuram Km.0.000 to Puducherry Km.29.000,1358,1162.44,467.64,98,2023-11-24,2026-04-30,2018-03-01,888,1,-195.55999999999995,-14.4,0.3444,34.44,2023,2026,2018.0,Ministry of Statistics and Programme Implementation,Infrastructure and Project Monitoring Division,PAIMANA,Projects Report - Public Dashboard,March 2026,True,False
1608,Roads & Highways,Ministry of Road Transport & Highways,National Highways Authority of India [NHAI],618769,Walajahpet/Ranipet to TN/AP Border Section of from Km.106.800 to Km.133.36 NH-4,1338,1214.7,75.65,6,2027-09-29,2027-09-29,2024-12-06,0,0,-123.29999999999995,-9.22,0.0565,5.65,2027,2027,2024.0,Ministry of Statistics and Programme Implementation,Infrastructure and Project Monitoring Division,PAIMANA,Projects Report - Public Dashboard,March 2026,True,False
1609,Roads & Highways,Ministry of Road Transport & Highways,NHIDCL,618354,Wideinig & Upgradation to 2-lanes with paved shoulders road from Tamenglong to Mahur NH-137 in the State of Assam starting from km 96.870 near Jiri River to km 116.550 near Hangrum Package-7 on EPC mode Package7,847,,0.0,85,2026-03-04,2026-06-30,2023-12-11,118,1,,,0.0,0.0,2026,2026,2023.0,Ministry of Statistics and Programme Implementation,Infrastructure and Project Monitoring Division,PAIMANA,Projects Report - Public Dashboard,March 2026,True,False
1610,Roads & Highways,Ministry of Road Transport & Highways,MoRTH,618063,Widening & Strenghteningof section from Bharthana chowk to Kodarkoot km.0.00 to km.40.00 of NH-91-A on EPC mode,262,343.77,112.46,90,2024-09-18,2026-06-30,2020-03-30,650,1,81.76999999999998,31.21,0.4292,42.92,2024,2026,2020.0,Ministry of Statistics and Programme Implementation,Infrastructure and Project Monitoring Division,PAIMANA,Projects Report - Public Dashboard,March 2026,True,False
1611,Roads & Highways,Ministry of Road Transport & Highways,MoRTH,617983,Widening & Strengthening of Existing 2LPS to 4 lane PS from Km 150000 to Km 159000 and Km 165400 to Km 186000 of NH-163 old NH-202 under NH O for the year 2020-21 on EPC Mode in the state of Telangana.,317,300.56,175.26,86,2024-07-16,2026-06-30,2021-03-30,714,1,-16.439999999999998,-5.19,0.5529,55.29,2024,2026,2021.0,Ministry of Statistics and Programme Implementation,Infrastructure and Project Monitoring Division,PAIMANA,Projects Report - Public Dashboard,March 2026,True,False
1613,Roads & Highways,Ministry of Road Transport & Highways,MoRTH,618012,"Widening & strengthenlng to 2LPS from km 0,000 to 40.000 Dhaugaon- Podamari section of NH 326 in the State of Odisha under Annual Plan 2021.22.",187,,42.83,60,2026-02-04,2026-06-30,2022-03-31,146,1,,,0.229,22.9,2026,2026,2022.0,Ministry of Statistics and Programme Implementation,Infrastructure and Project Monitoring Division,PAIMANA,Projects Report - Public Dashboard,March 2026,True,False
1614,Roads & Highways,Ministry of Road Transport & Highways,MoRTH,617958,Widening & Strenthening from km132.895 to km 190.15 NH-80,566,,248.41,91,2024-11-03,2026-05-16,2021-03-31,559,1,,,0.4389,43.89,2024,2026,2021.0,Ministry of Statistics and Programme Implementation,Infrastructure and Project Monitoring Division,PAIMANA,Projects Report - Public Dashboard,March 2026,True,False
1615,Roads & Highways,Ministry of Road Transport & Highways,NHIDCL,618410,Widening & Up-gradation to 2 lane with paved shoulder of NH-301 Kargil- Zanskar Road from Design Km .30.040 Ex. Km. 30.000 to Design Km 57.000 Ex. Km. 57.905 of 26.960 Km length Pkg-II,405,,321.28,75,2023-01-02,2026-10-05,2021-03-31,1372,1,,,0.7933,79.33,2023,2026,2021.0,Ministry of Statistics and Programme Implementation,Infrastructure and Project Monitoring Division,PAIMANA,Projects Report - Public Dashboard,March 2026,True,False
1616,Roads & Highways,Ministry of Road Transport & Highways,NHIDCL,618409,Widening & Up-gradation to 2 lane with Paved shoulder of NH-301 Kargil- Zanskar Road from Design km 57.000 Ex. Km. 57.905 to Km 87.000 Ex. Km. 88.2491 of 30.000 Km length Pkg-lll,381,,221.62,83,2023-01-02,2026-07-29,2021-03-31,1304,1,,,0.5817,58.17,2023,2026,2021.0,Ministry of Statistics and Programme Implementation,Infrastructure and Project Monitoring Division,PAIMANA,Projects Report - Public Dashboard,March 2026,True,False
1617,Roads & Highways,Ministry of Road Transport & Highways,NHIDCL,618352,Widening & Upgradation to 2 lanes with paved shoulders road from Tamenglong to Mahur NH-137 in the State of Assam starting from km 136.500 near Hejaichak to km 156.489 near P. Leikul Package-9 on EPC mode under NHO-NE Package-9,860,614.43,528.46,88,2025-08-29,2026-06-30,2023-03-31,305,1,-245.57000000000005,-28.55,0.6145,61.45,2025,2026,2023.0,Ministry of Statistics and Programme Implementation,Infrastructure and Project Monitoring Division,PAIMANA,Projects Report - Public Dashboard,March 2026,True,False
1618,Roads & Highways,Ministry of Road Transport & Highways,NHIDCL,618351,Widening & Upgradation to 2 lanes with paved shoulders road from Tamenglong to Mahur NH-137 in the State of Assam starting from km 156.489 near P. Leikul to km 176.410 near Borowapu on EPC mode under NHO-NE Assam portion Package-10,890,693.15,569.61,82,2025-08-29,2026-06-30,2023-03-31,305,1,-196.85000000000002,-22.12,0.64,64.0,2025,2026,2023.0,Ministry of Statistics and Programme Implementation,Infrastructure and Project Monitoring Division,PAIMANA,Projects Report - Public Dashboard,March 2026,True,False
1619,Roads & Highways,Ministry of Road Transport & Highways,NHIDCL,618353,Widening & Upgradation to 2-lanes with paved shoulders road from Tamenglong to Mahur NH-137 in the State of Assam starting from km 116.480 near Hangrum to km 136.500 near Hejaichak Package-8 on EPC mode under NHO-NE Package 8,904,,520.05,85,2025-08-29,2026-06-30,2023-03-29,305,1,,,0.5753,57.53,2025,2026,2023.0,Ministry of Statistics and Programme Implementation,Infrastructure and Project Monitoring Division,PAIMANA,Projects Report - Public Dashboard,March 2026,True,False
1620,Roads & Highways,Ministry of Road Transport & Highways,MoRTH,618082,Widening & Upgradation to four lane configuration from Km.34.900 Bhadohi to km.73.134 Jaunpur of NH-135A on EPC mode,396,392.03,0.0,88,2024-05-14,2026-06-30,2021-03-31,777,1,-3.9700000000000273,-1.0,0.0,0.0,2024,2026,2021.0,Ministry of Statistics and Programme Implementation,Infrastructure and Project Monitoring Division,PAIMANA,Projects Report - Public Dashboard,March 2026,True,False
1621,Roads & Highways,Ministry of Road Transport & Highways,NHIDCL,618372,"Widening / Improvement to 4-Lane with Paved Shoulder configuration of existing single lane road from Kachukhana Harichara Paglagaunj to Dhubri - Phulbari Bridge approach Package-II of Srirampur - Dhubri Section of NH-127B from existing Km 28.050 to Km 55.060 Design Km 27.650 to Km 54.154, Design Length26.504 Km under JICA ODA Loan assistance Phase-V [Srirampur - Dhubri Pkg-2]",909,,638.5,100,2025-01-01,2025-06-30,2022-03-11,180,1,,,0.7024,70.24,2025,2025,2022.0,Ministry of Statistics and Programme Implementation,Infrastructure and Project Monitoring Division,PAIMANA,Projects Report - Public Dashboard,March 2026,True,False
1622,Roads & Highways,Ministry of Road Transport & Highways,MoRTH,617928,"Widening 2 lane to 4-lane from KM 92/320 to Km 115/320 Vav Chokdi-Satlasana to to Vrundavan Chokdi, Kheralu on NH-58 in the State of Gujarat.",151,171.27,0.0,97,2026-03-14,2026-04-10,2022-03-16,27,1,20.27000000000001,13.42,0.0,0.0,2026,2026,2022.0,Ministry of Statistics and Programme Implementation,Infrastructure and Project Monitoring Division,PAIMANA,Projects Report - Public Dashboard,March 2026,True,False
1623,Roads & Highways,Ministry of Road Transport & Highways,MoRTH,618141,Widening and Improvement of existing carriage way to 2 lane with paved shoulders from Km. 86/160 to 131/730 of Jangaon-Duddeda section of NH-365B in the State of Telangana on EPC Mode,423,423.48,160.07,75,2024-12-18,2026-04-30,2022-01-05,498,1,0.4800000000000182,0.11,0.3784,37.84,2024,2026,2022.0,Ministry of Statistics and Programme Implementation,Infrastructure and Project Monitoring Division,PAIMANA,Projects Report - Public Dashboard,March 2026,True,False
1624,Roads & Highways,Ministry of Road Transport & Highways,MoRTH,618161,Widening and Reconstruction of existing road to four lane from Km.56400 to Km 120300 i.e. from B.Kothapalli Junction to Gorantla excluding Kadiri Bypass from Km 70200 to Km 77105 of NH 716G in the State of Andhra Pradesh on EPC mode Job no. 742,840,,355.56,99,2025-12-31,2026-04-30,2022-03-31,120,1,,,0.4233,42.33,2025,2026,2022.0,Ministry of Statistics and Programme Implementation,Infrastructure and Project Monitoring Division,PAIMANA,Projects Report - Public Dashboard,March 2026,True,False
1625,Roads & Highways,Ministry of Road Transport & Highways,MoRTH,618242,Widening and Reconstruction to 4-lane/4-lane with service road including structures from Pokharia More at Km 47.600 Ex. Km 50.230 to Govindpur at km 62.949 Ex. Km 65.325 of Nh-419 in the State of Jharkhand on EPC mode.,300,,76.93,45,2026-01-03,2026-06-30,2022-05-09,178,1,,,0.2564,25.64,2026,2026,2022.0,Ministry of Statistics and Programme Implementation,Infrastructure and Project Monitoring Division,PAIMANA,Projects Report - Public Dashboard,March 2026,True,False
1626,Roads & Highways,Ministry of Road Transport & Highways,MoRTH,617982,Widening and strengthening of existing 2-lane to 2- lane with paved shoulders from km 159/0 to 165/4 and 186/0 to 215/0 of NH-163 on EPC mode int the state of Telangana,230,,0.0,0,2019-11-30,2020-12-03,2018-01-19,369,1,,,0.0,0.0,2019,2020,2018.0,Ministry of Statistics and Programme Implementation,Infrastructure and Project Monitoring Division,PAIMANA,Projects Report - Public Dashboard,March 2026,True,False
1627,Roads & Highways,Ministry of Road Transport & Highways,MoRTH,618060,Widening and Strengthening of existing paveemnt to two lane with paved shoulders from km 116.00 to km 176.355 of NH-75E in the State of Jharkhand on EPC mode.,315,,129.54,87,2024-07-16,2026-04-30,2022-01-21,653,1,,,0.4112,41.12,2024,2026,2022.0,Ministry of Statistics and Programme Implementation,Infrastructure and Project Monitoring Division,PAIMANA,Projects Report - Public Dashboard,March 2026,True,False
1631,Roads & Highways,Ministry of Road Transport & Highways,MoRTH,618106,Widening and Strengthening to 2/4 lane with paved shoulders of Mahabubnagar Chincholi section from Km 0/0 to Km 60/255 of NH-167N in the state of Telangana under Annual plan 2021-22 on EPC modepackage-I under NHO Job No.167N-TS-2021-22-75,704,,279.58,91,2025-01-18,2026-03-31,2022-01-24,437,1,,,0.3971,39.71,2025,2026,2022.0,Ministry of Statistics and Programme Implementation,Infrastructure and Project Monitoring Division,PAIMANA,Projects Report - Public Dashboard,March 2026,True,False
1632,Roads & Highways,Ministry of Road Transport & Highways,MoRTH,617920,Widening and Strengthening to 2LPS including LA from km 318.970 to 353.450 Balikuda-Mulkani Section of NH-55 under NHO in Annual Plan 2022-23 in the State of Odisha. Job No. NH-55-OD-2022-23-656,512,,0.0,3,2027-06-02,2027-06-02,2022-01-24,0,0,,,0.0,0.0,2027,2027,2022.0,Ministry of Statistics and Programme Implementation,Infrastructure and Project Monitoring Division,PAIMANA,Projects Report - Public Dashboard,March 2026,True,False
1633,Roads & Highways,Ministry of Road Transport & Highways,MoRTH,617921,Widening and strengthening to 2LPS including LA of Kandarpur-Balikuda from km 277/500 to 318/970 of NH-55 in the State of Odisha under Annual Plan 2021-22.,500,,129.74,61,2025-06-04,2026-05-31,2022-03-24,361,1,,,0.2595,25.95,2025,2026,2022.0,Ministry of Statistics and Programme Implementation,Infrastructure and Project Monitoring Division,PAIMANA,Projects Report - Public Dashboard,March 2026,True,False
1634,Roads & Highways,Ministry of Road Transport & Highways,MoRTH,618105,Widening and strengthening to 4 lane / 2-lane with paved shoulders of Mahabubnagar - Chincholi section from km 60/255 to Km 102/834 of NH-167N in the State of Telangana on EPC mode.,631,,92.56,31,2025-10-08,2026-11-02,2022-03-07,390,1,,,0.1467,14.67,2025,2026,2022.0,Ministry of Statistics and Programme Implementation,Infrastructure and Project Monitoring Division,PAIMANA,Projects Report - Public Dashboard,March 2026,True,False
1635,Roads & Highways,Ministry of Road Transport & Highways,MoRTH,617899,Widening and Strengthening to 4LPS/2LPS from km 0.000 to 35.800 Kuakhia - Mangalpur section of NH 20 in the state of Odisha on Annual Plan 2021-22,636,,292.73,56,2026-02-06,2026-11-30,2022-03-31,297,1,,,0.4603,46.03,2026,2026,2022.0,Ministry of Statistics and Programme Implementation,Infrastructure and Project Monitoring Division,PAIMANA,Projects Report - Public Dashboard,March 2026,True,False
1636,Roads & Highways,Ministry of Road Transport & Highways,MoRTH,618264,"Widening and Strengthening to two Lane with Paved Shoulder/Four Lane with paved shoulder configuration from km. 61.500 of NH-727B near Nawalpur km 178.500 of Sonauli Balia Marg, Old SH-01 i.e. end point of Salempur Bypass to km. 106.495 of NH-727B near Sikanderpur under EPC mode",2062,,0.0,20,2028-05-30,2028-05-30,2023-05-17,0,0,,,0.0,0.0,2028,2028,2023.0,Ministry of Statistics and Programme Implementation,Infrastructure and Project Monitoring Division,PAIMANA,Projects Report - Public Dashboard,March 2026,True,False
1637,Roads & Highways,Ministry of Road Transport & Highways,MoRTH,618222,Widening and Strengthening up gradation to 2 lane with paved shoulder from existing chainage Km 192.98 to Km 229.820 design chainage Km 162.800 to Km 198.18 under 31 BRTF on Akhnoor-Poonch Road NH-144A in the UT of Jammu and Kashmir under Project Sampark Border Roads Organisation BRO on EPC Mode Package-VIII Job No NH-144A-J&K-2022-2023-111,562,,127.97,69,2026-01-04,2026-09-30,2022-10-06,269,1,,,0.2277,22.77,2026,2026,2022.0,Ministry of Statistics and Programme Implementation,Infrastructure and Project Monitoring Division,PAIMANA,Projects Report - Public Dashboard,March 2026,True,False
1639,Roads & Highways,Ministry of Road Transport & Highways,NHIDCL,618380,Widening and Up-gradation to 2- Lane with Paved Shoulder Configuration and geometric improvement from Km. 125. 000 to Km 166 Package-3 on Aizawl Tuipang Section of NH-54 in the State of Mizoram Package-3,867,,159.47,98,2023-04-24,2025-04-03,2019-09-30,710,1,,,0.1839,18.39,2023,2025,2019.0,Ministry of Statistics and Programme Implementation,Infrastructure and Project Monitoring Division,PAIMANA,Projects Report - Public Dashboard,March 2026,True,False
1640,Roads & Highways,Ministry of Road Transport & Highways,NHIDCL,618384,Widening and Up-gradation to 2- Lane with Paved Shoulder Configuration and geometric improvement from Km. 166. 000 to Km 208.000 Package-4 on Aizawl Tuipang Section of NH-54 in the State of Mizoram Package-4,899,,191.59,100,2023-04-24,2025-04-20,2019-09-30,727,1,,,0.2131,21.31,2023,2025,2019.0,Ministry of Statistics and Programme Implementation,Infrastructure and Project Monitoring Division,PAIMANA,Projects Report - Public Dashboard,March 2026,True,False
1642,Roads & Highways,Ministry of Road Transport & Highways,NHIDCL,618381,Widening and up-gradation to 2-lane with paved shoulder configuration and geometric improvements from km 250.00 Lunglei to km 298.00 on Aizawl-Tuipang section under JICA ODA Loan assistance Phase-I Package-6,769,,168.78,99,2023-06-16,2025-05-15,2019-09-30,699,1,,,0.2195,21.95,2023,2025,2019.0,Ministry of Statistics and Programme Implementation,Infrastructure and Project Monitoring Division,PAIMANA,Projects Report - Public Dashboard,March 2026,True,False
1643,Roads & Highways,Ministry of Road Transport & Highways,NHIDCL,618382,Widening and up-gradation to 2-lane with paved shoulder configuration and geometric improvements from km 298.00 to km 339.00 on Aizawl-Tuipang section under JICA ODA Loan assistance Phase-I Package-7,606,750.32,0.01,100,2024-04-01,2025-05-31,2019-09-30,425,1,144.32000000000005,23.82,0.0,0.0,2024,2025,2019.0,Ministry of Statistics and Programme Implementation,Infrastructure and Project Monitoring Division,PAIMANA,Projects Report - Public Dashboard,March 2026,True,False
1644,Roads & Highways,Ministry of Road Transport & Highways,NHIDCL,618383,Widening and up-gradation to 2-lane with paved shoulder configuration and geometric improvements from km 339.00 to km 380.00 Siaha on Aizawl-Tuipang section under JICA ODA Loan assistance Phase-I Package-8,637,,101.89,100,2023-09-15,2025-06-30,2019-09-30,654,1,,,0.16,16.0,2023,2025,2019.0,Ministry of Statistics and Programme Implementation,Infrastructure and Project Monitoring Division,PAIMANA,Projects Report - Public Dashboard,March 2026,True,False
1645,Roads & Highways,Ministry of Road Transport & Highways,NHIDCL,618397,Widening and Up-gradation to 2-Lane with Paved Shoulder of configuration and geometric improvement from Km 0.000 to Km 16.990 on Chenani Sudhmahadev section of NH-244 in UT of Jammu and Kashmir to be executed on EPC basis,256,,0.0,0,2020-11-21,2022-02-04,2018-03-14,440,1,,,0.0,0.0,2020,2022,2018.0,Ministry of Statistics and Programme Implementation,Infrastructure and Project Monitoring Division,PAIMANA,Projects Report - Public Dashboard,March 2026,True,False
1647,Roads & Highways,Ministry of Road Transport & Highways,MoRTH,618193,Widening of Existing Road to Two Lane with Paved Shoulder Configuration from Km 0.00 to 26.000 & Km 45.200 To 59.622 Of NH 365BB in the State of Andhra Pradesh Under Annual Plan 2023-24 through EPC Mode,369,,37.37,23,2026-12-23,2026-10-23,2024-01-17,0,0,,,0.1013,10.13,2026,2026,2024.0,Ministry of Statistics and Programme Implementation,Infrastructure and Project Monitoring Division,PAIMANA,Projects Report - Public Dashboard,March 2026,True,False
1648,Roads & Highways,Ministry of Road Transport & Highways,MoRTH,617886,Widening of existing Single lane / Intermediate lane road to 2 lane from Km 101 to Km 125 of NH 61,252,,0.0,44,2026-06-17,2026-12-31,2020-06-23,197,1,,,0.0,0.0,2026,2026,2020.0,Ministry of Statistics and Programme Implementation,Infrastructure and Project Monitoring Division,PAIMANA,Projects Report - Public Dashboard,March 2026,True,False
1650,Roads & Highways,Ministry of Road Transport & Highways,MoRTH,617901,Widening of Pachpadra-Bagundi Section to 4 Lane from Km 73/60 to 95/70 of NH-25 on EPC mode in the state of Rajasthan.,195,,48.47,99,2024-12-11,2026-03-31,2022-01-13,475,1,,,0.2486,24.86,2024,2026,2022.0,Ministry of Statistics and Programme Implementation,Infrastructure and Project Monitoring Division,PAIMANA,Projects Report - Public Dashboard,March 2026,True,False
1651,Roads & Highways,Ministry of Road Transport & Highways,NHIDCL,618337,Widening to 2 -Lane with Paved shoulder of Imphal to Jiribam section of NH-37 from Design Chainage 33.000 km to 66.390 Km Existing Chainage from km 33.395 to km 67.496 on EPC Mode in Manipur PKG-3,467,,568.72,86,2023-03-19,2026-03-02,2021-03-31,1079,1,,,1.2178,121.78,2023,2026,2021.0,Ministry of Statistics and Programme Implementation,Infrastructure and Project Monitoring Division,PAIMANA,Projects Report - Public Dashboard,March 2026,True,False
1652,Roads & Highways,Ministry of Road Transport & Highways,NHIDCL,618336,Widening to 2 -Lane with Paved shoulder of Imphal to Jiribam section of NH-37 from Design Chainage 66.110 km to 101.280 Km Existing Chainage km 67.496 to km 103.557 on EPC Mode in Manipur PKG-4,580,,377.13,84,2023-12-29,2026-07-31,2021-09-02,945,1,,,0.6502,65.02,2023,2026,2021.0,Ministry of Statistics and Programme Implementation,Infrastructure and Project Monitoring Division,PAIMANA,Projects Report - Public Dashboard,March 2026,True,False
1654,Roads & Highways,Ministry of Road Transport & Highways,NHIDCL,618364,"Widening to 2 Lane with Hard shoulder of Akegwo-Avangkhu section of NH-202K for Package-I Design Chainage 0000 Km to 34795 Km, in the State of Nagaland on EPC mode under NH O-NE",430,,0.0,87,2026-02-23,2026-02-23,2022-12-16,0,0,,,0.0,0.0,2026,2026,2022.0,Ministry of Statistics and Programme Implementation,Infrastructure and Project Monitoring Division,PAIMANA,Projects Report - Public Dashboard,March 2026,True,False
1655,Roads & Highways,Ministry of Road Transport & Highways,NHIDCL,618366,Widening to 2 Lane with Hard shoulder of Akegwo-Avangkhu section of NH-202K for Package-II Design Chainage 34795 Km to 69875 Km in the State of Nagaland on EPC mode under NHO-NE,443,,0.0,51,2026-02-23,2026-02-23,2022-12-16,0,0,,,0.0,0.0,2026,2026,2022.0,Ministry of Statistics and Programme Implementation,Infrastructure and Project Monitoring Division,PAIMANA,Projects Report - Public Dashboard,March 2026,True,False
1656,Roads & Highways,Ministry of Road Transport & Highways,NHIDCL,618365,Widening to 2 Lane with Hard shoulder of Akegwo-Avangkhu section of NH-202K for Package-III Design Chainage 69875 Km to 106816 Km in the State of Nagaland on EPC mode under NHO-NE,497,,0.0,86,2026-02-25,2026-02-25,2022-12-16,0,0,,,0.0,0.0,2026,2026,2022.0,Ministry of Statistics and Programme Implementation,Infrastructure and Project Monitoring Division,PAIMANA,Projects Report - Public Dashboard,March 2026,True,False
1657,Roads & Highways,Ministry of Road Transport & Highways,MoRTH,618122,Widening to 2 lane with paved shoulded of Jareikela Jharkhand/Odisha Border - Dhabaleswar section from 0/0 to 36/0 of NH-320D in the State of Odisha under Annual Plan 2021-22.,172,,0.0,20,2026-10-13,2026-10-13,2022-03-22,0,0,,,0.0,0.0,2026,2026,2022.0,Ministry of Statistics and Programme Implementation,Infrastructure and Project Monitoring Division,PAIMANA,Projects Report - Public Dashboard,March 2026,True,False
1658,Roads & Highways,Ministry of Road Transport & Highways,MoRTH,618030,Widening to 2 lane with paved shoulder from Km. 103.225 Pattadakal to Km. 133.00 Shirur cross of NH-367 in the state of Karnataka on EPC Mode.Job No. NH-367-KNT-2021-22-934,264,,3.58,0,2024-05-27,2026-12-31,2022-02-09,948,1,,,0.0136,1.36,2024,2026,2022.0,Ministry of Statistics and Programme Implementation,Infrastructure and Project Monitoring Division,PAIMANA,Projects Report - Public Dashboard,March 2026,True,False
1659,Roads & Highways,Ministry of Road Transport & Highways,NHIDCL,618335,Widening to 2 Lane with Paved shoulder of lmphal to Jiribam section of NH-37 from Design Ch. from Km 101280 Near Khongsang Village to Km 131280 near Puilon Kambiron Village on EPC Mode in Manipur PKG-5,411,,339.14,88,2024-05-12,2026-06-30,2021-12-03,779,1,,,0.8252,82.52,2024,2026,2021.0,Ministry of Statistics and Programme Implementation,Infrastructure and Project Monitoring Division,PAIMANA,Projects Report - Public Dashboard,March 2026,True,False
1660,Roads & Highways,Ministry of Road Transport & Highways,NHIDCL,618334,Widening to 2 Lane with Paved shoulder of lmphal to Jiribam section of NH-37 from Design Ch. from km 131.280 to km 169.570 on EPC mode in Manipur under NHO-TSP PKG-6,505,,308.06,95,2025-02-06,2026-05-31,2021-12-13,479,1,,,0.61,61.0,2025,2026,2021.0,Ministry of Statistics and Programme Implementation,Infrastructure and Project Monitoring Division,PAIMANA,Projects Report - Public Dashboard,March 2026,True,False
1661,Roads & Highways,Ministry of Road Transport & Highways,NHIDCL,618333,Widening to 2 lane with Paved shoulder of lmphal to Jiribam section of NH-37 from Design Ch. from km 169570 Near Nungkao vlllage under Tamenglong District to km 205974 near Jiribam Bridge under Jiribam district under NHO-NE PKG-7,760,,414.38,90,2025-12-28,2026-06-30,2023-01-03,184,1,,,0.5452,54.52,2025,2026,2023.0,Ministry of Statistics and Programme Implementation,Infrastructure and Project Monitoring Division,PAIMANA,Projects Report - Public Dashboard,March 2026,True,False
1662,Roads & Highways,Ministry of Road Transport & Highways,MoRTH,618130,Widening to 2 lane with paved shoulders from 0.00 to 32.970 ofAdilabadto Bela section of NH 353B in the State of Telangana,491,,0.0,74,2026-05-03,2026-05-03,2022-10-26,0,0,,,0.0,0.0,2026,2026,2022.0,Ministry of Statistics and Programme Implementation,Infrastructure and Project Monitoring Division,PAIMANA,Projects Report - Public Dashboard,March 2026,True,False
1663,Roads & Highways,Ministry of Road Transport & Highways,MoRTH,618147,Widening to 2 Lane with Paved Shoulders from design Km 103.200 Existing Km 103.200 to design Km 116.700 Existing Km 118.470 on AP/KNT Border to Sira Section of NH-544E in the State of Karnatakaon EPC mode under Annual plan 2022-23,167,,35.33,40,2025-09-09,2026-08-31,2023-01-13,356,1,,,0.2116,21.16,2025,2026,2023.0,Ministry of Statistics and Programme Implementation,Infrastructure and Project Monitoring Division,PAIMANA,Projects Report - Public Dashboard,March 2026,True,False
1664,Roads & Highways,Ministry of Road Transport & Highways,MoRTH,618183,Widening to 2 lane with paved shoulders from Km 62/920 to km 106/830 of Medak - Yellareddy section in the State of Telangana under Annual Plan 2022-23 on EPC mode under NHO,399,,0.0,64,2026-08-20,2026-08-20,2022-10-14,0,0,,,0.0,0.0,2026,2026,2022.0,Ministry of Statistics and Programme Implementation,Infrastructure and Project Monitoring Division,PAIMANA,Projects Report - Public Dashboard,March 2026,True,False
1665,Roads & Highways,Ministry of Road Transport & Highways,MoRTH,618196,Widening to 2 lane with Paved Shoulders of Siddipet-Elkathurthy section from Km 69/978 to km 133/619 of NH-765DG in the State of Telangana under Annual plan 2021-22 on EPC mode,579,,0.0,85,2024-12-21,2026-06-30,2022-01-18,556,1,,,0.0,0.0,2024,2026,2022.0,Ministry of Statistics and Programme Implementation,Infrastructure and Project Monitoring Division,PAIMANA,Projects Report - Public Dashboard,March 2026,True,False
1666,Roads & Highways,Ministry of Road Transport & Highways,MoRTH,618197,Widening to 2 lane with Paved Shoulders of Medak - Siddipet section from Km 0/0 to km 69/978 of NH-765DG in the State of Telangana under Annual plan 2021-22 on EPC mode,882,,347.58,74,2025-01-30,2026-06-30,2022-01-20,516,1,,,0.3941,39.41,2025,2026,2022.0,Ministry of Statistics and Programme Implementation,Infrastructure and Project Monitoring Division,PAIMANA,Projects Report - Public Dashboard,March 2026,True,False
1667,Roads & Highways,Ministry of Road Transport & Highways,MoRTH,618070,Widening to 2 Lanes with paved shoulders from Km.87/000 to 133/720 Nattukal to Thanau Jn. in Palakkad of NH-966 Old NH-213 on EPC mode Basis under NHO Annual Plan 2016-17 in the state of Kerala,294,315.63,0.0,98,2019-08-22,2026-04-30,2017-02-10,2443,1,21.629999999999995,7.36,0.0,0.0,2019,2026,2017.0,Ministry of Statistics and Programme Implementation,Infrastructure and Project Monitoring Division,PAIMANA,Projects Report - Public Dashboard,March 2026,True,False
1668,Roads & Highways,Ministry of Road Transport & Highways,MoRTH,618207,Widening to 2-lane with Hard Shoulder configuration of Mana Ch. 0.00 to Mana Pass Ch. 50.987 road on NH-07 under Bharatmala Pariyojna in the state of Uttarakhand under Annual Plan 2022-23 length 50.987,574,,0.0,21,2027-10-03,2028-10-03,2022-10-19,366,1,,,0.0,0.0,2027,2028,2022.0,Ministry of Statistics and Programme Implementation,Infrastructure and Project Monitoring Division,PAIMANA,Projects Report - Public Dashboard,March 2026,True,False
1669,Roads & Highways,Ministry of Road Transport & Highways,NHIDCL,618345,Widening to 2-lane with Hard shoulder of Churachandpur to Tuivai Section from Km 48.587 to Km 69.875 in the State of Manipur on EPC mode under NHO Package-2B,366,,187.39,85,2022-08-04,2026-05-28,2020-06-18,1393,1,,,0.512,51.2,2022,2026,2020.0,Ministry of Statistics and Programme Implementation,Infrastructure and Project Monitoring Division,PAIMANA,Projects Report - Public Dashboard,March 2026,True,False
1670,Roads & Highways,Ministry of Road Transport & Highways,NHIDCL,618344,Widening to 2-lane with Hard shoulder of Churachandpur to Tuivai Section of NH-102B from Design Chainage 69.875 Km to 121.769 Km in the State of Manipur on EPC mode Package-3,673,,500.96,83,2023-08-24,2026-12-31,2021-03-31,1225,1,,,0.7444,74.44,2023,2026,2021.0,Ministry of Statistics and Programme Implementation,Infrastructure and Project Monitoring Division,PAIMANA,Projects Report - Public Dashboard,March 2026,True,False
1671,Roads & Highways,Ministry of Road Transport & Highways,NHIDCL,618347,Widening to 2-lane with Hard shoulder of Churachandpur to Tuivai Section of NH-102B from km 13.747 to km 32.835 in the State of Manipur on EPC mode under NHO Package-1B,242,,152.85,97,2022-06-30,2026-03-31,2020-04-27,1370,1,,,0.6316,63.16,2022,2026,2020.0,Ministry of Statistics and Programme Implementation,Infrastructure and Project Monitoring Division,PAIMANA,Projects Report - Public Dashboard,March 2026,True,False
1672,Roads & Highways,Ministry of Road Transport & Highways,NHIDCL,618346,Widening to 2-lane with Hard shoulder of Churachandpur to Tuivai Section of NH-102B from km 32.835 to km 48.587 in the State of Manipur on EPC mode under NHO Package-2A,233,,149.21,96,2022-06-30,2026-03-28,2020-04-27,1367,1,,,0.6404,64.04,2022,2026,2020.0,Ministry of Statistics and Programme Implementation,Infrastructure and Project Monitoring Division,PAIMANA,Projects Report - Public Dashboard,March 2026,True,False
1673,Roads & Highways,Ministry of Road Transport & Highways,MoRTH,618084,Widening to 2-lane with paved shoulder from km 0.00 to 44.00 Kuru-Ghaghra section of NH-143A including re-construction of culverts and bridges.,153,133.67,84.74,93,2023-08-08,2026-03-31,2020-02-14,966,1,-19.330000000000013,-12.63,0.5539,55.39,2023,2026,2020.0,Ministry of Statistics and Programme Implementation,Infrastructure and Project Monitoring Division,PAIMANA,Projects Report - Public Dashboard,March 2026,True,False
1674,Roads & Highways,Ministry of Road Transport & Highways,NHIDCL,618338,Widening to 2-Lane with Paved shoulder of Imphal to Jiribam section of NH-37 from Design Chainage 15.940 km to 33.120 Km Existing Chainage Km 15.946 to Km 33.395 Total length17.180 Km in the State of Manipur on EPC mode PKG-2 - Balance Works & Rectification works,195,,0.0,76,2026-03-18,2026-05-31,2021-03-31,74,1,,,0.0,0.0,2026,2026,2021.0,Ministry of Statistics and Programme Implementation,Infrastructure and Project Monitoring Division,PAIMANA,Projects Report - Public Dashboard,March 2026,True,False
1675,Roads & Highways,Ministry of Road Transport & Highways,MoRTH,618000,Widening to 2-Lane with Paved Shoulders from Km 116.800 to 149.070Design Changes on Hosadurga - Holalkere Section of NH-173 in the State of Karnataka on EPC mode under Annual Plan 2021-22 Job no. NH-173-KNT-2021-22-946,170,147.39,106.85,93,2024-02-24,2026-04-30,2022-03-30,796,1,-22.610000000000014,-13.3,0.6285,62.85,2024,2026,2022.0,Ministry of Statistics and Programme Implementation,Infrastructure and Project Monitoring Division,PAIMANA,Projects Report - Public Dashboard,March 2026,True,False
1676,Roads & Highways,Ministry of Road Transport & Highways,MoRTH,617996,Widening to 2/4 Lane with paved shoulders from Km 182.120 to Km 227.600 of NH 167 on Haggari-Jadcherla Road on EPC mode under NHO in the state of Telangana,298,,234.7,96,2019-02-20,2026-03-31,2016-10-06,2596,1,,,0.7876,78.76,2019,2026,2016.0,Ministry of Statistics and Programme Implementation,Infrastructure and Project Monitoring Division,PAIMANA,Projects Report - Public Dashboard,March 2026,True,False
1677,Roads & Highways,Ministry of Road Transport & Highways,MoRTH,617927,Widening to 2LPS between Km 0/0 to 56/0 Khokhara Gujarat Border Vijayanagar Antrasuba Mathasur road of NH 58 in the State of Gujarat,699,,0.0,22,2027-09-22,2027-09-22,2024-03-15,0,0,,,0.0,0.0,2027,2027,2024.0,Ministry of Statistics and Programme Implementation,Infrastructure and Project Monitoring Division,PAIMANA,Projects Report - Public Dashboard,March 2026,True,False
1678,Roads & Highways,Ministry of Road Transport & Highways,MoRTH,618185,Widening to 2LPS from Km 0.000 to 37.850 Except Ex. Km 24.45 to 27.20 of NH-766c Byndoor-Ranebennur Section in the state of Karnataka on EPC Mode under Annual Plan 2022-23 NH-766C-KNT-2022-23-969 dated 30.12.2022,395,,0.0,0,2027-08-07,2027-08-06,2022-12-30,0,0,,,0.0,0.0,2027,2027,2022.0,Ministry of Statistics and Programme Implementation,Infrastructure and Project Monitoring Division,PAIMANA,Projects Report - Public Dashboard,March 2026,True,False
1679,Roads & Highways,Ministry of Road Transport & Highways,MoRTH,617999,Widening to 2LPS from Km 67 to Km 115 on Kadur-Hosadurga section NH 173 in the state of Karnataka NH-173-KNT-2022-23-980 dated 13.03.2023,472,,80.08,64,2026-04-16,2026-10-30,2023-03-13,197,1,,,0.1697,16.97,2026,2026,2023.0,Ministry of Statistics and Programme Implementation,Infrastructure and Project Monitoring Division,PAIMANA,Projects Report - Public Dashboard,March 2026,True,False
1680,Roads & Highways,Ministry of Road Transport & Highways,MoRTH,618027,Widening to 2LPS from Km 71.00 to 104.00 Existing chainages Sarjapur to Pattadkallu on Bhanapur to Gaddanakeri section NH-367 in the State of Karnataka under NHO on EPC mode under Annual Plan 2022-23 NH-367-KNT-2022-23-972 dated 08.02.2023,446,,0.0,65,2026-03-15,2026-03-15,2023-02-09,0,0,,,0.0,0.0,2026,2026,2023.0,Ministry of Statistics and Programme Implementation,Infrastructure and Project Monitoring Division,PAIMANA,Projects Report - Public Dashboard,March 2026,True,False
1681,Roads & Highways,Ministry of Road Transport & Highways,MoRTH,618109,Widening to 4 lane from Km 51.60 to 76.20 Hebri to Parkala and from Km 85.20 to 88.90 Karavali junction to Malpe of Thirthahalli-Udupi-Malpe Section of NH-169A in the State of Karnataka on EPC Mode under Annual plan 2021-22 Job No. NH-169A-KNT-2021-22-927,356,,179.25,77,2024-12-26,2026-05-31,2022-01-12,521,1,,,0.5035,50.35,2024,2026,2022.0,Ministry of Statistics and Programme Implementation,Infrastructure and Project Monitoring Division,PAIMANA,Projects Report - Public Dashboard,March 2026,True,False
1682,Roads & Highways,Ministry of Road Transport & Highways,MoRTH,618249,Widening to 4 lane from km. 108.50 to km 139.00 of NH-135A Pkg-II Jaunpur Akbarpur section on Hybrid Annuity Mode in the state of Uttar Pradesh,1512,,0.0,32,2027-03-29,2027-03-29,2023-03-29,0,0,,,0.0,0.0,2027,2027,2023.0,Ministry of Statistics and Programme Implementation,Infrastructure and Project Monitoring Division,PAIMANA,Projects Report - Public Dashboard,March 2026,True,False
1683,Roads & Highways,Ministry of Road Transport & Highways,MoRTH,618029,Widening to 4 lane from Km. 133.00 to 158.04 design Chainage Km. 130.88 to 155.145 Shirur Cross to Gaddankeri of NH-367 in the State of Karnataka on EPC mode. Job No. NH-367-KNT-2021-22-930,351,312.06,191.38,78,2025-01-17,2027-01-16,2022-01-24,729,1,-38.94,-11.09,0.5452,54.52,2025,2027,2022.0,Ministry of Statistics and Programme Implementation,Infrastructure and Project Monitoring Division,PAIMANA,Projects Report - Public Dashboard,March 2026,True,False
1685,Roads & Highways,Ministry of Road Transport & Highways,National Highways Authority of India [NHAI],619087,Widening to 6L of Existing 4L Jetpur - Gondal - Rajkot Section from Km. 117.600 to Km. 185.00 on NH-27,2070,1390.29,807.97,64,2025-09-26,2027-01-31,2022-03-21,492,1,-679.71,-32.84,0.3903,39.03,2025,2027,2022.0,Ministry of Statistics and Programme Implementation,Infrastructure and Project Monitoring Division,PAIMANA,Projects Report - Public Dashboard,March 2026,True,False
1686,Roads & Highways,Ministry of Road Transport & Highways,MoRTH,617998,Widening to existing 2 lane with paved Shoulder to 4 Lane with paved shoulder from design Km 153.00 to 168.27 Mala Gate to Karkala of NH -169 on Shimoga - Mangalore section in the state of Karnataka on EPC mode under Annula Plan 2021-22 Job No. NH-169-KNT-2021-22-949,178,,106.78,75,2025-02-13,2026-03-31,2022-03-30,411,1,,,0.5999,59.99,2025,2026,2022.0,Ministry of Statistics and Programme Implementation,Infrastructure and Project Monitoring Division,PAIMANA,Projects Report - Public Dashboard,March 2026,True,False
1687,Roads & Highways,Ministry of Road Transport & Highways,MoRTH,618072,Widening to Existing single lane /intermediate lane to 2 lane from Km185.00 to Km 220.00 of NH-61 New NH-02 in the state of Nagaland.,297,,149.19,100,2024-07-20,2026-03-31,2021-03-31,619,1,,,0.5023,50.23,2024,2026,2021.0,Ministry of Statistics and Programme Implementation,Infrastructure and Project Monitoring Division,PAIMANA,Projects Report - Public Dashboard,March 2026,True,False
1689,Roads & Highways,Ministry of Road Transport & Highways,MoRTH,618168,Widening to four lane with paved shoulder from Design Km.49.200 to Km.89.285 of NH-731B on EPC mode in the state of Uttar Pradesh,918,965.3,128.0,51,2026-01-14,2027-01-31,2022-03-31,382,1,47.299999999999955,5.15,0.1394,13.94,2026,2027,2022.0,Ministry of Statistics and Programme Implementation,Infrastructure and Project Monitoring Division,PAIMANA,Projects Report - Public Dashboard,March 2026,True,False
1690,Roads & Highways,Ministry of Road Transport & Highways,MoRTH,618087,Widening to intermediate/two lane to 2 lane with paved shoulder from Existing chanages Km 112.750 to 142.00 Liingasur to Mudabal cross & from Km. 147.070 to Km. 149.070 Maski city limit of Jewargi Chamrajnagar setion of NH-150A in the state of Karnataka on EPC mode. Job No. NH-150A-KNT-2021-22-951,256,,179.66,93,2024-07-17,2026-05-15,2022-03-30,667,1,,,0.7018,70.18,2024,2026,2022.0,Ministry of Statistics and Programme Implementation,Infrastructure and Project Monitoring Division,PAIMANA,Projects Report - Public Dashboard,March 2026,True,False
1692,Roads & Highways,Ministry of Road Transport & Highways,MoRTH,618145,Widening to two lane with paved shoulder of Rampachodavaram - Koyyuru section of NH 516E from Km 43700 to Km 113820 in the State of Andhra Pradesh on EPC mode Job No. 737,568,,298.82,99,2025-01-01,2026-04-30,2022-03-23,484,1,,,0.5261,52.61,2025,2026,2022.0,Ministry of Statistics and Programme Implementation,Infrastructure and Project Monitoring Division,PAIMANA,Projects Report - Public Dashboard,March 2026,True,False
1693,Roads & Highways,Ministry of Road Transport & Highways,MoRTH,618182,Widening to Two lane with paved shoulders from 106/830 to 158/496 of Yellareddy-Rudrur Section of NH-765D in the state of Telangana on EPC mode under NHO under Annual plan 2022-23,500,,187.35,63,2026-07-06,2026-07-06,2022-10-14,0,0,,,0.3747,37.47,2026,2026,2022.0,Ministry of Statistics and Programme Implementation,Infrastructure and Project Monitoring Division,PAIMANA,Projects Report - Public Dashboard,March 2026,True,False
1694,Roads & Highways,Ministry of Road Transport & Highways,MoRTH,618086,"Widening to Two Lane with Paved Shoulders from KB Cross to Chunchanahalli ie., Design Ch. 485240 Km Existing Km 494.000 to Design Ch. 523393 Km Existing km 533.152 & From Design Ch. 530393 Existing Km 540.175 to Design Ch. 534476 Existing Km 544.200 at Nelligere of NH-150A on EPC mode under Annual Plan 2022-23 NH-150A-KNT-2022-23-977 dated 08.03.2023",617,,4.47,33,2027-01-13,2027-01-13,2023-03-08,0,0,,,0.0072,0.72,2027,2027,2023.0,Ministry of Statistics and Programme Implementation,Infrastructure and Project Monitoring Division,PAIMANA,Projects Report - Public Dashboard,March 2026,True,False
1695,Roads & Highways,Ministry of Road Transport & Highways,MoRTH,618095,Widening to Two Lane with Paved Shoulders from Km 0.00 Design Chainage 0.00 to Km 23.338 Design Chainage 23310 of NH-166E MH/KNT Border- Kanamadi- Bijjargi- Tikota section in the state of Karnataka in EPC Mode under Annual plan 2022-23 NH-166E-KNT-2022-23-974,196,,0.0,30,2026-03-05,2026-03-05,2023-02-21,0,0,,,0.0,0.0,2026,2026,2023.0,Ministry of Statistics and Programme Implementation,Infrastructure and Project Monitoring Division,PAIMANA,Projects Report - Public Dashboard,March 2026,True,False
1696,Roads & Highways,Ministry of Road Transport & Highways,MoRTH,618149,Widening to two lane with paved shoulders from Km 0.00 to 102.310 Design Chainage of NH-548B Murrum-Maharashtra Border in the State of Karnataka,957,,211.49,0,2027-01-15,2027-01-15,2023-02-14,0,0,,,0.221,22.1,2027,2027,2023.0,Ministry of Statistics and Programme Implementation,Infrastructure and Project Monitoring Division,PAIMANA,Projects Report - Public Dashboard,March 2026,True,False
1697,Roads & Highways,Ministry of Road Transport & Highways,MoRTH,617985,Widening to two lane with paved shoulders from Km 0/0 to 64/020 Pamarru to Akiveedu,530,588.65,0.0,70,2023-11-16,2026-07-31,2020-03-31,988,1,58.64999999999998,11.07,0.0,0.0,2023,2026,2020.0,Ministry of Statistics and Programme Implementation,Infrastructure and Project Monitoring Division,PAIMANA,Projects Report - Public Dashboard,March 2026,True,False
1698,Roads & Highways,Ministry of Road Transport & Highways,MoRTH,618091,Widening to two lane with paved shoulders from Km 0/000 to Km 45/946 of Nizampet-Narayankhed-bidar section of NH-161B in the state of Telangana under Annual Plan 2021-22 on EPC mode under NHO,513,,117.6,41,2026-02-19,2027-03-23,2022-03-29,397,1,,,0.2292,22.92,2026,2027,2022.0,Ministry of Statistics and Programme Implementation,Infrastructure and Project Monitoring Division,PAIMANA,Projects Report - Public Dashboard,March 2026,True,False
1699,Roads & Highways,Ministry of Road Transport & Highways,MoRTH,618104,Widening to two lane with paved shoulders from Km 0/000 to Km 79/300 of Kalwakurthy - Kollapur section of NH-167K in the state of Telangana under annual plan 2021-22 on EPC mode under NHO.,887,,573.13,78,2025-07-11,2026-06-30,2022-03-31,354,1,,,0.6461,64.61,2025,2026,2022.0,Ministry of Statistics and Programme Implementation,Infrastructure and Project Monitoring Division,PAIMANA,Projects Report - Public Dashboard,March 2026,True,False
1700,Roads & Highways,Ministry of Road Transport & Highways,MoRTH,617955,Widening to two lane with paved Shoulders from Km 40.00 to Km 75.00 Existing chainages of Mangalore - Tumkur section of NH-73 in the State of Karnataka on EPC Mode under Annual Plan 2021-22 Job No NH-73-KNT-2021-22-945,719,,308.84,80,2025-03-26,2026-12-31,2022-03-31,645,1,,,0.4295,42.95,2025,2026,2022.0,Ministry of Statistics and Programme Implementation,Infrastructure and Project Monitoring Division,PAIMANA,Projects Report - Public Dashboard,March 2026,True,False
1701,Roads & Highways,Ministry of Road Transport & Highways,MoRTH,617995,Widening to Two Lane with Paved Shoulders from Km 67.000 to Km 114.425 of Kalwakurthy- Mallapally Section of NH 167 Erstwhile section of SH 18 in the State of Telangana on EPC mode under NH O Annual Plan 2016-17,300,,175.1,99,2019-05-04,2025-12-19,2017-01-20,2421,1,,,0.5837,58.37,2019,2025,2017.0,Ministry of Statistics and Programme Implementation,Infrastructure and Project Monitoring Division,PAIMANA,Projects Report - Public Dashboard,March 2026,True,False
1702,Roads & Highways,Ministry of Road Transport & Highways,MoRTH,618143,widening to two lane with Paved shoulders from Km.0/970 to Km.40/410 of Jangaon - Thirumal giriof NH- 365B in the state of Telanganaon EPC mode under NHO Annual Plan 2016-17,197,,0.0,93,2019-10-31,2019-10-31,2017-03-30,0,0,,,0.0,0.0,2019,2019,2017.0,Ministry of Statistics and Programme Implementation,Infrastructure and Project Monitoring Division,PAIMANA,Projects Report - Public Dashboard,March 2026,True,False
1703,Roads & Highways,Ministry of Road Transport & Highways,MoRTH,618142,Widening to Two lane with Paved shoulders from km.40/410 to 84/037 of Thirumanlagiri-- Suryapet Section of NH-365B earstwhile section of SH-16,245,,0.0,100,2019-05-08,2019-09-30,2017-01-20,145,1,,,0.0,0.0,2019,2019,2017.0,Ministry of Statistics and Programme Implementation,Infrastructure and Project Monitoring Division,PAIMANA,Projects Report - Public Dashboard,March 2026,True,False
1704,Roads & Highways,Ministry of Road Transport & Highways,MoRTH,618190,Widening to two lane with paved shoulders of 'Bodhan Basar Bhainsa ' section from Km 38/900 to 95/300 of NH-161BB in the state of Telangana under Annual Plan 2021-22 on EPC Mode under NH O.,644,,349.38,99,2025-03-16,2026-04-30,2022-03-03,410,1,,,0.5425,54.25,2025,2026,2022.0,Ministry of Statistics and Programme Implementation,Infrastructure and Project Monitoring Division,PAIMANA,Projects Report - Public Dashboard,March 2026,True,False
1705,Roads & Highways,Ministry of Road Transport & Highways,MoRTH,617981,Widening to Two with Paved shoulders from Km 59.500 to Km 132.033 of Manneguda- Ravunapally section of NH-163 Erstwhile SH-4 in the State of Telangana on EPC mode under NH O Annual Plan 2016-17,359,,0.0,100,2019-05-11,2025-12-31,2017-03-30,2426,1,,,0.0,0.0,2019,2025,2017.0,Ministry of Statistics and Programme Implementation,Infrastructure and Project Monitoring Division,PAIMANA,Projects Report - Public Dashboard,March 2026,True,False
1707,Roads & Highways,Ministry of Road Transport & Highways,MoRTH,618140,Widening to two/four lane with paved shoulders from Km.34.250 to Km.71.830 of NH-365A on Kodad-Khammam-Kurvi road.,446,,18.32,11,2027-01-31,2027-01-31,2022-10-14,0,0,,,0.0411,4.11,2027,2027,2022.0,Ministry of Statistics and Programme Implementation,Infrastructure and Project Monitoring Division,PAIMANA,Projects Report - Public Dashboard,March 2026,True,False
1708,Roads & Highways,Ministry of Road Transport & Highways,National Highways Authority of India [NHAI],618905,Widening with additional 3L abetting Chhapra Bypass Section of NH-19 from Km. 143.200 to Km. 159.255 Pkg-1,470,528.48,177.55,65,2026-08-29,2026-08-30,2024-02-28,1,1,58.48000000000002,12.44,0.3778,37.78,2026,2026,2024.0,Ministry of Statistics and Programme Implementation,Infrastructure and Project Monitoring Division,PAIMANA,Projects Report - Public Dashboard,March 2026,True,False
1709,Roads & Highways,Ministry of Road Transport & Highways,MoRTH,618047,"Widening, Reconstruction & Up-gradation to 2 lane with Paved Shoulder/Four Lane configuration for the work of Ahmednagar to Sabalkhed & Ashti to Chinchpur Section of NH-561 from Design km 2915 to km 37728 & Design km 55100 to km 70000 in the State of Maharashtra on EPC mode. Length 49.713 km",657,,0.0,72,2027-05-27,2027-05-27,2024-03-15,0,0,,,0.0,0.0,2027,2027,2024.0,Ministry of Statistics and Programme Implementation,Infrastructure and Project Monitoring Division,PAIMANA,Projects Report - Public Dashboard,March 2026,True,False
1710,Roads & Highways,Ministry of Road Transport & Highways,MoRTH,618138,"Widening, Reconstruction & Up-gradation to 2 lane with Paved Shoulder/Four Lane configuration for the work of Sautada to Shirapur Section of NH-561 from Design km 86300 to km 125589 in the state of Maharashtra on EPC mode. Design length 39.289 km",350,,0.0,37,2026-11-04,2026-11-04,2024-03-15,0,0,,,0.0,0.0,2026,2026,2024.0,Ministry of Statistics and Programme Implementation,Infrastructure and Project Monitoring Division,PAIMANA,Projects Report - Public Dashboard,March 2026,True,False
1711,Roads & Highways,Ministry of Road Transport & Highways,National Highways Authority of India [NHAI],618708,Widening/Development of Existing NH-85 from Km 0.000 to Km 124.636 section to 2L/LPS section in the state of Kerala on EPC Mode under Bharatmala Pariyojana,1187,1265.47,631.69,53,2025-06-25,2026-05-31,2022-09-12,340,1,78.47000000000003,6.61,0.5322,53.22,2025,2026,2022.0,Ministry of Statistics and Programme Implementation,Infrastructure and Project Monitoring Division,PAIMANA,Projects Report - Public Dashboard,March 2026,True,False
1712,Roads & Highways,Ministry of Road Transport & Highways,NHIDCL,618298,Widening/Improvement of existing 2-Lane road to 4-Lane Divided Highway from Sekmai to Nilakuthi section of Imphal-Kohima Road Design Chainage from Km 297700 to Km 308729 of NH-39 New NH-02 in state of Manipur on EPC mode Pkg-5B,212,,227.95,86,2023-01-21,2026-06-30,2021-03-30,1256,1,,,1.0752,107.52,2023,2026,2021.0,Ministry of Statistics and Programme Implementation,Infrastructure and Project Monitoring Division,PAIMANA,Projects Report - Public Dashboard,March 2026,True,False
1713,Roads & Highways,Ministry of Road Transport & Highways,NHIDCL,618301,Widening/Improvement of existing 2-lane to 4-Lane Divided Highway from Kuraopokpi to Sekmai section of Imphal-Kohima Road Design Ch. km 287.00 to 297.700 of NH-39 New NH-02 in state of Manipur on EPC mode Pkg-5A,229,,33.76,42,2026-08-27,2026-08-27,2020-09-01,0,0,,,0.1474,14.74,2026,2026,2020.0,Ministry of Statistics and Programme Implementation,Infrastructure and Project Monitoring Division,PAIMANA,Projects Report - Public Dashboard,March 2026,True,False
1714,Roads & Highways,Ministry of Road Transport & Highways,NHIDCL,618306,"Widening/Improvement to 2 lane with earthen shoulder of Choithar to Marrem Khullen section of NH-202 of Imphal Ukhrul Jessami Economic Corridor from Design Chainage km 53.110 to km 95.700 in the State of Manipur on EPC mode under Bharatmala Pariyojana, under NHO-NE Package-5",564,,72.58,14,2027-03-31,2027-05-06,2023-03-31,36,1,,,0.1287,12.87,2027,2027,2023.0,Ministry of Statistics and Programme Implementation,Infrastructure and Project Monitoring Division,PAIMANA,Projects Report - Public Dashboard,March 2026,True,False
1715,Roads & Highways,Ministry of Road Transport & Highways,NHIDCL,618304,"Widening/Improvement to 2 Lane with earthen shoulder of Jessami to Laynen bridge Nagaland border section of NH-29 of Imphal -Ukhrul - Jessami Economic Corridor from km 0.000 to km 11.009 in the State of Manipur on EPC mode under Bharatmala Pariyojana, under NHO-NE Package-7",165,,125.76,24,2026-06-26,2026-10-31,2023-03-31,127,1,,,0.7622,76.22,2026,2026,2023.0,Ministry of Statistics and Programme Implementation,Infrastructure and Project Monitoring Division,PAIMANA,Projects Report - Public Dashboard,March 2026,True,False
1716,Roads & Highways,Ministry of Road Transport & Highways,NHIDCL,618305,Widening/Improvement to 2 lane with earthen shoulder of Marrem Khullen to Jessami section of NH-202 of Imphal - Ukhrul - Jessami Economic Corridor from Design Chainage km 95.700 to km 140.180 in the State of Manipur on EPC mode under Bharatmala Pariyojana under NHO-NE Package-6,555,,201.52,23,2026-12-07,2026-12-07,2023-03-29,0,0,,,0.3631,36.31,2026,2026,2023.0,Ministry of Statistics and Programme Implementation,Infrastructure and Project Monitoring Division,PAIMANA,Projects Report - Public Dashboard,March 2026,True,False
1718,Roads & Highways,Ministry of Road Transport & Highways,NHIDCL,618303,Widening/Improvement to 2-lane with earthen shoulder of Yaingangpokpi - Finch corner road section of NH-202 from Km 0.000 to Km 16.900 of NH-202 in the state of Manipur on EPC mode Package-1,223,,0.0,89,2022-06-30,2026-04-30,2020-03-13,1400,1,,,0.0,0.0,2022,2026,2020.0,Ministry of Statistics and Programme Implementation,Infrastructure and Project Monitoring Division,PAIMANA,Projects Report - Public Dashboard,March 2026,True,False
1719,Roads & Highways,Ministry of Road Transport & Highways,NHIDCL,618302,Widening/Improvement to 2-lane with earthen shoulder of Yaingangpokpi - Finch corner road section of NH-202 from Km 16.900 to Km 30.970 of NH-202 in the state of Manipur on EPC mode Package-2,256,,0.0,97,2022-06-30,2026-06-30,2020-03-13,1461,1,,,0.0,0.0,2022,2026,2020.0,Ministry of Statistics and Programme Implementation,Infrastructure and Project Monitoring Division,PAIMANA,Projects Report - Public Dashboard,March 2026,True,False
1720,Roads & Highways,Ministry of Road Transport & Highways,NHIDCL,618285,Widening/Improvement to 4 -Lane with Paved Shoulder from Ch. 88.000km to Ch.99.930 km Design Ch.84.100km to Ch.96.000 km of Sagunbashi forest near Nichinta to starting of Krishnai Bypass Section of Bilasipura Guwahati road NH 17 on EPC Package-7,287,,186.64,100,2025-10-25,2026-01-31,2021-03-30,98,1,,,0.6503,65.03,2025,2026,2021.0,Ministry of Statistics and Programme Implementation,Infrastructure and Project Monitoring Division,PAIMANA,Projects Report - Public Dashboard,March 2026,True,False
1721,Roads & Highways,Ministry of Road Transport & Highways,NHIDCL,618371,"Widening/Improvement to 4-Lane with Paved Shoulder configuration of existing single lane road from Srirampur near Bhairiguri Village to Kachukhana Harichara Paglagaunj Package-I of Srirampur - Dhubri Section of NH-127B from existing Km 0.000 to Km 28.050 Design Km 0.000 to Km 27.650, Design Length27.650 Km under JICA ODA Loan assistance Phase-V -Balance work",614,,260.02,78,2026-11-25,2026-11-25,2022-03-11,0,0,,,0.4235,42.35,2026,2026,2022.0,Ministry of Statistics and Programme Implementation,Infrastructure and Project Monitoring Division,PAIMANA,Projects Report - Public Dashboard,March 2026,True,False
1722,Roads & Highways,Ministry of Road Transport & Highways,NHIDCL,618287,"Widening/Improvement to 4-Lane with paved Shoulder from Ch. 25.633 Km to Ch. 52.470 Km Design Ch. 21.850 Km to Ch.48.670 Km for Package-2 of Bilasipura- Guwahati road NH-17 Section Near Mowatari, before Chapar Bypass to Tulungia junction with NH-17 in the state of Assam on HAM mode under NHO-NE Package-2",1339,,0.0,12,2027-06-03,2027-06-03,2023-11-30,0,0,,,0.0,0.0,2027,2027,2023.0,Ministry of Statistics and Programme Implementation,Infrastructure and Project Monitoring Division,PAIMANA,Projects Report - Public Dashboard,March 2026,True,False
1723,Roads & Highways,Ministry of Road Transport & Highways,NHIDCL,618327,Widening/Improvement to 4-Lane with Paved Shoulder from KM 113300 to Km 146230 Design Chainage 113830 to 145712 of Kwaram Taro Village - Dillai Section in Assam on EPC Package-6,626,,0.0,0,2024-07-12,2025-03-31,2021-09-09,262,1,,,0.0,0.0,2024,2025,2021.0,Ministry of Statistics and Programme Implementation,Infrastructure and Project Monitoring Division,PAIMANA,Projects Report - Public Dashboard,March 2026,True,False
1724,Roads & Highways,Ministry of Road Transport & Highways,NHIDCL,618326,Widening/Improvement to 4-Lane with Paved Shoulder from KM 38500 to Km 51246 Design Chainage 38500 to 50959 with proposed Daboka Bypass of Daboka-Parokhaowa of NH 29 on EPC under NHO-NE Package-1,517,,0.0,97,2025-11-29,2026-04-15,2023-01-05,137,1,,,0.0,0.0,2025,2026,2023.0,Ministry of Statistics and Programme Implementation,Infrastructure and Project Monitoring Division,PAIMANA,Projects Report - Public Dashboard,March 2026,True,False
1725,Roads & Highways,Ministry of Road Transport & Highways,NHIDCL,618359,Widening/Improvement to 4-Lane with Paved Shoulder from km 55000 Nagabang Gamsuk to km 82514 Oyan in the State of Assam and Arunachal Pradesh on EPC mode under Bharatmala Pariyojna of Length 27.514 Km Package-3,665,,295.3,96,2027-03-17,2026-05-31,2023-03-31,0,0,,,0.4441,44.41,2027,2026,2023.0,Ministry of Statistics and Programme Implementation,Infrastructure and Project Monitoring Division,PAIMANA,Projects Report - Public Dashboard,March 2026,True,False
1726,Roads & Highways,Ministry of Road Transport & Highways,NHIDCL,618340,Widening/Improvement to 4-Lane with Paved Shoulder from km 626030 Nalani hulla Gaon to km 650450 Chotahapjan on existing Tinsukhia -Makum Bypass of NH-15 OLD NH-37 and Strengthening of existing NH-315 OLD NH-38 from Km 0000 Chotahapjan to Km 16900 Bogapani section 2-Lane PS in Assam on EPCMode under NHO-NE Package-3,459,,217.2,83,2025-05-17,2026-05-31,2023-01-03,379,1,,,0.4732,47.32,2025,2026,2023.0,Ministry of Statistics and Programme Implementation,Infrastructure and Project Monitoring Division,PAIMANA,Projects Report - Public Dashboard,March 2026,True,False
1727,Roads & Highways,Ministry of Road Transport & Highways,NHIDCL,618284,Widening/Improvement to 4-Lane with paved shoulder from Km 99930 to Km 143680 Design Chainage 96000 to 139750 of Paikan to Dhupdhara Sahar of Bilasipura-Guwahati Road on NH-17 in the state of Assam on EPC mode under Bharatmala Pariyojana in Economic Corridors Project Length 43.750km under NHO-NE Package-8,1458,,793.68,77,2026-12-26,2026-12-25,2023-03-07,0,0,,,0.5444,54.44,2026,2026,2023.0,Ministry of Statistics and Programme Implementation,Infrastructure and Project Monitoring Division,PAIMANA,Projects Report - Public Dashboard,March 2026,True,False
1728,Roads & Highways,Ministry of Road Transport & Highways,NHIDCL,618313,Widening/lmprovement of Existing 2 lane to 4-Laning of Karimganj-Silchar section of NH-37 from Design Ch 0.000 near Silchar ISBT to Design Ch 15.970 near Kalinagar Pt I on NH-37 in Assam on HAM Mode Pkg-1,1182,,0.0,0,2027-09-17,2027-09-17,2024-03-11,0,0,,,0.0,0.0,2027,2027,2024.0,Ministry of Statistics and Programme Implementation,Infrastructure and Project Monitoring Division,PAIMANA,Projects Report - Public Dashboard,March 2026,True,False
1729,Roads & Highways,Ministry of Road Transport & Highways,NHIDCL,618310,Widening/lmprovement to 4-L of Karimgani - sutarkandi section of NH 37 from design Ch 0020 Start of proposed Karimganj Bypass from NH -8 to design Chainage Km 14380 near Sutarkandi Spur Connectivity to Indo/Bangladesh Border on Silchar-Churaibari in the State of Assam on HAM Mode Package-7,792,,0.06,33,2027-02-28,2027-02-28,2024-02-28,0,0,,,0.0001,0.01,2027,2027,2024.0,Ministry of Statistics and Programme Implementation,Infrastructure and Project Monitoring Division,PAIMANA,Projects Report - Public Dashboard,March 2026,True,False
1730,Roads & Highways,Ministry of Road Transport & Highways,NHIDCL,618311,Widening/lmprovement to 4-Lane with Paved shoulder for existing as well as Greenfield alignment of Badarpur Churaibari section of NH-8 from Design chainage 87.700 Chandkhira to Km. 106.500 Churaibari section Assam-Tripura border in the state of Assam on HAM Mode Package-6,870,,0.0,31,2027-03-07,2027-03-07,2024-03-04,0,0,,,0.0,0.0,2027,2027,2024.0,Ministry of Statistics and Programme Implementation,Infrastructure and Project Monitoring Division,PAIMANA,Projects Report - Public Dashboard,March 2026,True,False
1731,Roads & Highways,Ministry of Road Transport & Highways,NHIDCL,618288,"Widening/lmprovement to 4-Lane with Paved Shoulder from Ch.5.580 Km to Ch.25.633 Km Design Ch.0.000 Km to Ch.17.737km Km 901.100 to Km 921.145 of old NH-31 of Bilasipara- Guwahati road NH-17 Section Near Chirakuta to near Mowatari, before Chapar Bypass in the state ol Assam on HAM mode Package-1",1081,,0.0,25,2027-08-04,2027-08-04,2024-02-07,0,0,,,0.0,0.0,2027,2027,2024.0,Ministry of Statistics and Programme Implementation,Infrastructure and Project Monitoring Division,PAIMANA,Projects Report - Public Dashboard,March 2026,True,False
1732,Roads & Highways,Ministry of Road Transport & Highways,NHIDCL,618312,Widening/lmprovement to 4-Lane with Paved Shoulder from existing road and Greenfield alignment form Design Ch. 62.800 start of proposed Nilambazar/Cheragi Bypass to Design Ch. 87.700 near Chandkhira Village of NH-8 on Silchar-Churaibari in the state of Assam on HAM Mode Package-5,1258,,0.0,11,2027-10-23,2027-10-23,2024-02-27,0,0,,,0.0,0.0,2027,2027,2024.0,Ministry of Statistics and Programme Implementation,Infrastructure and Project Monitoring Division,PAIMANA,Projects Report - Public Dashboard,March 2026,True,False
1733,Roads & Highways,Ministry of Road Transport & Highways,NHIDCL,618309,Widening/lmprovement to 4-Laning and Greenfield alignment with Paved shoulder of Silchar-Badarpur Churaibari section of NH-37 & NH-8 from Design chainage 38.600 End point of proposed Badarpur Bypass to Km. 62.800 Start point of proposed Nilambazar/Cheragi Bypass in the state of Assam on HAM Mode Package-4,1320,,0.0,15,2027-08-18,2027-08-18,2024-02-28,0,0,,,0.0,0.0,2027,2027,2024.0,Ministry of Statistics and Programme Implementation,Infrastructure and Project Monitoring Division,PAIMANA,Projects Report - Public Dashboard,March 2026,True,False
1734,Roads & Highways,Ministry of Road Transport & Highways,MoRTH,617916,Work of 6 laning/Construction of elevated corridor from km 0/0 to 10/170 Narol Junction to Sarkhej junction including 4 lane Shastri Bridge on Sabarmati river on NH 47 in the State of Gujarat on HAM mode,1295,,0.0,22,2028-02-15,2028-02-15,2024-03-11,0,0,,,0.0,0.0,2028,2028,2024.0,Ministry of Statistics and Programme Implementation,Infrastructure and Project Monitoring Division,PAIMANA,Projects Report - Public Dashboard,March 2026,True,False
1735,Roads & Highways,Ministry of Road Transport & Highways,MoRTH,617976,Work of development and construction of elevated corridorfrom km 38/660 to km 42/690 Iscon junction to start point of approach of sanand flyover of NH-147 in the sate of Gujarat,530,,58.29,77,2026-06-18,2026-06-18,2023-03-27,0,0,,,0.11,11.0,2026,2026,2023.0,Ministry of Statistics and Programme Implementation,Infrastructure and Project Monitoring Division,PAIMANA,Projects Report - Public Dashboard,March 2026,True,False
1736,Roads & Highways,Ministry of Road Transport & Highways,MoRTH,618171,"Work of Upgradation of Jirapur-Pachore Road including Pachore, Jirapur, Chhapiheda & Khujner Bypasses from 0000 to 58790 Design Length 58.79 Km section of NH-752C to 2LPS in the State of Madhya Pradesh under EPC mode",353,,0.0,47,2026-01-15,2026-08-12,2022-03-11,209,1,,,0.0,0.0,2026,2026,2022.0,Ministry of Statistics and Programme Implementation,Infrastructure and Project Monitoring Division,PAIMANA,Projects Report - Public Dashboard,March 2026,True,False
1737,Roads & Highways,Ministry of Road Transport & Highways,MoRTH,618023,Work of Widening/upgradation of 2-Lane with paved shoulder of Sri Muktsar Sahib to Malout road from Km 279.400 to Km 307.060 section of NH-354 in the State of Punjab on EPC mode. Job No. NH-354-PB-2021-22-555,153,,0.0,98,2025-04-15,2026-03-31,2022-03-31,350,1,,,0.0,0.0,2025,2026,2022.0,Ministry of Statistics and Programme Implementation,Infrastructure and Project Monitoring Division,PAIMANA,Projects Report - Public Dashboard,March 2026,True,False
1738,Roads & Highways,Ministry of Road Transport & Highways,National Highways Authority of India [NHAI],619138,Yekkambi-Haveri,310,309.9,72.86,21,2024-03-07,2027-03-31,2021-09-30,1119,1,-0.10000000000002274,-0.03,0.235,23.5,2024,2027,2021.0,Ministry of Statistics and Programme Implementation,Infrastructure and Project Monitoring Division,PAIMANA,Projects Report - Public Dashboard,March 2026,True,False
1739,Shipping,"Ministry of Ports, Shipping and Waterways",Paradip Port Trust [PPT],701574,Deepening and Optimization of Inner Harbour facilities including development of Western Dock on BOT basis to handle Cape size vessels,3005,,2060.12,67,2027-12-31,2028-10-16,2022-05-23,290,1,,,0.6856,68.56,2027,2028,2022.0,Ministry of Statistics and Programme Implementation,Infrastructure and Project Monitoring Division,PAIMANA,Projects Report - Public Dashboard,March 2026,True,False
1740,Shipping,"Ministry of Ports, Shipping and Waterways",Deendayal Port Trust,609424,"Development of Container Terminal at Tuna-Tekra, Deendayal Port on BOT Basis Under PPP Mode",4244,,1428.0,49,2027-03-13,2027-09-30,2022-10-21,201,1,,,0.3365,33.65,2027,2027,2022.0,Ministry of Statistics and Programme Implementation,Infrastructure and Project Monitoring Division,PAIMANA,Projects Report - Public Dashboard,March 2026,True,False
1742,Shipping,"Ministry of Ports, Shipping and Waterways",Deendayal Port Trust [DPT],701570,"Replacement and revamping of pipeline projects in oil jetty area, Kandla",171,211.61,149.5,91,2023-09-30,2025-03-31,2021-09-30,548,1,40.610000000000014,23.75,0.8743,87.43,2023,2025,2021.0,Ministry of Statistics and Programme Implementation,Infrastructure and Project Monitoring Division,PAIMANA,Projects Report - Public Dashboard,March 2026,True,False
1744,Shipping,"Ministry of Ports, Shipping and Waterways",Mumbai Port Trust [MPT],701586,Setting up of a Floating Storage and Regasification Unit [FSRU] - Mumbai,900,,65.0,0,2026-11-11,2026-11-11,2020-11-30,0,0,,,0.0722,7.22,2026,2026,2020.0,Ministry of Statistics and Programme Implementation,Infrastructure and Project Monitoring Division,PAIMANA,Projects Report - Public Dashboard,March 2026,True,False
1748,Steel,Ministry of Steel,Steel Authority of India Limited [SAIL],400174,"New Sinter Plant at BSL, SAIL",1034,1752.3,980.24,58,2017-10-31,2027-06-30,2015-03-30,3529,1,718.3,69.47,0.948,94.8,2017,2027,2015.0,Ministry of Statistics and Programme Implementation,Infrastructure and Project Monitoring Division,PAIMANA,Projects Report - Public Dashboard,March 2026,True,False
1749,Steel,Ministry of Steel,National Mineral Development Corporation Limited [NMDC],706811,NMDC Slurry Pipeline Project Phase-1,2907,5427.0,3603.64,94,2023-06-30,2026-04-30,2015-11-10,1035,1,2520.0,86.69,1.2396,123.96,2023,2026,2015.0,Ministry of Statistics and Programme Implementation,Infrastructure and Project Monitoring Division,PAIMANA,Projects Report - Public Dashboard,March 2026,True,False
1750,Steel,Ministry of Steel,Steel Authority of India Limited [SAIL],612781,Rebuilding of COB 4 at Durgapur Steel Plant,917,,190.28,33,2026-12-08,2027-09-30,2023-09-11,296,1,,,0.2075,20.75,2026,2027,2023.0,Ministry of Statistics and Programme Implementation,Infrastructure and Project Monitoring Division,PAIMANA,Projects Report - Public Dashboard,March 2026,True,False
1752,Steel,Ministry of Steel,Steel Authority of India Limited [SAIL],617256,Rebuilding of Coke Oven Battery No.7 & 8 at Bhilai Steel Plant,884,,589.3,88,2025-10-31,2026-03-31,2023-11-30,151,1,,,0.6666,66.66,2025,2026,2023.0,Ministry of Statistics and Programme Implementation,Infrastructure and Project Monitoring Division,PAIMANA,Projects Report - Public Dashboard,March 2026,True,False
1756,Steel,Ministry of Steel,Steel Authority of India Limited [SAIL],617254,Replacement of remaining 04 sets of Battery Cyclones with 04 Nos. of ESPs in Sinter Plant-1 at Bokaro Steel Plant,260,,89.76,42,2026-06-29,2027-04-30,2024-03-28,305,1,,,0.3452,34.52,2026,2027,2024.0,Ministry of Statistics and Programme Implementation,Infrastructure and Project Monitoring Division,PAIMANA,Projects Report - Public Dashboard,March 2026,True,False
1758,Steel,Ministry of Steel,Steel Authority of India Limited [SAIL],617253,Revamping of old sub-systems of Blast Furnace 3 at Bokaro Steel Plant,514,,381.87,97,2025-07-03,2026-05-30,2023-08-09,331,1,,,0.7429,74.29,2025,2026,2023.0,Ministry of Statistics and Programme Implementation,Infrastructure and Project Monitoring Division,PAIMANA,Projects Report - Public Dashboard,March 2026,True,False
1759,Steel,Ministry of Steel,National Mineral Development Corporation Limited [NMDC],709826,SCREENING PLANT-III AT KIRANDUL,2719,,1519.66,82,2026-01-31,2027-07-31,2009-01-31,546,1,,,0.5589,55.89,2026,2027,2009.0,Ministry of Statistics and Programme Implementation,Infrastructure and Project Monitoring Division,PAIMANA,Projects Report - Public Dashboard,March 2026,True,False
1763,Steel,Ministry of Steel,Steel Authority of India Limited [SAIL],617246,Up-gradation of Blast Furnace No. 3 at Durgapur Steel Plant,758,,213.61,34,2026-06-07,2027-10-31,2024-09-09,511,1,,,0.2818,28.18,2026,2027,2024.0,Ministry of Statistics and Programme Implementation,Infrastructure and Project Monitoring Division,PAIMANA,Projects Report - Public Dashboard,March 2026,True,False
1764,Telecommunication,Department of Telecommunications,Department of Telecommunications [DoT],701593,4G Services by BSNL,28466,19592.0,8471.19,98,2024-03-31,2026-03-31,2020-11-01,730,1,-8874.0,-31.17,0.2976,29.76,2024,2026,2020.0,Ministry of Statistics and Programme Implementation,Infrastructure and Project Monitoring Division,PAIMANA,Projects Report - Public Dashboard,March 2026,True,False
1765,Telecommunication,Department of Telecommunications,Department of Telecommunications [DoT],704495,"502 Aspirational District Scheme in Four states - Bihar, Madhya Pradesh, Rajastha and Uttar Pradesh",422,228.94,152.96,99,2022-03-16,2026-06-21,2019-12-23,1558,1,-193.06,-45.75,0.3625,36.25,2022,2026,2019.0,Ministry of Statistics and Programme Implementation,Infrastructure and Project Monitoring Division,PAIMANA,Projects Report - Public Dashboard,March 2026,True,False
1766,Telecommunication,Department of Telecommunications,Department of Telecommunications [DoT],706775,BharatNet,61109,188000.0,46431.5,82,2023-08-31,2027-03-31,2017-07-19,1308,1,126891.0,207.65,0.7598,75.98,2023,2027,2017.0,Ministry of Statistics and Programme Implementation,Infrastructure and Project Monitoring Division,PAIMANA,Projects Report - Public Dashboard,March 2026,True,False
1767,Telecommunication,Department of Telecommunications,Department of Telecommunications [DoT],617413,Mobile connectivity in Left Wing Extremism [LWE] affected areas-Phase 1 Upgradation,1885,,376.8,97,2025-05-08,2026-03-31,2022-04-27,327,1,,,0.1999,19.99,2025,2026,2022.0,Ministry of Statistics and Programme Implementation,Infrastructure and Project Monitoring Division,PAIMANA,Projects Report - Public Dashboard,March 2026,True,False
1768,Telecommunication,Department of Telecommunications,Department of Telecommunications [DoT],701599,Mobile connectivity in Left Wing Extremism [LWE] affected areas-Phase2,1578,,701.66,87,2023-03-31,2026-03-30,2018-05-23,1095,1,,,0.4447,44.47,2023,2026,2018.0,Ministry of Statistics and Programme Implementation,Infrastructure and Project Monitoring Division,PAIMANA,Projects Report - Public Dashboard,March 2026,True,False
1769,Telecommunication,Department of Telecommunications,BSNL,709856,MPLS-IP BASED ACCESS AND AGGREGATION NETWORK [MAAN] IN BSNL ALONG WITH TEST AND MEASURING EQUIPMENT,645,,377.59,92,2024-08-31,2026-06-30,2023-05-31,668,1,,,0.5854,58.54,2024,2026,2023.0,Ministry of Statistics and Programme Implementation,Infrastructure and Project Monitoring Division,PAIMANA,Projects Report - Public Dashboard,March 2026,True,False
1770,Telecommunication,Department of Telecommunications,BSNL,709857,"Planning, Engineering, Supply, Installation, Testing, Commissioning, Integration & Annual Maintenance of 4G mobile network at 1 Lakh sites on PAN India basis including Mumbai & Delhi LSA on turnkey basis under Phase IX.2 Project.",24545,,8472.04,98,2025-06-21,2026-09-30,2023-05-08,466,1,,,0.3452,34.52,2025,2026,2023.0,Ministry of Statistics and Programme Implementation,Infrastructure and Project Monitoring Division,PAIMANA,Projects Report - Public Dashboard,March 2026,True,False
1771,Telecommunication,Department of Telecommunications,Department of Telecommunications [DoT],701602,"Provision of 4G based mobile services in 7,287 uncovered villages of 44 Aspirational District across 5 states of Andhra Pradesh, Chhattisgarh, Jharkhand, Maharashtra & Odisha",3685,,1451.43,83,2023-11-19,2026-05-19,2021-11-17,912,1,,,0.3939,39.39,2023,2026,2021.0,Ministry of Statistics and Programme Implementation,Infrastructure and Project Monitoring Division,PAIMANA,Projects Report - Public Dashboard,March 2026,True,False
1772,Telecommunication,Department of Telecommunications,Department of Telecommunications,701598,Provision of 4G based Mobile Services in Uncovered Villages and National Highways of Meghalaya,972,,224.6,100,2022-03-03,2026-03-31,2019-09-19,1489,1,,,0.2311,23.11,2022,2026,2019.0,Ministry of Statistics and Programme Implementation,Infrastructure and Project Monitoring Division,PAIMANA,Projects Report - Public Dashboard,March 2026,True,False
1773,Telecommunication,Department of Telecommunications,Department of Telecommunications,701597,Provision of 4G Mobile Services in Uncovered Villages of Arunachal Pradesh and 2 Districts of Assam,1255,,332.43,99,2023-04-30,2026-03-31,2020-12-09,1066,1,,,0.2649,26.49,2023,2026,2020.0,Ministry of Statistics and Programme Implementation,Infrastructure and Project Monitoring Division,PAIMANA,Projects Report - Public Dashboard,March 2026,True,False
1774,Telecommunication,Department of Telecommunications,Department of Telecommunications [DoT],400013,Saturation 4G mobile coverage of Uncovered Villages through USOF,26316,30620.0,9791.8,84,2024-06-20,2026-03-31,2022-07-27,649,1,4304.0,16.36,0.3721,37.21,2024,2026,2022.0,Ministry of Statistics and Programme Implementation,Infrastructure and Project Monitoring Division,PAIMANA,Projects Report - Public Dashboard,March 2026,True,False
1775,Telecommunication,Department of Telecommunications,National Communication Academy - Finance [Erstwhile NICF],709859,SETTING UP OF PHYSICAL INFRASTRUCTURE FOR THE NATIONAL INSTITUTE OF COMMUNICATION FINANCE [NICF] AT GHITORNI,248,,236.91,98,2020-02-17,2026-06-30,2014-10-09,2325,1,,,0.9553,95.53,2020,2026,2014.0,Ministry of Statistics and Programme Implementation,Infrastructure and Project Monitoring Division,PAIMANA,Projects Report - Public Dashboard,March 2026,True,False
1776,"Tourism, Hospitality & Wellness","Ministry of Ports, Shipping and Waterways",Indian Port Rail & Ropeway Corporation Ltd. [IPRCL],707215,National Maritime Heritage Complex [NMHC] Phase-I,573,1238.05,611.24,75,2024-03-31,2026-03-31,2019-02-22,730,1,665.05,116.06,1.0667,106.67,2024,2026,2019.0,Ministry of Statistics and Programme Implementation,Infrastructure and Project Monitoring Division,PAIMANA,Projects Report - Public Dashboard,March 2026,True,False
1777,Transmission & Distribution,Ministry of Power,Power Grid Corporation of India Limited [POWERGRID],615337,Additional Transmission System for evacuation of Power from Bhadla-III PS as part of Rajasthan REZ Phase III Scheme [20 GW] [SPV Name POWERGRID Bhadla-III Power Transmission Limited],369,,206.64,59,2026-02-27,2026-09-30,2024-08-28,215,1,,,0.56,56.0,2026,2026,2024.0,Ministry of Statistics and Programme Implementation,Infrastructure and Project Monitoring Division,PAIMANA,Projects Report - Public Dashboard,March 2026,True,False
1778,Transmission & Distribution,Ministry of Power,Power Grid Corporation of India Limited [POWERGRID],617181,"Augmentation at Fatehgarh-II PS, Fatehgarh-IV PS [Section-II] and Barmer-I PS [POWERGRID Fatehgarh Barmer Augmentation Transmission Limited]",404,,26.26,7,2026-12-20,2027-06-30,2025-03-21,192,1,,,0.065,6.5,2026,2027,2025.0,Ministry of Statistics and Programme Implementation,Infrastructure and Project Monitoring Division,PAIMANA,Projects Report - Public Dashboard,March 2026,True,False
1782,Transmission & Distribution,Ministry of Power,Power Grid Corporation of India Limited [POWERGRID],617391,Augmentation of Transformation Capacity at Bhuj-II PS [GIS],488,,4.88,1,2026-11-23,2027-06-30,2025-02-24,219,1,,,0.01,1.0,2026,2027,2025.0,Ministry of Statistics and Programme Implementation,Infrastructure and Project Monitoring Division,PAIMANA,Projects Report - Public Dashboard,March 2026,True,False
1783,Transmission & Distribution,Ministry of Power,Power Grid Corporation of India Limited [POWERGRID],615342,Augmentation of Transformation Capacity at jam Khambhaliya PS [GIS] [SPV Name POWERGRID Jam Khambhaliya Transmission Limited],329,,23.03,8,2026-07-14,2027-04-30,2024-10-15,290,1,,,0.07,7.0,2026,2027,2024.0,Ministry of Statistics and Programme Implementation,Infrastructure and Project Monitoring Division,PAIMANA,Projects Report - Public Dashboard,March 2026,True,False
1786,Transmission & Distribution,Ministry of Power,Power Grid Corporation of India Limited [POWERGRID],602223,Comprehensive Scheme for Strengthening of Transmission and Distribution [T&D] Systems [CSST&DS] in Arunachal Pradesh and Sikkim,4754,9129.32,8033.8,83,2018-12-19,2027-03-31,2014-10-14,3024,1,4375.32,92.03,1.6899,168.99,2018,2027,2014.0,Ministry of Statistics and Programme Implementation,Infrastructure and Project Monitoring Division,PAIMANA,Projects Report - Public Dashboard,March 2026,True,False
1787,Transmission & Distribution,Ministry of Power,Power Grid Corporation of India Limited [POWERGRID],617271,Eastern Region Expansion Scheme-43 [ERES-43],343,,97.66,29,2026-03-01,2026-06-30,2024-09-02,121,1,,,0.2847,28.47,2026,2026,2024.0,Ministry of Statistics and Programme Implementation,Infrastructure and Project Monitoring Division,PAIMANA,Projects Report - Public Dashboard,March 2026,True,False
1788,Transmission & Distribution,Ministry of Power,Power Grid Corporation of India Limited [POWERGRID],617270,Eastern Region Expansion Scheme-44 [ERES-44],409,,4.09,1,2026-05-24,2027-06-30,2024-11-25,402,1,,,0.01,1.0,2026,2027,2024.0,Ministry of Statistics and Programme Implementation,Infrastructure and Project Monitoring Division,PAIMANA,Projects Report - Public Dashboard,March 2026,True,False
1790,Transmission & Distribution,Ministry of Power,Power Grid Corporation of India Limited [POWERGRID],617326,Implementation of Transmission Systems in the State of Jharkhand consisting of 400/220/132/33 kV transmission lines and substations under Jharkhand Consultancy Project,1842,,1648.05,95,2026-03-31,2026-08-31,2012-02-24,153,1,,,0.8947,89.47,2026,2026,2012.0,Ministry of Statistics and Programme Implementation,Infrastructure and Project Monitoring Division,PAIMANA,Projects Report - Public Dashboard,March 2026,True,False
1799,Transmission & Distribution,Ministry of Power,Power Grid Corporation of India Limited [POWERGRID],607709,NORTH EASTERN REGION POWER SYSTEM IMPROVEMENT PROJECT [NERPSIP],5111,6700.0,5577.75,99,2018-12-31,2027-03-31,2014-12-01,3012,1,1589.0,31.09,1.0913,109.13,2018,2027,2014.0,Ministry of Statistics and Programme Implementation,Infrastructure and Project Monitoring Division,PAIMANA,Projects Report - Public Dashboard,March 2026,True,False
1801,Transmission & Distribution,Ministry of Power,Power Grid Corporation of India Limited [POWERGRID],617801,Provision of ICT Augmentation & Bus Reactor at Bhuj-II PS,582,,6.98,1,2026-12-18,2027-06-30,2025-03-18,194,1,,,0.012,1.2,2026,2027,2025.0,Ministry of Statistics and Programme Implementation,Infrastructure and Project Monitoring Division,PAIMANA,Projects Report - Public Dashboard,March 2026,True,False
1803,Transmission & Distribution,Ministry of Power,Power Grid Corporation of India Limited [POWERGRID],617186,Rajasthan REZ Ph-V [Part-1- 4 GW] [Sirohi/Nagaur] Complex [Rajasthan V Power Transmission Limited],5028,,754.2,17,2027-03-23,2027-06-30,2025-03-24,99,1,,,0.15,15.0,2027,2027,2025.0,Ministry of Statistics and Programme Implementation,Infrastructure and Project Monitoring Division,PAIMANA,Projects Report - Public Dashboard,March 2026,True,False
1805,Transmission & Distribution,Ministry of Power,Power Grid Corporation of India Limited [POWERGRID],400005,Transmission Network Expansion in Gujarat to increase its ATC from ISTS Part B,4546,,4523.49,100,2023-06-12,2026-05-31,2022-01-13,1084,1,,,0.995,99.5,2023,2026,2022.0,Ministry of Statistics and Programme Implementation,Infrastructure and Project Monitoring Division,PAIMANA,Projects Report - Public Dashboard,March 2026,True,False
1806,Transmission & Distribution,Ministry of Power,Power Grid Corporation of India Limited [POWERGRID],617179,Transmission Scheme for evacuation of Power from Ratle HEP [850 MW] & kiru [624 MW] Part B,219,,3.28,2,2026-07-14,2027-06-30,2024-07-15,351,1,,,0.015,1.5,2026,2027,2024.0,Ministry of Statistics and Programme Implementation,Infrastructure and Project Monitoring Division,PAIMANA,Projects Report - Public Dashboard,March 2026,True,False
1807,Transmission & Distribution,Ministry of Power,Power Grid Corporation of India Limited [POWERGRID],612132,Transmission Scheme for Evacuation of power from REZ in Rajasthan [20 GW] under Phase-III Part D Phase I [Sikar Khetri Transmission Ltd],2000,,1640.0,84,2025-08-08,2026-09-30,2024-02-09,418,1,,,0.82,82.0,2025,2026,2024.0,Ministry of Statistics and Programme Implementation,Infrastructure and Project Monitoring Division,PAIMANA,Projects Report - Public Dashboard,March 2026,True,False
1809,Transmission & Distribution,Ministry of Power,Power Grid Corporation of India Limited [POWERGRID],612140,Transmission Scheme for Integration of Renewable Energy Zone [Phase II] in Koppal II [Phase A&B] and gadag II[Phase A] in Karnataka [POWERGRID KOPPAL GADAG TRANSMISSION LIMITED],2889,,2224.83,80,2025-12-25,2026-09-30,2023-12-26,279,1,,,0.7701,77.01,2025,2026,2023.0,Ministry of Statistics and Programme Implementation,Infrastructure and Project Monitoring Division,PAIMANA,Projects Report - Public Dashboard,March 2026,True,False
1810,Transmission & Distribution,Ministry of Power,Power Grid Corporation of India Limited [POWERGRID],611967,Transmission Scheme for Solar Energy Zone in Ananthpuram 2500MW and Kurnool 1000MW,1249,,1198.74,98,2025-09-30,2026-04-30,2023-09-27,212,1,,,0.9598,95.98,2025,2026,2023.0,Ministry of Statistics and Programme Implementation,Infrastructure and Project Monitoring Division,PAIMANA,Projects Report - Public Dashboard,March 2026,True,False
1811,Transmission & Distribution,Ministry of Power,Power Grid Corporation of India Limited [POWERGRID],612138,"Transmission Scheme for Solar Energy Zone in Bidar [2500 MW], Karnataka [Bidar Transmission Ltd]",2148,,1825.47,87,2026-02-08,2026-06-30,2024-02-09,142,1,,,0.8498,84.98,2026,2026,2024.0,Ministry of Statistics and Programme Implementation,Infrastructure and Project Monitoring Division,PAIMANA,Projects Report - Public Dashboard,March 2026,True,False
1812,Transmission & Distribution,Ministry of Power,Power Grid Corporation of India Limited [POWERGRID],612139,Transmission system for Evacuation of Additional 7 GW RE power from Khavda RE park under Phase-III Part B [Vataman Transmission Limited],3752,,2194.81,55,2025-12-25,2026-12-31,2023-12-26,371,1,,,0.585,58.5,2025,2026,2023.0,Ministry of Statistics and Programme Implementation,Infrastructure and Project Monitoring Division,PAIMANA,Projects Report - Public Dashboard,March 2026,True,False
1814,Transmission & Distribution,Ministry of Power,Power Grid Corporation of India Limited [POWERGRID],612855,Transmission System for Evacuation of Power from Potential Energy Renewable Zone in Khavda Area of Gujarat under Ph-IV [7GW] Part E2,679,,291.97,48,2026-05-30,2026-06-30,2024-05-30,31,1,,,0.43,43.0,2026,2026,2024.0,Ministry of Statistics and Programme Implementation,Infrastructure and Project Monitoring Division,PAIMANA,Projects Report - Public Dashboard,March 2026,True,False
1815,Transmission & Distribution,Ministry of Power,Power Grid Corporation of India Limited [POWERGRID],611966,Transmission System for Evacuation of power from Potential RE Zone in Khavda Area of Gujarat under phase IV 7GW-Part E4,224,,197.47,91,2025-07-09,2026-04-30,2023-11-01,295,1,,,0.8816,88.16,2025,2026,2023.0,Ministry of Statistics and Programme Implementation,Infrastructure and Project Monitoring Division,PAIMANA,Projects Report - Public Dashboard,March 2026,True,False
1816,Transmission & Distribution,Ministry of Power,Power Grid Corporation of India Limited [POWERGRID],612151,Transmission System for Evacuation of Power from potential Renewable Energy zone in Khavda Area of Gujarat under Phase IV [7 GW] Part E3,334,,327.32,100,2025-07-31,2026-04-30,2023-07-01,273,1,,,0.98,98.0,2025,2026,2023.0,Ministry of Statistics and Programme Implementation,Infrastructure and Project Monitoring Division,PAIMANA,Projects Report - Public Dashboard,March 2026,True,False
1817,Transmission & Distribution,Ministry of Power,Power Grid Corporation of India Limited [POWERGRID],615345,Transmission System for Evacuation of Power from Potential Renewable Energy Zone in Khavda area of Gujarat under Phase-IV [7GW] Part B [SPV Name POWERGRID South Olpad Transmission Limited],4766,,1167.67,22,2026-10-14,2027-10-31,2024-10-15,382,1,,,0.245,24.5,2026,2027,2024.0,Ministry of Statistics and Programme Implementation,Infrastructure and Project Monitoring Division,PAIMANA,Projects Report - Public Dashboard,March 2026,True,False
1819,Transmission & Distribution,Ministry of Power,Power Grid Corporation of India Limited [POWERGRID],615338,TRANSMISSION SYSTEM FOR EVACUATION OF POWER FROM RAJASTHAN REZ PH -IV [PART-2 5.5 GW] [JAISALMER/BARMER COMPLEX] PART F [SPV Name POWERGRID BARMER I TRANSMISSION LIMITED],2735,,847.85,30,2026-11-06,2027-06-30,2024-11-07,236,1,,,0.31,31.0,2026,2027,2024.0,Ministry of Statistics and Programme Implementation,Infrastructure and Project Monitoring Division,PAIMANA,Projects Report - Public Dashboard,March 2026,True,False
1820,Transmission & Distribution,Ministry of Power,Power Grid Corporation of India Limited [POWERGRID],612134,Transmission System for Evacuation of power from Rajasthan REZ Ph-IV [Part-1] [Bikaner Complex] Part A [Bikaner Neemrana Transmission Ltd],2998,,2278.73,68,2025-12-26,2026-12-31,2023-12-27,370,1,,,0.7601,76.01,2025,2026,2023.0,Ministry of Statistics and Programme Implementation,Infrastructure and Project Monitoring Division,PAIMANA,Projects Report - Public Dashboard,March 2026,True,False
1821,Transmission & Distribution,Ministry of Power,Power Grid Corporation of India Limited [POWERGRID],612133,Transmission System for Evacuation of power from Rajasthan REZ Ph-IV [Part-1] [Bikaner Complex] Part D [Neemrana Bareilly Transmission Ltd],2056,,1706.48,72,2025-12-26,2026-12-31,2023-12-27,370,1,,,0.83,83.0,2025,2026,2023.0,Ministry of Statistics and Programme Implementation,Infrastructure and Project Monitoring Division,PAIMANA,Projects Report - Public Dashboard,March 2026,True,False
1822,Transmission & Distribution,Ministry of Power,Power Grid Corporation of India Limited [POWERGRID],615344,Transmission System for Evacuation of Power from Rajasthan REZ Ph-IV [Part-2 5.5GW] [Jaisalmer/Barmer Complex] Part H1 [POWERGRID KURAWAR TRANSMISSION LIMITED],3674,,1304.27,35,2026-10-14,2027-06-30,2024-10-15,259,1,,,0.355,35.5,2026,2027,2024.0,Ministry of Statistics and Programme Implementation,Infrastructure and Project Monitoring Division,PAIMANA,Projects Report - Public Dashboard,March 2026,True,False
1823,Transmission & Distribution,Ministry of Power,Power Grid Corporation of India Limited [POWERGRID],615346,Transmission System for Evacuation of Power from Rajasthan REZ Ph-IV [Part-2 5.5 GW] [Jaisalmer/Barmer Complex] Part C [SPV Name POWERGRID Mandsaur Transmission Limited],2708,,1462.32,55,2026-08-18,2027-02-28,2024-08-19,194,1,,,0.54,54.0,2026,2027,2024.0,Ministry of Statistics and Programme Implementation,Infrastructure and Project Monitoring Division,PAIMANA,Projects Report - Public Dashboard,March 2026,True,False
1824,Transmission & Distribution,Ministry of Power,Power Grid Corporation of India Limited [POWERGRID],615333,Transmission System for Evacuation of Power from Rajasthan REZ Ph-IV [Part-2 5.5 GW] [Jaisalmer/Barmer Complex] Part D [SPV Name POWERGRID Beawar Mandsaur Transmission Limited],2227,,957.61,37,2026-08-21,2026-12-31,2024-08-22,132,1,,,0.43,43.0,2026,2026,2024.0,Ministry of Statistics and Programme Implementation,Infrastructure and Project Monitoring Division,PAIMANA,Projects Report - Public Dashboard,March 2026,True,False
1825,Transmission & Distribution,Ministry of Power,Power Grid Corporation of India Limited [POWERGRID],615334,Transmission System for Evacuation of Power from Rajasthan REZ Ph-IV [Part-2 5.5 GW] [Jaisalmer/Barmer Complex] Part E [SPV Name POWERGRID Mewar Transmission Limited],3251,,1592.99,37,2026-08-18,2027-04-30,2024-08-19,255,1,,,0.49,49.0,2026,2027,2024.0,Ministry of Statistics and Programme Implementation,Infrastructure and Project Monitoring Division,PAIMANA,Projects Report - Public Dashboard,March 2026,True,False
1826,Transmission & Distribution,Ministry of Power,Power Grid Corporation of India Limited [POWERGRID],615332,Transmission System for Evacuation of Power from Rajasthan REZ Ph-IV [Part-2 5.5 GW][Jaisalmer/Barmer Complex] Part B [SPV Name POWERGRID Sirohi Transmission Limited],3279,,1442.76,44,2026-08-22,2027-03-31,2024-08-23,221,1,,,0.44,44.0,2026,2027,2024.0,Ministry of Statistics and Programme Implementation,Infrastructure and Project Monitoring Division,PAIMANA,Projects Report - Public Dashboard,March 2026,True,False
1827,Transmission & Distribution,Ministry of Power,Power Grid Corporation of India Limited [POWERGRID],615340,TRANSMISSION SYSTEM FOR EVACUATION OF POWER FROM RAJASTHAN REZ PH-IV [PART-3/ 6 GW] [BIKANER COMPLEX] PART B [SPV Name POWERGRID Siwani Transmission Limited],5357,,1339.25,26,2026-11-11,2027-06-30,2024-11-12,231,1,,,0.25,25.0,2026,2027,2024.0,Ministry of Statistics and Programme Implementation,Infrastructure and Project Monitoring Division,PAIMANA,Projects Report - Public Dashboard,March 2026,True,False
1828,Transmission & Distribution,Ministry of Power,Power Grid Corporation of India Limited [POWERGRID],615339,Transmission system for evacuation of power from Rajasthan REZ Ph-IV [Part-3/6GW] [Bikaner complex] Part A [SPV Name POWERGRID Bikaner IV Transmission Limited],5969,,1193.8,22,2026-11-11,2027-04-30,2024-11-12,170,1,,,0.2,20.0,2026,2027,2024.0,Ministry of Statistics and Programme Implementation,Infrastructure and Project Monitoring Division,PAIMANA,Projects Report - Public Dashboard,March 2026,True,False
1829,Transmission & Distribution,Ministry of Power,Power Grid Corporation of India Limited [POWERGRID],616670,Transmission System for evacuation of Power from Rajasthan REZ Ph-IV [Part-4 3.5 GW] Part A [SPV name POWERGRID Ghiror Transmission Limited],5846,,1461.5,28,2026-12-30,2027-06-30,2024-12-30,182,1,,,0.25,25.0,2026,2027,2024.0,Ministry of Statistics and Programme Implementation,Infrastructure and Project Monitoring Division,PAIMANA,Projects Report - Public Dashboard,March 2026,True,False
1830,Transmission & Distribution,Ministry of Power,Power Grid Corporation of India Limited [POWERGRID],611949,Transmission system for evacuation of power from REZ in Rajasthan 20 GW under Phase-III part C1,1796,,1724.17,98,2025-04-30,2026-05-31,2023-10-26,396,1,,,0.96,96.0,2025,2026,2023.0,Ministry of Statistics and Programme Implementation,Infrastructure and Project Monitoring Division,PAIMANA,Projects Report - Public Dashboard,March 2026,True,False
1831,Transmission & Distribution,Ministry of Power,Power Grid Corporation of India Limited [POWERGRID],611948,Transmission system for evacuation of power from REZ in Rajasthan 20 GW under Phase-III part H,2211,,2122.84,98,2025-04-30,2026-06-30,2023-10-30,426,1,,,0.9601,96.01,2025,2026,2023.0,Ministry of Statistics and Programme Implementation,Infrastructure and Project Monitoring Division,PAIMANA,Projects Report - Public Dashboard,March 2026,True,False
1832,Transmission & Distribution,Ministry of Power,Power Grid Corporation of India Limited [POWERGRID],611947,Transmission System for Evacuation of Power from REZ in Rajasthan 20GW under Phase III- Part E2,428,,406.88,97,2025-06-15,2026-06-30,2023-11-01,380,1,,,0.9507,95.07,2025,2026,2023.0,Ministry of Statistics and Programme Implementation,Infrastructure and Project Monitoring Division,PAIMANA,Projects Report - Public Dashboard,March 2026,True,False
1833,Transmission & Distribution,Ministry of Power,Power Grid Corporation of India Limited [POWERGRID],611951,Transmission system for evacuation of power from REZ in Rajasthan 20GW under Phase-III Part E1,689,,686.67,100,2025-02-28,2026-04-30,2021-12-01,426,1,,,0.9966,99.66,2025,2026,2021.0,Ministry of Statistics and Programme Implementation,Infrastructure and Project Monitoring Division,PAIMANA,Projects Report - Public Dashboard,March 2026,True,False
1834,Transmission & Distribution,Ministry of Power,Power Grid Corporation of India Limited [POWERGRID],611735,Transmission system for evacuation of power from REZ in Rajasthan 20GW under Phase-III Part J,331,,195.29,49,2025-03-31,2026-12-31,2022-12-01,640,1,,,0.59,59.0,2025,2026,2022.0,Ministry of Statistics and Programme Implementation,Infrastructure and Project Monitoring Division,PAIMANA,Projects Report - Public Dashboard,March 2026,True,False
1836,Transmission & Distribution,Ministry of Power,Power Grid Corporation of India Limited [POWERGRID],617185,Transmission System for Integration of Kurnool-IV REZ Phase-I [for 4.5 GW] [POWERGRID Kurnool-IV Transmission Limited],5550,,860.25,15,2027-03-23,2027-09-30,2025-03-24,191,1,,,0.155,15.5,2027,2027,2025.0,Ministry of Statistics and Programme Implementation,Infrastructure and Project Monitoring Division,PAIMANA,Projects Report - Public Dashboard,March 2026,True,False
1837,Transmission & Distribution,Ministry of Power,Power Grid Corporation of India Limited [POWERGRID],900808,Transmission System for Kurnool Wind Energy Zone/ Solar Energy Zone Part-A and Part-B,3547,,3529.2,100,2024-11-30,2026-05-31,2022-11-23,547,1,,,0.995,99.5,2024,2026,2022.0,Ministry of Statistics and Programme Implementation,Infrastructure and Project Monitoring Division,PAIMANA,Projects Report - Public Dashboard,March 2026,True,False
1838,Transmission & Distribution,Ministry of Power,Power Grid Corporation of India Limited [POWERGRID],619029,Transmission System for Reliable Power Supply to Dholera,319,,46.31,15,2026-03-02,2026-12-31,2024-09-02,304,1,,,0.1452,14.52,2026,2026,2024.0,Ministry of Statistics and Programme Implementation,Infrastructure and Project Monitoring Division,PAIMANA,Projects Report - Public Dashboard,March 2026,True,False
1839,Transmission & Distribution,Ministry of Power,Power Grid Corporation of India Limited [POWERGRID],617269,Transmission System for Strengthening to facilitate evacuation of power from Bhadla/Bikaner Complex,213,,5.32,3,2026-06-09,2026-08-31,2024-12-10,83,1,,,0.025,2.5,2026,2026,2024.0,Ministry of Statistics and Programme Implementation,Infrastructure and Project Monitoring Division,PAIMANA,Projects Report - Public Dashboard,March 2026,True,False
1842,Transmission & Distribution,Ministry of Power,Power Grid Corporation of India Limited [POWERGRID],615335,Transmission System Strengthening for Interconnections of Bhadla-III & Bikaner III Complex [SPV Name POWERGRID BHADLA BIKANER TRANSMISSION LIMITED],1382,,511.34,40,2026-08-29,2027-03-31,2024-08-30,214,1,,,0.37,37.0,2026,2027,2024.0,Ministry of Statistics and Programme Implementation,Infrastructure and Project Monitoring Division,PAIMANA,Projects Report - Public Dashboard,March 2026,True,False
1843,Transmission & Distribution,Ministry of Power,Power Grid Corporation of India Limited [POWERGRID],616671,Transmission System under ISTS for evacuation of Power from Kudankulam Unit-3&4 [2x1000 MW] [SPV Name POWERGRID Kudankulam Tarnsmission Limited],548,,117.82,17,2026-12-31,2027-03-31,2025-01-10,90,1,,,0.215,21.5,2026,2027,2025.0,Ministry of Statistics and Programme Implementation,Infrastructure and Project Monitoring Division,PAIMANA,Projects Report - Public Dashboard,March 2026,True,False
1845,Urban Public Transport,Ministry of Housing & Urban Affairs,Uttar Pradesh metro rail corporation [UPMRC],702629,Agra Metro Rail Project,8380,,6069.78,69,2024-05-26,2027-06-30,2019-05-27,1130,1,,,0.7243,72.43,2024,2027,2019.0,Ministry of Statistics and Programme Implementation,Infrastructure and Project Monitoring Division,PAIMANA,Projects Report - Public Dashboard,March 2026,True,False
1846,Urban Public Transport,Ministry of Housing & Urban Affairs,Gujarat Metro Rail Corporation Limited [GMRCL],702639,Ahmedabad Metro Rail Project [Phase-I],10773,12924.5,12410.8,100,2018-03-31,2026-04-30,2014-11-17,2952,1,2151.5,19.97,1.152,115.2,2018,2026,2014.0,Ministry of Statistics and Programme Implementation,Infrastructure and Project Monitoring Division,PAIMANA,Projects Report - Public Dashboard,March 2026,True,False
1847,Urban Public Transport,Ministry of Housing & Urban Affairs,Madhya Pradesh Metro Rail Co Limited [MPMRCL],702625,Bhopal Metro Rail Project,6941,,4250.95,58,2022-11-29,2028-06-30,2018-11-30,2040,1,,,0.6124,61.24,2022,2028,2018.0,Ministry of Statistics and Programme Implementation,Infrastructure and Project Monitoring Division,PAIMANA,Projects Report - Public Dashboard,March 2026,True,False
1849,Urban Public Transport,Ministry of Housing & Urban Affairs,Bengaluru Metro Rail,702665,Construction Bangalore Metro Rail Project Phase-2A & 2B,14788,14788.1,10341.3,64,2026-06-30,2026-06-30,2021-06-07,0,0,0.1000000000003638,0.0,0.6993,69.93,2026,2026,2021.0,Ministry of Statistics and Programme Implementation,Infrastructure and Project Monitoring Division,PAIMANA,Projects Report - Public Dashboard,March 2026,True,False
1850,Urban Public Transport,Ministry of Housing & Urban Affairs,Bengaluru Metro Rail,702635,Construction of Bangalore Metro Rail Project Phase 2.,26405,30695.1,29783.0,95,2021-03-22,2026-09-30,2014-02-21,2018,1,4290.0999999999985,16.25,1.1279,112.79,2021,2026,2014.0,Ministry of Statistics and Programme Implementation,Infrastructure and Project Monitoring Division,PAIMANA,Projects Report - Public Dashboard,March 2026,True,False
1854,Urban Public Transport,Ministry of Housing & Urban Affairs,Delhi Metro Rail Corporation Limited [DMRC],702632,DMRTS Phase - IV [3 Priority Corridors],24949,,20109.7,80,2025-03-31,2026-12-31,2019-07-04,640,1,,,0.806,80.6,2025,2026,2019.0,Ministry of Statistics and Programme Implementation,Infrastructure and Project Monitoring Division,PAIMANA,Projects Report - Public Dashboard,March 2026,True,False
1855,Urban Public Transport,Ministry of Housing & Urban Affairs,Madhya Pradesh Metro Rail Co Limited [MPMRCL],702626,Indore Metro Rail Project,7501,,4866.16,64,2022-11-29,2028-12-31,2018-11-30,2224,1,,,0.6487,64.87,2022,2028,2018.0,Ministry of Statistics and Programme Implementation,Infrastructure and Project Monitoring Division,PAIMANA,Projects Report - Public Dashboard,March 2026,True,False
1857,Urban Public Transport,Ministry of Housing & Urban Affairs,Uttar Pradesh metro rail corporation [UPMRC],702628,Kanpur Metro Rail Project,11076,,9098.65,80,2024-05-26,2027-03-31,2019-05-27,1039,1,,,0.8215,82.15,2024,2027,2019.0,Ministry of Statistics and Programme Implementation,Infrastructure and Project Monitoring Division,PAIMANA,Projects Report - Public Dashboard,March 2026,True,False
1858,Urban Public Transport,Ministry of Housing & Urban Affairs,CSPCC Projects,702664,Kochi Metro Rail Phase 2 Development Project,1957,,641.83,31,2026-11-20,2026-11-20,2022-11-21,0,0,,,0.328,32.8,2026,2026,2022.0,Ministry of Statistics and Programme Implementation,Infrastructure and Project Monitoring Division,PAIMANA,Projects Report - Public Dashboard,March 2026,True,False
1861,Urban Public Transport,Ministry of Housing & Urban Affairs,Mumbai Metro Rail Corporation Limited [MMRC],702637,Mumbai Metro Line 3,23136,37276.0,33308.9,98,2023-03-31,2025-08-31,2013-07-18,884,1,14140.0,61.12,1.4397,143.97,2023,2025,2013.0,Ministry of Statistics and Programme Implementation,Infrastructure and Project Monitoring Division,PAIMANA,Projects Report - Public Dashboard,March 2026,True,False
1864,Urban Public Transport,Ministry of Housing & Urban Affairs,Patna Metro Rail Corporation Ltd. [PMRCL],702627,Patna Metro Rail Project,13366,13365.8,5068.37,50,2024-02-26,2027-06-30,2019-02-27,1220,1,-0.2000000000007276,-0.0,0.3792,37.92,2024,2027,2019.0,Ministry of Statistics and Programme Implementation,Infrastructure and Project Monitoring Division,PAIMANA,Projects Report - Public Dashboard,March 2026,True,False
1869,Urban Public Transport,Ministry of Housing & Urban Affairs,Gujarat Metro Rail Corporation Limited [GMRCL],702630,Surat Metro Rail Project,12020,,8898.74,79,2024-03-31,2026-06-30,2019-03-09,821,1,,,0.7403,74.03,2024,2026,2019.0,Ministry of Statistics and Programme Implementation,Infrastructure and Project Monitoring Division,PAIMANA,Projects Report - Public Dashboard,March 2026,True,False
1871,Waste & Water,"Department of Water Resources, River Development & GR",National Mission for Clean Ganga,616594,Interception & Diversion with Rehabilitation of sewerage scheme at Agra under Hybrid annuity based PPP model-Namami Gange Programme,842,,208.64,79,2025-04-30,2026-12-31,2020-05-06,610,1,,,0.2478,24.78,2025,2026,2020.0,Ministry of Statistics and Programme Implementation,Infrastructure and Project Monitoring Division,PAIMANA,Projects Report - Public Dashboard,March 2026,True,False
1872,Waste & Water,"Department of Water Resources, River Development & GR",National Mission for Clean Ganga,616600,Interception and Diversion and STP works in Bhagalpur under Hybrid annuity based PPP mode-Namami Gange Programme,413,,126.67,97,2025-02-06,2026-12-31,2017-10-12,693,1,,,0.3067,30.67,2025,2026,2017.0,Ministry of Statistics and Programme Implementation,Infrastructure and Project Monitoring Division,PAIMANA,Projects Report - Public Dashboard,March 2026,True,False
1873,Waste & Water,"Department of Water Resources, River Development & GR",National Mission for Clean Ganga,616604,Pollution Abatement works for River Ganga at Hooghly Chinsurah- Municipal Town Interception & Diversion with STP,155,,96.17,93,2025-03-30,2026-08-31,2018-05-10,519,1,,,0.6205,62.05,2025,2026,2018.0,Ministry of Statistics and Programme Implementation,Infrastructure and Project Monitoring Division,PAIMANA,Projects Report - Public Dashboard,March 2026,True,False
1874,Waste & Water,"Department of Water Resources, River Development & GR",National Mission for Clean Ganga,616605,Pollution Abatement Works for River Kali Meerut under Meerut Municipality Interception & Diversion with STP,691,,34.79,51,2024-12-31,2027-05-11,2020-05-06,861,1,,,0.0503,5.03,2024,2027,2020.0,Ministry of Statistics and Programme Implementation,Infrastructure and Project Monitoring Division,PAIMANA,Projects Report - Public Dashboard,March 2026,True,False
1875,Waste & Water,"Department of Water Resources, River Development & GR",National Mission for Clean Ganga,616611,Sewage Treatment Plant 100MLD and Sewerage Network 288 km in Digha-Patna under Hybrid annuity based PPP mode-Namami Gange Programme,824,,396.71,57,2025-12-30,2026-09-30,2017-08-11,274,1,,,0.4814,48.14,2025,2026,2017.0,Ministry of Statistics and Programme Implementation,Infrastructure and Project Monitoring Division,PAIMANA,Projects Report - Public Dashboard,March 2026,True,False
1877,Waste & Water,"Department of Water Resources, River Development & GR",National Mission for Clean Ganga,616615,"Sewer Network, SPS and STP at Begusarai",230,,261.82,97,2025-04-30,2025-12-31,2010-03-08,245,1,,,1.1383,113.83,2025,2025,2010.0,Ministry of Statistics and Programme Implementation,Infrastructure and Project Monitoring Division,PAIMANA,Projects Report - Public Dashboard,March 2026,True,False
1878,Waste & Water,"Department of Water Resources, River Development & GR",National Mission for Clean Ganga,616616,"Sewer Networks, SPS and STP at Hajipur",305,,346.46,95,2025-06-30,2025-12-31,2010-03-08,184,1,,,1.1359,113.59,2025,2025,2010.0,Ministry of Statistics and Programme Implementation,Infrastructure and Project Monitoring Division,PAIMANA,Projects Report - Public Dashboard,March 2026,True,False
1879,Waste & Water,Ministry of Housing & Urban Affairs,Ministry of Housing & Urban Affairs,702764,24/7 water supply under AMRUT for Davanagere,175,,103.73,65,2023-03-31,2026-05-31,2016-11-18,1157,1,,,0.5927,59.27,2023,2026,2016.0,Ministry of Statistics and Programme Implementation,Infrastructure and Project Monitoring Division,PAIMANA,Projects Report - Public Dashboard,March 2026,True,False
1880,Waste & Water,Ministry of Housing & Urban Affairs,Ministry of Housing & Urban Affairs,702746,Augmentation and Strenghthning of Urban Water Supply Phase 1 - SAAP 3,278,,186.5,81,2023-03-31,2026-06-30,2017-02-02,1187,1,,,0.6709,67.09,2023,2026,2017.0,Ministry of Statistics and Programme Implementation,Infrastructure and Project Monitoring Division,PAIMANA,Projects Report - Public Dashboard,March 2026,True,False
1881,Waste & Water,Ministry of Housing & Urban Affairs,Ministry of Housing & Urban Affairs,702760,Belgavi Improvement in Sewerage System Project,163,,79.5,80,2023-07-31,2026-06-30,2015-12-15,1065,1,,,0.4877,48.77,2023,2026,2015.0,Ministry of Statistics and Programme Implementation,Infrastructure and Project Monitoring Division,PAIMANA,Projects Report - Public Dashboard,March 2026,True,False
1882,Waste & Water,Ministry of Housing & Urban Affairs,Ministry of Housing & Urban Affairs,702741,Dhanbad Water Supply Infrastructure Project,217,,129.16,76,2023-03-31,2026-06-30,2017-02-02,1187,1,,,0.5952,59.52,2023,2026,2017.0,Ministry of Statistics and Programme Implementation,Infrastructure and Project Monitoring Division,PAIMANA,Projects Report - Public Dashboard,March 2026,True,False
1883,Waste & Water,Ministry of Housing & Urban Affairs,Ministry of Housing & Urban Affairs,702674,"ESR - 8 nos., distribution system - 216 Km, new house service connections - 38760 nos. upgrading of feeder mains, pumping station etc. - Phase II",172,,88.86,82,2023-03-31,2026-06-30,2017-02-02,1187,1,,,0.5166,51.66,2023,2026,2017.0,Ministry of Statistics and Programme Implementation,Infrastructure and Project Monitoring Division,PAIMANA,Projects Report - Public Dashboard,March 2026,True,False
1884,Waste & Water,Ministry of Housing & Urban Affairs,Ministry of Housing & Urban Affairs,702793,Indore Water Supply Infrastructure Project,287,,252.5,99,2023-03-31,2026-05-31,2016-12-21,1157,1,,,0.8798,87.98,2023,2026,2016.0,Ministry of Statistics and Programme Implementation,Infrastructure and Project Monitoring Division,PAIMANA,Projects Report - Public Dashboard,March 2026,True,False
1885,Waste & Water,Ministry of Housing & Urban Affairs,Ministry of Housing & Urban Affairs,702798,Jabalpur Sewerage Management and Treatment Infrastructure Project,362,,332.05,100,2023-03-31,2026-06-30,2018-10-18,1187,1,,,0.9173,91.73,2023,2026,2018.0,Ministry of Statistics and Programme Implementation,Infrastructure and Project Monitoring Division,PAIMANA,Projects Report - Public Dashboard,March 2026,True,False
1886,Waste & Water,Ministry of Housing & Urban Affairs,Ministry of Housing & Urban Affairs,703021,Jalandhar Water Supply Infrastructure Project,259,266.64,161.02,58,2023-08-28,2026-06-30,2016-11-18,1037,1,7.639999999999986,2.95,0.6217,62.17,2023,2026,2016.0,Ministry of Statistics and Programme Implementation,Infrastructure and Project Monitoring Division,PAIMANA,Projects Report - Public Dashboard,March 2026,True,False
1887,Waste & Water,Ministry of Housing & Urban Affairs,Ministry of Housing & Urban Affairs,702949,Jhansi Water Supply Infrastructure Phase-II Project,562,,485.91,93,2023-07-31,2026-05-31,2017-03-15,1035,1,,,0.8646,86.46,2023,2026,2017.0,Ministry of Statistics and Programme Implementation,Infrastructure and Project Monitoring Division,PAIMANA,Projects Report - Public Dashboard,March 2026,True,False
1888,Waste & Water,Ministry of Housing & Urban Affairs,Ministry of Housing & Urban Affairs,702833,Kalyan-Dombivali Water Supply Infrastructure Project,194,,136.56,75,2023-10-31,2026-06-30,2016-07-08,973,1,,,0.7039,70.39,2023,2026,2016.0,Ministry of Statistics and Programme Implementation,Infrastructure and Project Monitoring Division,PAIMANA,Projects Report - Public Dashboard,March 2026,True,False
1889,Waste & Water,Ministry of Housing & Urban Affairs,Ministry of Housing & Urban Affairs,702840,Mira-Bhayandar Water Supply Infrastructure Project,205,,186.13,99,2023-03-31,2026-05-31,2016-11-18,1157,1,,,0.908,90.8,2023,2026,2016.0,Ministry of Statistics and Programme Implementation,Infrastructure and Project Monitoring Division,PAIMANA,Projects Report - Public Dashboard,March 2026,True,False
1890,Waste & Water,Ministry of Housing & Urban Affairs,Ministry of Housing & Urban Affairs,702699,Muzaffarpur Storm Water Drainage Phase-I Project,159,,93.35,84,2023-10-31,2026-06-30,2016-11-18,973,1,,,0.5871,58.71,2023,2026,2016.0,Ministry of Statistics and Programme Implementation,Infrastructure and Project Monitoring Division,PAIMANA,Projects Report - Public Dashboard,March 2026,True,False
1891,Waste & Water,Ministry of Housing & Urban Affairs,Ministry of Housing & Urban Affairs,703057,Patiala Water Supply Infrastructure Part-2 Project,287,,213.64,99,2023-10-31,2026-05-31,2016-11-18,943,1,,,0.7444,74.44,2023,2026,2016.0,Ministry of Statistics and Programme Implementation,Infrastructure and Project Monitoring Division,PAIMANA,Projects Report - Public Dashboard,March 2026,True,False
1892,Waste & Water,Ministry of Housing & Urban Affairs,Ministry of Housing & Urban Affairs,702851,Pune Water Supply Infrastructure Project,236,,220.77,95,2023-03-31,2026-05-31,2017-03-15,1157,1,,,0.9355,93.55,2023,2026,2017.0,Ministry of Statistics and Programme Implementation,Infrastructure and Project Monitoring Division,PAIMANA,Projects Report - Public Dashboard,March 2026,True,False
1893,Waste & Water,Ministry of Housing & Urban Affairs,Ministry of Housing & Urban Affairs,702742,SAAP-3 Water Supply Infrastructure SAAP-3 Project,159,,87.5,67,2023-10-31,2026-06-30,2017-02-02,973,1,,,0.5503,55.03,2023,2026,2017.0,Ministry of Statistics and Programme Implementation,Infrastructure and Project Monitoring Division,PAIMANA,Projects Report - Public Dashboard,March 2026,True,False
1894,Waste & Water,Ministry of Housing & Urban Affairs,Ministry of Housing & Urban Affairs,702808,Satna Sewerage Management and Treatment Infrastructure Project,192,215.89,200.32,95,2024-03-31,2026-05-31,2015-11-13,791,1,23.889999999999986,12.44,1.0433,104.33,2024,2026,2015.0,Ministry of Statistics and Programme Implementation,Infrastructure and Project Monitoring Division,PAIMANA,Projects Report - Public Dashboard,March 2026,True,False
1895,Waste & Water,Ministry of Housing & Urban Affairs,Ministry of Housing & Urban Affairs,702734,Sewerage Management Scheme Part-3 Implementation,278,,228.49,88,2023-09-30,2026-09-30,2017-03-15,1096,1,,,0.8219,82.19,2023,2026,2017.0,Ministry of Statistics and Programme Implementation,Infrastructure and Project Monitoring Division,PAIMANA,Projects Report - Public Dashboard,March 2026,True,False
1896,Waste & Water,Ministry of Housing & Urban Affairs,Ministry of Housing & Urban Affairs,702735,Sewerage Management Scheme Part-3 Implementation,213,,180.32,100,2023-03-31,2026-05-31,2017-03-15,1157,1,,,0.8466,84.66,2023,2026,2017.0,Ministry of Statistics and Programme Implementation,Infrastructure and Project Monitoring Division,PAIMANA,Projects Report - Public Dashboard,March 2026,True,False
1897,Waste & Water,Ministry of Housing & Urban Affairs,Ministry of Housing & Urban Affairs,702810,Singrauli Sewerage Management and Treatment Infrastructure Project,402,438.1,357.68,90,2023-03-31,2026-05-31,2016-05-26,1157,1,36.10000000000002,8.98,0.8898,88.98,2023,2026,2016.0,Ministry of Statistics and Programme Implementation,Infrastructure and Project Monitoring Division,PAIMANA,Projects Report - Public Dashboard,March 2026,True,False
1898,Waste & Water,Ministry of Housing & Urban Affairs,Ministry of Housing & Urban Affairs,702854,Solapur Sewerage Management Infrastructure Project,180,,172.22,98,2023-03-31,2026-05-31,2017-03-15,1157,1,,,0.9568,95.68,2023,2026,2017.0,Ministry of Statistics and Programme Implementation,Infrastructure and Project Monitoring Division,PAIMANA,Projects Report - Public Dashboard,March 2026,True,False
1901,Water Resources,"Department of Water Resources, River Development & GR",Department of water resources-MH - II,701391,Aruna Medium Irrigation Project,210,1472.14,1734.71,98,2019-12-31,2025-12-31,2009-04-01,2192,1,1262.14,601.02,8.2605,826.05,2019,2025,2009.0,Ministry of Statistics and Programme Implementation,Infrastructure and Project Monitoring Division,PAIMANA,Projects Report - Public Dashboard,March 2026,True,False
1902,Water Resources,"Department of Water Resources, River Development & GR",Water Resources-MP,400116,Bargi Diversion Project Phase - III [km. 104 to km 154],1229,1399.7,2155.66,81,2019-12-31,2026-12-31,2007-04-01,2557,1,170.70000000000005,13.89,1.754,175.4,2019,2026,2007.0,Ministry of Statistics and Programme Implementation,Infrastructure and Project Monitoring Division,PAIMANA,Projects Report - Public Dashboard,March 2026,True,False
1903,Water Resources,"Department of Water Resources, River Development & GR",Water Resources-MP,400115,Bargi Diversion Project Phase - IV [km. 154 to km 197],751,893.35,814.02,75,2019-12-31,2026-03-31,2008-04-01,2282,1,142.35000000000002,18.95,1.0839,108.39,2019,2026,2008.0,Ministry of Statistics and Programme Implementation,Infrastructure and Project Monitoring Division,PAIMANA,Projects Report - Public Dashboard,March 2026,True,False
1905,Water Resources,"Department of Water Resources, River Development & GR","Department of Water Resources, River Development & GR",701370,Borolia Irrigation Project,256,,44.7,55,2022-12-31,2026-03-31,1996-04-01,1186,1,,,0.1746,17.46,2022,2026,1996.0,Ministry of Statistics and Programme Implementation,Infrastructure and Project Monitoring Division,PAIMANA,Projects Report - Public Dashboard,March 2026,True,False
1906,Water Resources,"Department of Water Resources, River Development & GR",Department of water resources-MH - II,400095,Gosikhurd CADWM Project,744,,458.42,54,2019-12-31,2026-06-30,2017-04-01,2373,1,,,0.6162,61.62,2019,2026,2017.0,Ministry of Statistics and Programme Implementation,Infrastructure and Project Monitoring Division,PAIMANA,Projects Report - Public Dashboard,March 2026,True,False
1907,Water Resources,"Department of Water Resources, River Development & GR",Department of water resources-MH - II,701386,Gosikhurd Project,7196,12770.1,14302.6,73,2019-12-31,2028-06-30,2008-04-01,3104,1,5574.1,77.46,1.9876,198.76,2019,2028,2008.0,Ministry of Statistics and Programme Implementation,Infrastructure and Project Monitoring Division,PAIMANA,Projects Report - Public Dashboard,March 2026,True,False
1908,Water Resources,"Department of Water Resources, River Development & GR",Water Resources-AP,400101,Gundlakamma project,397,697.39,619.46,98,2019-12-31,2027-03-31,2005-04-01,2647,1,300.39,75.66,1.5604,156.04,2019,2027,2005.0,Ministry of Statistics and Programme Implementation,Infrastructure and Project Monitoring Division,PAIMANA,Projects Report - Public Dashboard,March 2026,True,False
1909,Water Resources,"Department of Water Resources, River Development & GR",Irrigation and CAD-TG,400103,Indiramma Flood Flow Canal Project,1331,5940.09,4491.08,92,2019-12-31,2026-12-31,,2557,1,4609.09,346.29,3.3742,337.42,2019,2026,,Ministry of Statistics and Programme Implementation,Infrastructure and Project Monitoring Division,PAIMANA,Projects Report - Public Dashboard,March 2026,True,False
1910,Water Resources,"Department of Water Resources, River Development & GR",Water Resources-OR,603945,Integrated Anandpur Barrage Project,567,2990.05,2776.23,63,2019-12-31,2026-06-30,1997-04-01,2373,1,2423.05,427.35,4.8963,489.63,2019,2026,1997.0,Ministry of Statistics and Programme Implementation,Infrastructure and Project Monitoring Division,PAIMANA,Projects Report - Public Dashboard,March 2026,True,False
1911,Water Resources,"Department of Water Resources, River Development & GR",Irrigation and CAD-TG,701405,J. Chokka Rao Devadula Lift Irrigation Scheme,8201,14730.0,4784.54,88,2019-12-31,2025-12-31,2006-04-01,2192,1,6529.0,79.61,0.5834,58.34,2019,2025,2006.0,Ministry of Statistics and Programme Implementation,Infrastructure and Project Monitoring Division,PAIMANA,Projects Report - Public Dashboard,March 2026,True,False
1914,Water Resources,"Department of Water Resources, River Development & GR",Irrigation and CAD-TG,701404,Kanupur Irrigation Project,989,2301.28,2804.16,80,2019-12-31,2026-06-30,2003-04-01,2373,1,1312.2800000000002,132.69,2.8353,283.53,2019,2026,2003.0,Ministry of Statistics and Programme Implementation,Infrastructure and Project Monitoring Division,PAIMANA,Projects Report - Public Dashboard,March 2026,True,False
1915,Water Resources,"Department of Water Resources, River Development & GR",Water Resources-CT,400111,Kelo Irrigation Project,460,727.04,618.85,72,2019-12-31,2026-06-30,2008-04-01,2373,1,267.03999999999996,58.05,1.3453,134.53,2019,2026,2008.0,Ministry of Statistics and Programme Implementation,Infrastructure and Project Monitoring Division,PAIMANA,Projects Report - Public Dashboard,March 2026,True,False
1917,Water Resources,"Department of Water Resources, River Development & GR","Department of Water Resources, River Development & GR",701399,Kudali Irrigation Project,382,,249.06,86,2025-12-31,2026-03-31,2009-04-01,90,1,,,0.652,65.2,2025,2026,2009.0,Ministry of Statistics and Programme Implementation,Infrastructure and Project Monitoring Division,PAIMANA,Projects Report - Public Dashboard,March 2026,True,False
1918,Water Resources,"Department of Water Resources, River Development & GR",Department of water resources-MH - II,701396,Lower Pedhi Project,256,1480.7,1516.11,65,2019-12-31,2026-06-30,2008-04-01,2373,1,1224.7,478.4,5.9223,592.23,2019,2026,2008.0,Ministry of Statistics and Programme Implementation,Infrastructure and Project Monitoring Division,PAIMANA,Projects Report - Public Dashboard,March 2026,True,False
1919,Water Resources,"Department of Water Resources, River Development & GR",Irrigation & Water Resources-UP,701408,Madhya Ganga canal Phase-II,1061,4417.21,4575.74,82,2019-12-31,2025-12-31,2008-04-01,2192,1,3356.21,316.33,4.3127,431.27,2019,2025,2008.0,Ministry of Statistics and Programme Implementation,Infrastructure and Project Monitoring Division,PAIMANA,Projects Report - Public Dashboard,March 2026,True,False
1921,Water Resources,"Department of Water Resources, River Development & GR",Department of water resources-MH - II,701398,Nardave Medium Irrigation Project,211,781.85,626.06,73,2019-12-31,2026-06-30,2009-04-01,2373,1,570.85,270.55,2.9671,296.71,2019,2026,2009.0,Ministry of Statistics and Programme Implementation,Infrastructure and Project Monitoring Division,PAIMANA,Projects Report - Public Dashboard,March 2026,True,False
1922,Water Resources,"Department of Water Resources, River Development & GR","Department of Water Resources, River Development & GR",701412,North Koel Reservoir Project,1622,2430.76,172.97,38,2021-03-31,2026-03-31,2017-08-01,1826,1,808.7600000000002,49.86,0.1066,10.66,2021,2026,2017.0,Ministry of Statistics and Programme Implementation,Infrastructure and Project Monitoring Division,PAIMANA,Projects Report - Public Dashboard,March 2026,True,False
1923,Water Resources,"Department of Water Resources, River Development & GR",Water resource-mp,400096,Omkareshwar CADWM Project,648,648.09,208.06,50,2019-12-31,2027-06-30,2017-04-01,2738,1,0.09000000000003183,0.01,0.3211,32.11,2019,2027,2017.0,Ministry of Statistics and Programme Implementation,Infrastructure and Project Monitoring Division,PAIMANA,Projects Report - Public Dashboard,March 2026,True,False
1924,Water Resources,"Department of Water Resources, River Development & GR",Water Resources-AP,701415,Polavaram Irrigation Project,10151,55548.9,26640.4,86,2022-04-30,2026-03-31,2009-01-20,1431,1,45397.9,447.23,2.6244,262.44,2022,2026,2009.0,Ministry of Statistics and Programme Implementation,Infrastructure and Project Monitoring Division,PAIMANA,Projects Report - Public Dashboard,March 2026,True,False
1925,Water Resources,"Department of Water Resources, River Development & GR",Water Resources-BR,400104,Punpun Barrage Project,571,658.12,447.68,44,2019-12-31,2026-03-31,2007-04-01,2282,1,87.12,15.26,0.784,78.4,2019,2026,2007.0,Ministry of Statistics and Programme Implementation,Infrastructure and Project Monitoring Division,PAIMANA,Projects Report - Public Dashboard,March 2026,True,False
1926,Water Resources,"Department of Water Resources, River Development & GR",Department of water resources-MH - II,400109,Purna Barrage-2 [Ner Dhamana] Medium Irrigation Project,848,888.43,690.49,70,2020-06-30,2026-06-30,2017-04-01,2191,1,40.42999999999995,4.77,0.8143,81.43,2020,2026,2017.0,Ministry of Statistics and Programme Implementation,Infrastructure and Project Monitoring Division,PAIMANA,Projects Report - Public Dashboard,March 2026,True,False
1927,Water Resources,"Department of Water Resources, River Development & GR",Irrigation and CAD-TG,701406,Rajiv Bhima Lift Irrigation Scheme,1402,2509.66,1839.76,100,2019-12-31,2026-03-31,2007-04-01,2282,1,1107.6599999999999,79.01,1.3122,131.22,2019,2026,2007.0,Ministry of Statistics and Programme Implementation,Infrastructure and Project Monitoring Division,PAIMANA,Projects Report - Public Dashboard,March 2026,True,False
1928,Water Resources,"Department of Water Resources, River Development & GR",Department of Water Resources-PB,701410,Relining of Rajasthan feeder and Sirhind Feeder canal,1441,2462.16,2201.29,85,2021-06-30,2026-06-30,2016-02-03,1826,1,1021.1599999999999,70.86,1.5276,152.76,2021,2026,2016.0,Ministry of Statistics and Programme Implementation,Infrastructure and Project Monitoring Division,PAIMANA,Projects Report - Public Dashboard,March 2026,True,False
1929,Water Resources,"Department of Water Resources, River Development & GR",Water Resources-AP,400100,Sardar Gouthu Latchanna Thotapalli Barrage Project,353,1023.24,872.65,96,2019-12-31,2026-06-30,2005-04-01,2373,1,670.24,189.87,2.4721,247.21,2019,2026,2005.0,Ministry of Statistics and Programme Implementation,Infrastructure and Project Monitoring Division,PAIMANA,Projects Report - Public Dashboard,March 2026,True,False
1930,Water Resources,"Department of Water Resources, River Development & GR","Narmada and Water Resources, Water Supply and Kalpsar Department-GJ",400097,Sardar Sarovar CADWM Project,5022,6670.31,4956.98,90,2019-12-31,2026-03-31,2017-04-01,2282,1,1648.3100000000004,32.82,0.9871,98.71,2019,2026,2017.0,Ministry of Statistics and Programme Implementation,Infrastructure and Project Monitoring Division,PAIMANA,Projects Report - Public Dashboard,March 2026,True,False
1931,Water Resources,"Department of Water Resources, River Development & GR","Narmada and Water Resources, Water Supply and Kalpsar Department-GJ",701372,Sardar Sarovar Project,20718,33412.5,31860.9,94,2019-12-31,2026-03-31,1996-04-01,2282,1,12694.5,61.27,1.5378,153.78,2019,2026,1996.0,Ministry of Statistics and Programme Implementation,Infrastructure and Project Monitoring Division,PAIMANA,Projects Report - Public Dashboard,March 2026,True,False
1932,Water Resources,"Department of Water Resources, River Development & GR",Irrigation & Water Resources-UP,400093,Saryu Nahar CADWM Project,1673,,22.24,2,2019-12-31,2026-03-31,2017-04-01,2282,1,,,0.0133,1.33,2019,2026,2017.0,Ministry of Statistics and Programme Implementation,Infrastructure and Project Monitoring Division,PAIMANA,Projects Report - Public Dashboard,March 2026,True,False
1933,Water Resources,"Department of Water Resources, River Development & GR",Department of Water Resources-PB,701411,Shahpur Kandi Dam Project,2286,2715.7,2201.94,88,2022-06-30,2026-06-30,2010-02-08,1461,1,429.6999999999998,18.8,0.9632,96.32,2022,2026,2010.0,Ministry of Statistics and Programme Implementation,Infrastructure and Project Monitoring Division,PAIMANA,Projects Report - Public Dashboard,March 2026,True,False
1934,Water Resources,"Department of Water Resources, River Development & GR",Irrigation and CAD-TG,400102,Sri Ram Sagar Project Stage - II,736,949.87,971.47,97,2019-12-31,2025-12-31,,2192,1,213.87,29.06,1.3199,131.99,2019,2025,,Ministry of Statistics and Programme Implementation,Infrastructure and Project Monitoring Division,PAIMANA,Projects Report - Public Dashboard,March 2026,True,False
1935,Water Resources,"Department of Water Resources, River Development & GR",Department of Water Resources-JH,701376,"Subernarekha Multipurpose Project, Jharkhand",3808,9579.58,5999.8,70,2019-12-31,2026-03-31,2011-04-01,2282,1,5771.58,151.56,1.5756,157.56,2019,2026,2011.0,Ministry of Statistics and Programme Implementation,Infrastructure and Project Monitoring Division,PAIMANA,Projects Report - Public Dashboard,March 2026,True,False
1936,Water Resources,"Department of Water Resources, River Development & GR","Department of Water Resources, River Development & GR",701402,"Subernarekha Project, Odisha",3056,7023.19,8060.82,96,2019-12-31,2026-03-31,,2282,1,3967.1899999999996,129.82,2.6377,263.77,2019,2026,,Ministry of Statistics and Programme Implementation,Infrastructure and Project Monitoring Division,PAIMANA,Projects Report - Public Dashboard,March 2026,True,False
1937,Water Resources,"Department of Water Resources, River Development & GR",Department of water resources-MH - II,400107,Sulwade-Jamphal-Kanoli Lift Irrigation Scheme,2408,,2778.84,81,2023-06-30,2027-06-30,2017-04-01,1461,1,,,1.154,115.4,2023,2027,2017.0,Ministry of Statistics and Programme Implementation,Infrastructure and Project Monitoring Division,PAIMANA,Projects Report - Public Dashboard,March 2026,True,False
1938,Water Resources,"Department of Water Resources, River Development & GR",Water Resources Department-MN,701400,Thoubal Multipurpose Project,1449,1822.24,1837.91,99,2019-12-31,2026-03-31,1997-04-01,2282,1,373.24,25.76,1.2684,126.84,2019,2026,1997.0,Ministry of Statistics and Programme Implementation,Infrastructure and Project Monitoring Division,PAIMANA,Projects Report - Public Dashboard,March 2026,True,False
1939,Water Resources,"Department of Water Resources, River Development & GR",Water Resources-KA,701377,Upper Tunga Irrigation Project,770,1606.07,1515.6,99,2019-12-31,2026-03-31,2014-04-01,2282,1,836.0699999999999,108.58,1.9683,196.83,2019,2026,2014.0,Ministry of Statistics and Programme Implementation,Infrastructure and Project Monitoring Division,PAIMANA,Projects Report - Public Dashboard,March 2026,True,False
1940,Water Resources,"Department of Water Resources, River Development & GR",Department of water resources-MH - II,400105,Urmodi Irrigation Project,581,895.81,713.46,76,2022-06-30,2026-12-31,2017-04-01,1645,1,314.80999999999995,54.18,1.228,122.8,2022,2026,2017.0,Ministry of Statistics and Programme Implementation,Infrastructure and Project Monitoring Division,PAIMANA,Projects Report - Public Dashboard,March 2026,True,False
1941,Water Resources,"Department of Water Resources, River Development & GR",Department of water resources-MH - II,701383,Waghur Project,1059,1758.51,1634.21,90,2019-12-31,2026-03-31,1996-04-01,2282,1,699.51,66.05,1.5432,154.32,2019,2026,1996.0,Ministry of Statistics and Programme Implementation,Infrastructure and Project Monitoring Division,PAIMANA,Projects Report - Public Dashboard,March 2026,True,False
